<?xml version="1.0" encoding="UTF-8"?>
<gpx creator="StravaGPX" version="1.1" xmlns="http://www.topografix.com/GPX/1/1" xmlns:xsi="http://www.w3.org/2001/XMLSchema-instance" xsi:schemaLocation="http://www.topografix.com/GPX/1/1 http://www.topografix.com/GPX/1/1/gpx.xsd">
 <metadata>
  <name>Odenwald-Diplom</name>
  <author>
   <name>Frank Gabel</name>
   <link href="https://www.strava.com/athletes/28834343"/>
  </author>
  <copyright author="OpenStreetMap contributors">
   <year>2020</year>
   <license>https://www.openstreetmap.org/copyright</license>
  </copyright>
  <link href="https://www.strava.com/routes/3535251807044864346"/>
 </metadata>
 <trk>
  <name>Odenwald-Diplom</name>
  <link href="https://www.strava.com/routes/3535251807044864346"/>
  <type>cycling</type>
  <trkseg>
   <trkpt lat="49.41335" lon="8.692250000000001">
    <ele>111.18</ele>
   </trkpt>
   <trkpt lat="49.41333" lon="8.69157">
    <ele>111.23</ele>
   </trkpt>
   <trkpt lat="49.413340000000005" lon="8.69139">
    <ele>111.42</ele>
   </trkpt>
   <trkpt lat="49.41382" lon="8.69125">
    <ele>113.43</ele>
   </trkpt>
   <trkpt lat="49.41384000000001" lon="8.692210000000001">
    <ele>117.39</ele>
   </trkpt>
   <trkpt lat="49.41454666674355" lon="8.692156668198436">
    <ele>117.47</ele>
   </trkpt>
   <trkpt lat="49.415253333462566" lon="8.692103334861178">
    <ele>117.61</ele>
   </trkpt>
   <trkpt lat="49.415960000000005" lon="8.69205">
    <ele>117.87000000000002</ele>
   </trkpt>
   <trkpt lat="49.41645000015575" lon="8.692025000241784">
    <ele>118.10000000000001</ele>
   </trkpt>
   <trkpt lat="49.416940000000004" lon="8.692">
    <ele>118.31000000000002</ele>
   </trkpt>
   <trkpt lat="49.417120000000004" lon="8.691970000000001">
    <ele>118.41000000000001</ele>
   </trkpt>
   <trkpt lat="49.41723" lon="8.691930000000001">
    <ele>118.44</ele>
   </trkpt>
   <trkpt lat="49.41770500121933" lon="8.691430004690378">
    <ele>118.03</ele>
   </trkpt>
   <trkpt lat="49.41818000000001" lon="8.690930000000002">
    <ele>117.70000000000002</ele>
   </trkpt>
   <trkpt lat="49.41841" lon="8.69091">
    <ele>117.97</ele>
   </trkpt>
   <trkpt lat="49.419090000000004" lon="8.690620000000001">
    <ele>117.77000000000001</ele>
   </trkpt>
   <trkpt lat="49.419360000000005" lon="8.69039">
    <ele>117.43</ele>
   </trkpt>
   <trkpt lat="49.419830000000005" lon="8.69012">
    <ele>117.45000000000002</ele>
   </trkpt>
   <trkpt lat="49.42051000000001" lon="8.68965">
    <ele>117.67</ele>
   </trkpt>
   <trkpt lat="49.421310000000005" lon="8.689250000000001">
    <ele>118.02000000000001</ele>
   </trkpt>
   <trkpt lat="49.421420000000005" lon="8.68926">
    <ele>118.37</ele>
   </trkpt>
   <trkpt lat="49.42203000000001" lon="8.68903">
    <ele>118.69</ele>
   </trkpt>
   <trkpt lat="49.422140000000006" lon="8.68898">
    <ele>118.35000000000001</ele>
   </trkpt>
   <trkpt lat="49.42219" lon="8.68885">
    <ele>118.35000000000001</ele>
   </trkpt>
   <trkpt lat="49.42298000047971" lon="8.68850000565643">
    <ele>118.06000000000002</ele>
   </trkpt>
   <trkpt lat="49.423770000000005" lon="8.68815">
    <ele>117.88000000000001</ele>
   </trkpt>
   <trkpt lat="49.424200000000006" lon="8.687940000000001">
    <ele>117.78</ele>
   </trkpt>
   <trkpt lat="49.424330000000005" lon="8.687840000000001">
    <ele>117.91000000000001</ele>
   </trkpt>
   <trkpt lat="49.424420000000005" lon="8.68772">
    <ele>117.91000000000001</ele>
   </trkpt>
   <trkpt lat="49.424490000000006" lon="8.68783">
    <ele>118.01</ele>
   </trkpt>
   <trkpt lat="49.424780000000005" lon="8.687750000000001">
    <ele>118.08</ele>
   </trkpt>
   <trkpt lat="49.42545500039303" lon="8.687430004425366">
    <ele>118.10000000000001</ele>
   </trkpt>
   <trkpt lat="49.42613" lon="8.68711">
    <ele>118.31000000000002</ele>
   </trkpt>
   <trkpt lat="49.426260000000006" lon="8.68703">
    <ele>118.52000000000001</ele>
   </trkpt>
   <trkpt lat="49.4264" lon="8.68698">
    <ele>118.52000000000001</ele>
   </trkpt>
   <trkpt lat="49.42691500012004" lon="8.686750002462551">
    <ele>118.78</ele>
   </trkpt>
   <trkpt lat="49.42743" lon="8.686520000000002">
    <ele>119.32000000000001</ele>
   </trkpt>
   <trkpt lat="49.427780000000006" lon="8.686340000000001">
    <ele>119.86</ele>
   </trkpt>
   <trkpt lat="49.42788" lon="8.68674">
    <ele>120.38000000000001</ele>
   </trkpt>
   <trkpt lat="49.428340000000006" lon="8.68655">
    <ele>120.44</ele>
   </trkpt>
   <trkpt lat="49.42851" lon="8.68645">
    <ele>120.62</ele>
   </trkpt>
   <trkpt lat="49.42855" lon="8.686390000000001">
    <ele>120.84</ele>
   </trkpt>
   <trkpt lat="49.42857" lon="8.686300000000001">
    <ele>120.92000000000002</ele>
   </trkpt>
   <trkpt lat="49.428630000000005" lon="8.68595">
    <ele>121.3</ele>
   </trkpt>
   <trkpt lat="49.42916" lon="8.685730000000001">
    <ele>122.67000000000002</ele>
   </trkpt>
   <trkpt lat="49.4298450010985" lon="8.685215007224976">
    <ele>123.25000000000001</ele>
   </trkpt>
   <trkpt lat="49.430530000000005" lon="8.684700000000001">
    <ele>122.15</ele>
   </trkpt>
   <trkpt lat="49.430800000000005" lon="8.68454">
    <ele>121.49000000000001</ele>
   </trkpt>
   <trkpt lat="49.43156333375315" lon="8.684316673620353">
    <ele>121.14000000000001</ele>
   </trkpt>
   <trkpt lat="49.43232666707625" lon="8.684093340290152">
    <ele>119.8</ele>
   </trkpt>
   <trkpt lat="49.43309000000001" lon="8.68387">
    <ele>118.25</ele>
   </trkpt>
   <trkpt lat="49.43325" lon="8.68387">
    <ele>118.12</ele>
   </trkpt>
   <trkpt lat="49.433350000000004" lon="8.683520000000001">
    <ele>117.63000000000001</ele>
   </trkpt>
   <trkpt lat="49.43336000000001" lon="8.683290000000001">
    <ele>117.32000000000001</ele>
   </trkpt>
   <trkpt lat="49.4335" lon="8.683290000000001">
    <ele>117.03</ele>
   </trkpt>
   <trkpt lat="49.43406" lon="8.68335">
    <ele>117.66000000000001</ele>
   </trkpt>
   <trkpt lat="49.43413" lon="8.6834">
    <ele>117.66000000000001</ele>
   </trkpt>
   <trkpt lat="49.43419" lon="8.683300000000001">
    <ele>117.66000000000001</ele>
   </trkpt>
   <trkpt lat="49.43444" lon="8.68322">
    <ele>117.56</ele>
   </trkpt>
   <trkpt lat="49.43489" lon="8.68304">
    <ele>117.05000000000001</ele>
   </trkpt>
   <trkpt lat="49.43549" lon="8.68274">
    <ele>116.15</ele>
   </trkpt>
   <trkpt lat="49.43569" lon="8.6826">
    <ele>115.54</ele>
   </trkpt>
   <trkpt lat="49.43596" lon="8.68237">
    <ele>115.54</ele>
   </trkpt>
   <trkpt lat="49.4366166682897" lon="8.681936678267942">
    <ele>113.75</ele>
   </trkpt>
   <trkpt lat="49.437273334960395" lon="8.681503344932157">
    <ele>113.98</ele>
   </trkpt>
   <trkpt lat="49.43793" lon="8.68107">
    <ele>115.30000000000001</ele>
   </trkpt>
   <trkpt lat="49.438100000000006" lon="8.68098">
    <ele>115.60000000000001</ele>
   </trkpt>
   <trkpt lat="49.438210000000005" lon="8.680940000000001">
    <ele>115.60000000000001</ele>
   </trkpt>
   <trkpt lat="49.438460000000006" lon="8.680890000000002">
    <ele>116.91000000000001</ele>
   </trkpt>
   <trkpt lat="49.43906500039856" lon="8.68066000277262">
    <ele>117.82000000000001</ele>
   </trkpt>
   <trkpt lat="49.43967000000001" lon="8.680430000000001">
    <ele>118.01</ele>
   </trkpt>
   <trkpt lat="49.44019" lon="8.680100000000001">
    <ele>117.60000000000001</ele>
   </trkpt>
   <trkpt lat="49.44066" lon="8.679860000000001">
    <ele>117.11</ele>
   </trkpt>
   <trkpt lat="49.441050000000004" lon="8.6797">
    <ele>116.75</ele>
   </trkpt>
   <trkpt lat="49.44164000021603" lon="8.679526670850377">
    <ele>116.5</ele>
   </trkpt>
   <trkpt lat="49.44223000017304" lon="8.67935333752974">
    <ele>117.20000000000002</ele>
   </trkpt>
   <trkpt lat="49.442820000000005" lon="8.67918">
    <ele>118.67000000000002</ele>
   </trkpt>
   <trkpt lat="49.443090000000005" lon="8.67913">
    <ele>119.36</ele>
   </trkpt>
   <trkpt lat="49.44337" lon="8.67914">
    <ele>119.48</ele>
   </trkpt>
   <trkpt lat="49.443560000000005" lon="8.679110000000001">
    <ele>119.77000000000001</ele>
   </trkpt>
   <trkpt lat="49.44386" lon="8.67901">
    <ele>119.77000000000001</ele>
   </trkpt>
   <trkpt lat="49.44454" lon="8.67866">
    <ele>120.8</ele>
   </trkpt>
   <trkpt lat="49.44462000000001" lon="8.678640000000001">
    <ele>121.00000000000001</ele>
   </trkpt>
   <trkpt lat="49.444700000000005" lon="8.67863">
    <ele>121.25000000000001</ele>
   </trkpt>
   <trkpt lat="49.444860000000006" lon="8.67872">
    <ele>122.12</ele>
   </trkpt>
   <trkpt lat="49.444900000000004" lon="8.67876">
    <ele>122.12</ele>
   </trkpt>
   <trkpt lat="49.44494" lon="8.67877">
    <ele>122.12</ele>
   </trkpt>
   <trkpt lat="49.44511000000001" lon="8.67873">
    <ele>122.54</ele>
   </trkpt>
   <trkpt lat="49.44594000000001" lon="8.6783">
    <ele>123.22000000000001</ele>
   </trkpt>
   <trkpt lat="49.445715006960185" lon="8.677029994212193">
    <ele>116.83</ele>
   </trkpt>
   <trkpt lat="49.44549000000001" lon="8.67576">
    <ele>114.5</ele>
   </trkpt>
   <trkpt lat="49.44548" lon="8.67548">
    <ele>114.5</ele>
   </trkpt>
   <trkpt lat="49.44604500079295" lon="8.675065004745308">
    <ele>114.65000000000002</ele>
   </trkpt>
   <trkpt lat="49.44661000000001" lon="8.674650000000002">
    <ele>115.04</ele>
   </trkpt>
   <trkpt lat="49.447230000000005" lon="8.67417">
    <ele>115.60000000000001</ele>
   </trkpt>
   <trkpt lat="49.447795000859394" lon="8.673720005196863">
    <ele>116.42</ele>
   </trkpt>
   <trkpt lat="49.44836" lon="8.67327">
    <ele>117.35000000000001</ele>
   </trkpt>
   <trkpt lat="49.448915000974324" lon="8.672795005376061">
    <ele>118.43</ele>
   </trkpt>
   <trkpt lat="49.449470000000005" lon="8.672320000000001">
    <ele>119.08</ele>
   </trkpt>
   <trkpt lat="49.449690000000004" lon="8.673020000000001">
    <ele>122.18</ele>
   </trkpt>
   <trkpt lat="49.4498" lon="8.67346">
    <ele>126.28</ele>
   </trkpt>
   <trkpt lat="49.44981000000001" lon="8.67417">
    <ele>131.26000000000002</ele>
   </trkpt>
   <trkpt lat="49.449850000000005" lon="8.674750000000001">
    <ele>134.0</ele>
   </trkpt>
   <trkpt lat="49.449870000000004" lon="8.67557">
    <ele>136.70000000000002</ele>
   </trkpt>
   <trkpt lat="49.449870000000004" lon="8.67556">
    <ele>136.70000000000002</ele>
   </trkpt>
   <trkpt lat="49.449980000000004" lon="8.676720000000001">
    <ele>141.23000000000002</ele>
   </trkpt>
   <trkpt lat="49.449980000000004" lon="8.676730000000001">
    <ele>141.28</ele>
   </trkpt>
   <trkpt lat="49.45002" lon="8.677100000000001">
    <ele>143.19</ele>
   </trkpt>
   <trkpt lat="49.450035004983334" lon="8.678174999790965">
    <ele>147.52</ele>
   </trkpt>
   <trkpt lat="49.450050000000005" lon="8.679250000000001">
    <ele>151.84</ele>
   </trkpt>
   <trkpt lat="49.450160000000004" lon="8.67997">
    <ele>154.74</ele>
   </trkpt>
   <trkpt lat="49.45029" lon="8.68106">
    <ele>156.0</ele>
   </trkpt>
   <trkpt lat="49.45026000000001" lon="8.681270000000001">
    <ele>156.48000000000002</ele>
   </trkpt>
   <trkpt lat="49.450300000000006" lon="8.68199">
    <ele>159.74</ele>
   </trkpt>
   <trkpt lat="49.45049" lon="8.68332">
    <ele>170.61</ele>
   </trkpt>
   <trkpt lat="49.450520000000004" lon="8.68382">
    <ele>172.42000000000002</ele>
   </trkpt>
   <trkpt lat="49.450546678945116" lon="8.68501333207866">
    <ele>177.98000000000002</ele>
   </trkpt>
   <trkpt lat="49.45057334561277" lon="8.68620666545593">
    <ele>183.45</ele>
   </trkpt>
   <trkpt lat="49.4506" lon="8.6874">
    <ele>191.60999999999999</ele>
   </trkpt>
   <trkpt lat="49.450540000000004" lon="8.687470000000001">
    <ele>192.60000000000002</ele>
   </trkpt>
   <trkpt lat="49.450480000000006" lon="8.68749">
    <ele>192.60000000000002</ele>
   </trkpt>
   <trkpt lat="49.45042" lon="8.68748">
    <ele>192.9</ele>
   </trkpt>
   <trkpt lat="49.450340000000004" lon="8.68739">
    <ele>194.62</ele>
   </trkpt>
   <trkpt lat="49.450300000000006" lon="8.687180000000001">
    <ele>195.41000000000003</ele>
   </trkpt>
   <trkpt lat="49.450250000000004" lon="8.686430000000001">
    <ele>198.18</ele>
   </trkpt>
   <trkpt lat="49.45018" lon="8.68589">
    <ele>202.52</ele>
   </trkpt>
   <trkpt lat="49.449980000000004" lon="8.68491">
    <ele>209.82</ele>
   </trkpt>
   <trkpt lat="49.44964" lon="8.683910000000001">
    <ele>219.37</ele>
   </trkpt>
   <trkpt lat="49.449270000000006" lon="8.68313">
    <ele>225.33</ele>
   </trkpt>
   <trkpt lat="49.44924" lon="8.683100000000001">
    <ele>225.33</ele>
   </trkpt>
   <trkpt lat="49.449200000000005" lon="8.68309">
    <ele>225.33</ele>
   </trkpt>
   <trkpt lat="49.44917" lon="8.683110000000001">
    <ele>225.33</ele>
   </trkpt>
   <trkpt lat="49.44914000000001" lon="8.683200000000001">
    <ele>226.26000000000002</ele>
   </trkpt>
   <trkpt lat="49.449180000000005" lon="8.68332">
    <ele>227.15</ele>
   </trkpt>
   <trkpt lat="49.44928" lon="8.68351">
    <ele>227.15</ele>
   </trkpt>
   <trkpt lat="49.44932000000001" lon="8.68365">
    <ele>227.15</ele>
   </trkpt>
   <trkpt lat="49.449380000000005" lon="8.68416">
    <ele>234.60000000000002</ele>
   </trkpt>
   <trkpt lat="49.449470000000005" lon="8.68537">
    <ele>242.15000000000003</ele>
   </trkpt>
   <trkpt lat="49.449470000000005" lon="8.68572">
    <ele>242.15000000000003</ele>
   </trkpt>
   <trkpt lat="49.44939500717696" lon="8.6870100019158">
    <ele>252.03000000000003</ele>
   </trkpt>
   <trkpt lat="49.44932000000001" lon="8.6883">
    <ele>261.34000000000003</ele>
   </trkpt>
   <trkpt lat="49.449270000000006" lon="8.68889">
    <ele>265.79</ele>
   </trkpt>
   <trkpt lat="49.44917" lon="8.68985">
    <ele>273.29</ele>
   </trkpt>
   <trkpt lat="49.44917" lon="8.690050000000001">
    <ele>273.29</ele>
   </trkpt>
   <trkpt lat="49.44919" lon="8.69017">
    <ele>277.0</ele>
   </trkpt>
   <trkpt lat="49.449290000000005" lon="8.690370000000001">
    <ele>277.0</ele>
   </trkpt>
   <trkpt lat="49.449510000000004" lon="8.69053">
    <ele>280.6</ele>
   </trkpt>
   <trkpt lat="49.44964" lon="8.690660000000001">
    <ele>282.35</ele>
   </trkpt>
   <trkpt lat="49.449690000000004" lon="8.69077">
    <ele>282.35</ele>
   </trkpt>
   <trkpt lat="49.44971" lon="8.69087">
    <ele>283.27000000000004</ele>
   </trkpt>
   <trkpt lat="49.44968" lon="8.690940000000001">
    <ele>283.27000000000004</ele>
   </trkpt>
   <trkpt lat="49.449630000000006" lon="8.69097">
    <ele>285.48</ele>
   </trkpt>
   <trkpt lat="49.44955" lon="8.69092">
    <ele>285.48</ele>
   </trkpt>
   <trkpt lat="49.44948" lon="8.690850000000001">
    <ele>287.04</ele>
   </trkpt>
   <trkpt lat="49.449380000000005" lon="8.69082">
    <ele>288.03000000000003</ele>
   </trkpt>
   <trkpt lat="49.449070000000006" lon="8.69095">
    <ele>291.75</ele>
   </trkpt>
   <trkpt lat="49.44896000000001" lon="8.69096">
    <ele>292.78000000000003</ele>
   </trkpt>
   <trkpt lat="49.44885000000001" lon="8.690890000000001">
    <ele>294.92</ele>
   </trkpt>
   <trkpt lat="49.44865" lon="8.690700000000001">
    <ele>295.92</ele>
   </trkpt>
   <trkpt lat="49.44856" lon="8.690650000000002">
    <ele>297.79</ele>
   </trkpt>
   <trkpt lat="49.44829000000001" lon="8.690620000000001">
    <ele>301.29</ele>
   </trkpt>
   <trkpt lat="49.44818" lon="8.690570000000001">
    <ele>301.29</ele>
   </trkpt>
   <trkpt lat="49.448100000000004" lon="8.69048">
    <ele>303.52</ele>
   </trkpt>
   <trkpt lat="49.448010000000004" lon="8.6902">
    <ele>305.27000000000004</ele>
   </trkpt>
   <trkpt lat="49.447970000000005" lon="8.690140000000001">
    <ele>305.27000000000004</ele>
   </trkpt>
   <trkpt lat="49.44792" lon="8.69013">
    <ele>305.64000000000004</ele>
   </trkpt>
   <trkpt lat="49.44787" lon="8.6902">
    <ele>306.01</ele>
   </trkpt>
   <trkpt lat="49.447860000000006" lon="8.69027">
    <ele>306.15000000000003</ele>
   </trkpt>
   <trkpt lat="49.447880000000005" lon="8.6904">
    <ele>307.09000000000003</ele>
   </trkpt>
   <trkpt lat="49.44798" lon="8.69077">
    <ele>308.56</ele>
   </trkpt>
   <trkpt lat="49.44805" lon="8.69092">
    <ele>309.23</ele>
   </trkpt>
   <trkpt lat="49.448240000000006" lon="8.69121">
    <ele>311.84</ele>
   </trkpt>
   <trkpt lat="49.448310000000006" lon="8.691360000000001">
    <ele>313.64000000000004</ele>
   </trkpt>
   <trkpt lat="49.448350000000005" lon="8.69153">
    <ele>313.64000000000004</ele>
   </trkpt>
   <trkpt lat="49.44838000000001" lon="8.69186">
    <ele>315.75</ele>
   </trkpt>
   <trkpt lat="49.448420000000006" lon="8.691980000000001">
    <ele>315.75</ele>
   </trkpt>
   <trkpt lat="49.44849000000001" lon="8.69208">
    <ele>317.21000000000004</ele>
   </trkpt>
   <trkpt lat="49.44874" lon="8.69227">
    <ele>318.37000000000006</ele>
   </trkpt>
   <trkpt lat="49.44885000000001" lon="8.69242">
    <ele>320.8</ele>
   </trkpt>
   <trkpt lat="49.448980000000006" lon="8.692720000000001">
    <ele>322.78000000000003</ele>
   </trkpt>
   <trkpt lat="49.449040000000004" lon="8.69304">
    <ele>324.40000000000003</ele>
   </trkpt>
   <trkpt lat="49.44906" lon="8.69354">
    <ele>328.66</ele>
   </trkpt>
   <trkpt lat="49.449020000000004" lon="8.693800000000001">
    <ele>328.66</ele>
   </trkpt>
   <trkpt lat="49.448800000000006" lon="8.69458">
    <ele>331.64000000000004</ele>
   </trkpt>
   <trkpt lat="49.448530000000005" lon="8.695810000000002">
    <ele>340.92</ele>
   </trkpt>
   <trkpt lat="49.448350000000005" lon="8.696850000000001">
    <ele>347.83000000000004</ele>
   </trkpt>
   <trkpt lat="49.448260000000005" lon="8.69753">
    <ele>350.84000000000003</ele>
   </trkpt>
   <trkpt lat="49.44820000000001" lon="8.69827">
    <ele>356.02</ele>
   </trkpt>
   <trkpt lat="49.44820000000001" lon="8.698440000000002">
    <ele>356.02</ele>
   </trkpt>
   <trkpt lat="49.448240000000006" lon="8.698770000000001">
    <ele>357.09000000000003</ele>
   </trkpt>
   <trkpt lat="49.448310000000006" lon="8.69893">
    <ele>359.15000000000003</ele>
   </trkpt>
   <trkpt lat="49.448600000000006" lon="8.69937">
    <ele>361.69</ele>
   </trkpt>
   <trkpt lat="49.44905000000001" lon="8.699910000000001">
    <ele>366.61</ele>
   </trkpt>
   <trkpt lat="49.44921" lon="8.70024">
    <ele>368.55</ele>
   </trkpt>
   <trkpt lat="49.4493" lon="8.700510000000001">
    <ele>370.79</ele>
   </trkpt>
   <trkpt lat="49.44941000000001" lon="8.701070000000001">
    <ele>373.97</ele>
   </trkpt>
   <trkpt lat="49.449490000000004" lon="8.70184">
    <ele>377.70000000000005</ele>
   </trkpt>
   <trkpt lat="49.449490000000004" lon="8.702530000000001">
    <ele>381.16</ele>
   </trkpt>
   <trkpt lat="49.44946" lon="8.703100000000001">
    <ele>384.46000000000004</ele>
   </trkpt>
   <trkpt lat="49.449400000000004" lon="8.70363">
    <ele>387.47</ele>
   </trkpt>
   <trkpt lat="49.449380000000005" lon="8.704260000000001">
    <ele>390.77</ele>
   </trkpt>
   <trkpt lat="49.449400000000004" lon="8.70471">
    <ele>394.32000000000005</ele>
   </trkpt>
   <trkpt lat="49.449450000000006" lon="8.70524">
    <ele>396.56</ele>
   </trkpt>
   <trkpt lat="49.44955" lon="8.705720000000001">
    <ele>399.41</ele>
   </trkpt>
   <trkpt lat="49.44971" lon="8.706050000000001">
    <ele>401.76</ele>
   </trkpt>
   <trkpt lat="49.45028000000001" lon="8.706980000000001">
    <ele>406.31000000000006</ele>
   </trkpt>
   <trkpt lat="49.450450000000004" lon="8.707320000000001">
    <ele>410.35</ele>
   </trkpt>
   <trkpt lat="49.450810000000004" lon="8.70777">
    <ele>411.46000000000004</ele>
   </trkpt>
   <trkpt lat="49.451100000000004" lon="8.70824">
    <ele>417.97</ele>
   </trkpt>
   <trkpt lat="49.45134" lon="8.70875">
    <ele>420.49</ele>
   </trkpt>
   <trkpt lat="49.451640000000005" lon="8.709560000000002">
    <ele>424.72</ele>
   </trkpt>
   <trkpt lat="49.45181" lon="8.709760000000001">
    <ele>427.43</ele>
   </trkpt>
   <trkpt lat="49.45206" lon="8.70996">
    <ele>430.86</ele>
   </trkpt>
   <trkpt lat="49.4525" lon="8.71035">
    <ele>433.6700000000001</ele>
   </trkpt>
   <trkpt lat="49.45268" lon="8.71043">
    <ele>436.26000000000005</ele>
   </trkpt>
   <trkpt lat="49.452960000000004" lon="8.710450000000002">
    <ele>438.21000000000004</ele>
   </trkpt>
   <trkpt lat="49.45335000000001" lon="8.710410000000001">
    <ele>441.39000000000004</ele>
   </trkpt>
   <trkpt lat="49.45351" lon="8.71034">
    <ele>441.39000000000004</ele>
   </trkpt>
   <trkpt lat="49.45365" lon="8.71025">
    <ele>444.26000000000005</ele>
   </trkpt>
   <trkpt lat="49.45387" lon="8.71002">
    <ele>447.70000000000005</ele>
   </trkpt>
   <trkpt lat="49.45443" lon="8.709290000000001">
    <ele>453.48</ele>
   </trkpt>
   <trkpt lat="49.454640000000005" lon="8.709090000000002">
    <ele>455.47</ele>
   </trkpt>
   <trkpt lat="49.45472" lon="8.70904">
    <ele>455.47</ele>
   </trkpt>
   <trkpt lat="49.45483" lon="8.70902">
    <ele>457.36</ele>
   </trkpt>
   <trkpt lat="49.45497" lon="8.70904">
    <ele>457.36</ele>
   </trkpt>
   <trkpt lat="49.4551" lon="8.709100000000001">
    <ele>459.75000000000006</ele>
   </trkpt>
   <trkpt lat="49.45521" lon="8.70918">
    <ele>459.75000000000006</ele>
   </trkpt>
   <trkpt lat="49.455310000000004" lon="8.70932">
    <ele>461.59000000000003</ele>
   </trkpt>
   <trkpt lat="49.455420000000004" lon="8.709520000000001">
    <ele>463.02000000000004</ele>
   </trkpt>
   <trkpt lat="49.4555" lon="8.709750000000001">
    <ele>464.15000000000003</ele>
   </trkpt>
   <trkpt lat="49.45555" lon="8.71">
    <ele>464.15000000000003</ele>
   </trkpt>
   <trkpt lat="49.45557" lon="8.71026">
    <ele>466.87000000000006</ele>
   </trkpt>
   <trkpt lat="49.45555" lon="8.711250000000001">
    <ele>472.37</ele>
   </trkpt>
   <trkpt lat="49.45557" lon="8.71237">
    <ele>479.06000000000006</ele>
   </trkpt>
   <trkpt lat="49.45559" lon="8.71259">
    <ele>479.06000000000006</ele>
   </trkpt>
   <trkpt lat="49.45576000264993" lon="8.713379997072362">
    <ele>485.13000000000005</ele>
   </trkpt>
   <trkpt lat="49.45593" lon="8.714170000000001">
    <ele>488.95000000000005</ele>
   </trkpt>
   <trkpt lat="49.455980000000004" lon="8.71441">
    <ele>490.38000000000005</ele>
   </trkpt>
   <trkpt lat="49.455980000000004" lon="8.714590000000001">
    <ele>491.53000000000003</ele>
   </trkpt>
   <trkpt lat="49.455920000000006" lon="8.714830000000001">
    <ele>492.84000000000003</ele>
   </trkpt>
   <trkpt lat="49.45579000000001" lon="8.71498">
    <ele>495.2300000000001</ele>
   </trkpt>
   <trkpt lat="49.455600000000004" lon="8.715050000000002">
    <ele>496.55</ele>
   </trkpt>
   <trkpt lat="49.45535" lon="8.71509">
    <ele>497.12000000000006</ele>
   </trkpt>
   <trkpt lat="49.4551" lon="8.71526">
    <ele>499.49</ele>
   </trkpt>
   <trkpt lat="49.454950000000004" lon="8.715290000000001">
    <ele>501.0300000000001</ele>
   </trkpt>
   <trkpt lat="49.45469000000001" lon="8.71521">
    <ele>502.2300000000001</ele>
   </trkpt>
   <trkpt lat="49.45405" lon="8.715290000000001">
    <ele>503.65999999999997</ele>
   </trkpt>
   <trkpt lat="49.45389" lon="8.71535">
    <ele>503.86000000000007</ele>
   </trkpt>
   <trkpt lat="49.453770000000006" lon="8.715430000000001">
    <ele>504.21000000000004</ele>
   </trkpt>
   <trkpt lat="49.45364000000001" lon="8.715570000000001">
    <ele>504.53000000000003</ele>
   </trkpt>
   <trkpt lat="49.453450000000004" lon="8.71588">
    <ele>504.92</ele>
   </trkpt>
   <trkpt lat="49.453160000000004" lon="8.716470000000001">
    <ele>505.71</ele>
   </trkpt>
   <trkpt lat="49.45291" lon="8.71682">
    <ele>506.68</ele>
   </trkpt>
   <trkpt lat="49.452490000000004" lon="8.71733">
    <ele>508.56</ele>
   </trkpt>
   <trkpt lat="49.452310000000004" lon="8.717600000000001">
    <ele>509.8</ele>
   </trkpt>
   <trkpt lat="49.45197333898229" lon="8.718410011144748">
    <ele>514.59</ele>
   </trkpt>
   <trkpt lat="49.45163667230795" lon="8.719220011163067">
    <ele>519.34</ele>
   </trkpt>
   <trkpt lat="49.4513" lon="8.720030000000001">
    <ele>522.07</ele>
   </trkpt>
   <trkpt lat="49.45111000000001" lon="8.72043">
    <ele>524.44</ele>
   </trkpt>
   <trkpt lat="49.45065" lon="8.721010000000001">
    <ele>527.45</ele>
   </trkpt>
   <trkpt lat="49.450230000000005" lon="8.721480000000001">
    <ele>528.51</ele>
   </trkpt>
   <trkpt lat="49.449980000000004" lon="8.72171">
    <ele>530.36</ele>
   </trkpt>
   <trkpt lat="49.44952000000001" lon="8.72202">
    <ele>531.72</ele>
   </trkpt>
   <trkpt lat="49.44942" lon="8.72212">
    <ele>531.87</ele>
   </trkpt>
   <trkpt lat="49.449310000000004" lon="8.72231">
    <ele>531.99</ele>
   </trkpt>
   <trkpt lat="49.449130000000004" lon="8.72278">
    <ele>531.71</ele>
   </trkpt>
   <trkpt lat="49.44908" lon="8.723040000000001">
    <ele>531.5600000000001</ele>
   </trkpt>
   <trkpt lat="49.44906" lon="8.72328">
    <ele>530.85</ele>
   </trkpt>
   <trkpt lat="49.44908" lon="8.723700000000001">
    <ele>530.21</ele>
   </trkpt>
   <trkpt lat="49.44912" lon="8.72399">
    <ele>530.03</ele>
   </trkpt>
   <trkpt lat="49.449200000000005" lon="8.72428">
    <ele>530.2600000000001</ele>
   </trkpt>
   <trkpt lat="49.449220000000004" lon="8.724310000000001">
    <ele>530.2600000000001</ele>
   </trkpt>
   <trkpt lat="49.449250000000006" lon="8.72432">
    <ele>530.2600000000001</ele>
   </trkpt>
   <trkpt lat="49.44923000000001" lon="8.72442">
    <ele>530.25</ele>
   </trkpt>
   <trkpt lat="49.44924" lon="8.724590000000001">
    <ele>529.39</ele>
   </trkpt>
   <trkpt lat="49.44932000000001" lon="8.724870000000001">
    <ele>528.47</ele>
   </trkpt>
   <trkpt lat="49.44946" lon="8.725060000000001">
    <ele>528.47</ele>
   </trkpt>
   <trkpt lat="49.44957" lon="8.72512">
    <ele>526.98</ele>
   </trkpt>
   <trkpt lat="49.44979000000001" lon="8.725200000000001">
    <ele>526.98</ele>
   </trkpt>
   <trkpt lat="49.45018" lon="8.725240000000001">
    <ele>525.39</ele>
   </trkpt>
   <trkpt lat="49.450880000000005" lon="8.725090000000002">
    <ele>525.12</ele>
   </trkpt>
   <trkpt lat="49.45118" lon="8.725060000000001">
    <ele>525.02</ele>
   </trkpt>
   <trkpt lat="49.45145" lon="8.72507">
    <ele>525.4300000000001</ele>
   </trkpt>
   <trkpt lat="49.45219" lon="8.72518">
    <ele>527.98</ele>
   </trkpt>
   <trkpt lat="49.4525" lon="8.725290000000001">
    <ele>529.59</ele>
   </trkpt>
   <trkpt lat="49.45293" lon="8.72555">
    <ele>532.6899999999999</ele>
   </trkpt>
   <trkpt lat="49.453250000000004" lon="8.72582">
    <ele>533.4300000000001</ele>
   </trkpt>
   <trkpt lat="49.453520000000005" lon="8.72612">
    <ele>533.0100000000001</ele>
   </trkpt>
   <trkpt lat="49.45375000000001" lon="8.72648">
    <ele>532.71</ele>
   </trkpt>
   <trkpt lat="49.454150000000006" lon="8.727310000000001">
    <ele>531.6700000000001</ele>
   </trkpt>
   <trkpt lat="49.45441" lon="8.728430000000001">
    <ele>531.2800000000001</ele>
   </trkpt>
   <trkpt lat="49.454580006322956" lon="8.729639995886467">
    <ele>530.76</ele>
   </trkpt>
   <trkpt lat="49.454750000000004" lon="8.73085">
    <ele>526.76</ele>
   </trkpt>
   <trkpt lat="49.45487000000001" lon="8.73136">
    <ele>525.4100000000001</ele>
   </trkpt>
   <trkpt lat="49.45505000000001" lon="8.73196">
    <ele>523.87</ele>
   </trkpt>
   <trkpt lat="49.45541" lon="8.732930000000001">
    <ele>520.21</ele>
   </trkpt>
   <trkpt lat="49.45593" lon="8.73404">
    <ele>517.59</ele>
   </trkpt>
   <trkpt lat="49.45615" lon="8.73479">
    <ele>515.0600000000001</ele>
   </trkpt>
   <trkpt lat="49.45650500418005" lon="8.735779992704126">
    <ele>513.27</ele>
   </trkpt>
   <trkpt lat="49.456860000000006" lon="8.73677">
    <ele>512.85</ele>
   </trkpt>
   <trkpt lat="49.456950000000006" lon="8.737110000000001">
    <ele>512.87</ele>
   </trkpt>
   <trkpt lat="49.456990000000005" lon="8.73741">
    <ele>512.61</ele>
   </trkpt>
   <trkpt lat="49.457" lon="8.737770000000001">
    <ele>512.5300000000001</ele>
   </trkpt>
   <trkpt lat="49.45687" lon="8.738890000000001">
    <ele>512.7400000000001</ele>
   </trkpt>
   <trkpt lat="49.456830000000004" lon="8.739840000000001">
    <ele>513.69</ele>
   </trkpt>
   <trkpt lat="49.456720000000004" lon="8.740870000000001">
    <ele>513.12</ele>
   </trkpt>
   <trkpt lat="49.45687" lon="8.741710000000001">
    <ele>513.93</ele>
   </trkpt>
   <trkpt lat="49.45684000000001" lon="8.7423">
    <ele>514.51</ele>
   </trkpt>
   <trkpt lat="49.456860000000006" lon="8.743070000000001">
    <ele>514.95</ele>
   </trkpt>
   <trkpt lat="49.45678" lon="8.744430000000001">
    <ele>515.38</ele>
   </trkpt>
   <trkpt lat="49.45658" lon="8.74548">
    <ele>515.45</ele>
   </trkpt>
   <trkpt lat="49.456340000000004" lon="8.74633">
    <ele>514.83</ele>
   </trkpt>
   <trkpt lat="49.456320000000005" lon="8.746550000000001">
    <ele>514.38</ele>
   </trkpt>
   <trkpt lat="49.456340000000004" lon="8.746680000000001">
    <ele>514.38</ele>
   </trkpt>
   <trkpt lat="49.45638" lon="8.746830000000001">
    <ele>514.05</ele>
   </trkpt>
   <trkpt lat="49.4564" lon="8.74688">
    <ele>513.93</ele>
   </trkpt>
   <trkpt lat="49.456630000000004" lon="8.747190000000002">
    <ele>512.6800000000001</ele>
   </trkpt>
   <trkpt lat="49.45707" lon="8.748130000000002">
    <ele>510.28000000000003</ele>
   </trkpt>
   <trkpt lat="49.45734" lon="8.748550000000002">
    <ele>509.21999999999997</ele>
   </trkpt>
   <trkpt lat="49.45765" lon="8.74891">
    <ele>507.65999999999997</ele>
   </trkpt>
   <trkpt lat="49.45814000000001" lon="8.74937">
    <ele>506.58000000000004</ele>
   </trkpt>
   <trkpt lat="49.45862" lon="8.74989">
    <ele>504.5200000000001</ele>
   </trkpt>
   <trkpt lat="49.458780000000004" lon="8.75017">
    <ele>504.0300000000001</ele>
   </trkpt>
   <trkpt lat="49.458800000000004" lon="8.75023">
    <ele>504.0300000000001</ele>
   </trkpt>
   <trkpt lat="49.458800000000004" lon="8.750380000000002">
    <ele>503.65000000000003</ele>
   </trkpt>
   <trkpt lat="49.45904" lon="8.75127">
    <ele>502.68</ele>
   </trkpt>
   <trkpt lat="49.459140000000005" lon="8.751320000000002">
    <ele>502.32</ele>
   </trkpt>
   <trkpt lat="49.45924" lon="8.751420000000001">
    <ele>501.9100000000001</ele>
   </trkpt>
   <trkpt lat="49.45958" lon="8.75187">
    <ele>499.49</ele>
   </trkpt>
   <trkpt lat="49.45971" lon="8.752">
    <ele>499.04</ele>
   </trkpt>
   <trkpt lat="49.45998" lon="8.752170000000001">
    <ele>496.55</ele>
   </trkpt>
   <trkpt lat="49.460190000000004" lon="8.752270000000001">
    <ele>495.81</ele>
   </trkpt>
   <trkpt lat="49.46036" lon="8.752320000000001">
    <ele>494.55</ele>
   </trkpt>
   <trkpt lat="49.460570000000004" lon="8.75233">
    <ele>493.84000000000003</ele>
   </trkpt>
   <trkpt lat="49.46106" lon="8.75219">
    <ele>491.09000000000003</ele>
   </trkpt>
   <trkpt lat="49.461560000000006" lon="8.752080000000001">
    <ele>488.26</ele>
   </trkpt>
   <trkpt lat="49.462320000000005" lon="8.75196">
    <ele>484.52000000000004</ele>
   </trkpt>
   <trkpt lat="49.46244" lon="8.75192">
    <ele>484.52000000000004</ele>
   </trkpt>
   <trkpt lat="49.46285" lon="8.75169">
    <ele>483.01000000000005</ele>
   </trkpt>
   <trkpt lat="49.46363" lon="8.75131">
    <ele>478.23</ele>
   </trkpt>
   <trkpt lat="49.463840000000005" lon="8.751190000000001">
    <ele>477.73</ele>
   </trkpt>
   <trkpt lat="49.46466" lon="8.75064">
    <ele>474.06</ele>
   </trkpt>
   <trkpt lat="49.465290000680305" lon="8.75029500434455">
    <ele>471.34000000000003</ele>
   </trkpt>
   <trkpt lat="49.465920000000004" lon="8.74995">
    <ele>468.44</ele>
   </trkpt>
   <trkpt lat="49.46665" lon="8.74957">
    <ele>466.27</ele>
   </trkpt>
   <trkpt lat="49.46694" lon="8.749410000000001">
    <ele>465.86000000000007</ele>
   </trkpt>
   <trkpt lat="49.467060000000004" lon="8.74937">
    <ele>464.64000000000004</ele>
   </trkpt>
   <trkpt lat="49.4673" lon="8.74934">
    <ele>463.63000000000005</ele>
   </trkpt>
   <trkpt lat="49.467420000000004" lon="8.749350000000002">
    <ele>463.63000000000005</ele>
   </trkpt>
   <trkpt lat="49.46755" lon="8.749410000000001">
    <ele>462.86</ele>
   </trkpt>
   <trkpt lat="49.467690000000005" lon="8.749500000000001">
    <ele>462.86</ele>
   </trkpt>
   <trkpt lat="49.46779" lon="8.749600000000001">
    <ele>462.34000000000003</ele>
   </trkpt>
   <trkpt lat="49.46790000000001" lon="8.74975">
    <ele>461.55</ele>
   </trkpt>
   <trkpt lat="49.46806" lon="8.75005">
    <ele>460.28000000000003</ele>
   </trkpt>
   <trkpt lat="49.468140000000005" lon="8.75033">
    <ele>459.91</ele>
   </trkpt>
   <trkpt lat="49.468300000000006" lon="8.751190000000001">
    <ele>456.8</ele>
   </trkpt>
   <trkpt lat="49.4684" lon="8.75141">
    <ele>455.89</ele>
   </trkpt>
   <trkpt lat="49.468650000000004" lon="8.751850000000001">
    <ele>453.43000000000006</ele>
   </trkpt>
   <trkpt lat="49.46873" lon="8.7521">
    <ele>451.75000000000006</ele>
   </trkpt>
   <trkpt lat="49.46891" lon="8.752730000000001">
    <ele>447.48</ele>
   </trkpt>
   <trkpt lat="49.46902000000001" lon="8.75295">
    <ele>446.63</ele>
   </trkpt>
   <trkpt lat="49.46914" lon="8.75305">
    <ele>445.26000000000005</ele>
   </trkpt>
   <trkpt lat="49.46923" lon="8.75308">
    <ele>443.34</ele>
   </trkpt>
   <trkpt lat="49.46932" lon="8.753070000000001">
    <ele>443.34</ele>
   </trkpt>
   <trkpt lat="49.46945" lon="8.75299">
    <ele>442.09000000000003</ele>
   </trkpt>
   <trkpt lat="49.469860000000004" lon="8.752590000000001">
    <ele>439.19</ele>
   </trkpt>
   <trkpt lat="49.47028" lon="8.753630000000001">
    <ele>440.24</ele>
   </trkpt>
   <trkpt lat="49.470310000000005" lon="8.75375">
    <ele>440.16</ele>
   </trkpt>
   <trkpt lat="49.47043000000001" lon="8.75364">
    <ele>440.81</ele>
   </trkpt>
   <trkpt lat="49.47064" lon="8.75338">
    <ele>441.71000000000004</ele>
   </trkpt>
   <trkpt lat="49.471120000000006" lon="8.75262">
    <ele>442.46000000000004</ele>
   </trkpt>
   <trkpt lat="49.471430000000005" lon="8.7521">
    <ele>442.55000000000007</ele>
   </trkpt>
   <trkpt lat="49.47175500158155" lon="8.751480004257257">
    <ele>443.74</ele>
   </trkpt>
   <trkpt lat="49.472080000000005" lon="8.750860000000001">
    <ele>446.99000000000007</ele>
   </trkpt>
   <trkpt lat="49.47241" lon="8.750380000000002">
    <ele>449.13</ele>
   </trkpt>
   <trkpt lat="49.472730000000006" lon="8.75009">
    <ele>449.84000000000003</ele>
   </trkpt>
   <trkpt lat="49.473040000000005" lon="8.749870000000001">
    <ele>449.71000000000004</ele>
   </trkpt>
   <trkpt lat="49.47356000033894" lon="8.74966000216932">
    <ele>447.58000000000004</ele>
   </trkpt>
   <trkpt lat="49.47408" lon="8.749450000000001">
    <ele>444.14000000000004</ele>
   </trkpt>
   <trkpt lat="49.4744" lon="8.74929">
    <ele>441.57</ele>
   </trkpt>
   <trkpt lat="49.47504000000001" lon="8.74881">
    <ele>437.33000000000004</ele>
   </trkpt>
   <trkpt lat="49.475715000975875" lon="8.748340006460957">
    <ele>434.07</ele>
   </trkpt>
   <trkpt lat="49.47639" lon="8.74787">
    <ele>433.14000000000004</ele>
   </trkpt>
   <trkpt lat="49.47688" lon="8.74746">
    <ele>432.6700000000001</ele>
   </trkpt>
   <trkpt lat="49.47742" lon="8.746830000000001">
    <ele>431.88000000000005</ele>
   </trkpt>
   <trkpt lat="49.47776" lon="8.74637">
    <ele>430.45000000000005</ele>
   </trkpt>
   <trkpt lat="49.478" lon="8.745970000000002">
    <ele>428.63</ele>
   </trkpt>
   <trkpt lat="49.478370000000005" lon="8.74503">
    <ele>424.89000000000004</ele>
   </trkpt>
   <trkpt lat="49.47843" lon="8.74496">
    <ele>424.89000000000004</ele>
   </trkpt>
   <trkpt lat="49.47849" lon="8.74493">
    <ele>424.07000000000005</ele>
   </trkpt>
   <trkpt lat="49.47862000000001" lon="8.74491">
    <ele>424.07000000000005</ele>
   </trkpt>
   <trkpt lat="49.47874" lon="8.74497">
    <ele>423.49</ele>
   </trkpt>
   <trkpt lat="49.478790000000004" lon="8.745040000000001">
    <ele>423.49</ele>
   </trkpt>
   <trkpt lat="49.47883" lon="8.745220000000002">
    <ele>422.22</ele>
   </trkpt>
   <trkpt lat="49.478910000000006" lon="8.746220000000001">
    <ele>418.84000000000003</ele>
   </trkpt>
   <trkpt lat="49.47909000000001" lon="8.74712">
    <ele>413.81</ele>
   </trkpt>
   <trkpt lat="49.479110000000006" lon="8.74736">
    <ele>412.66</ele>
   </trkpt>
   <trkpt lat="49.47912" lon="8.74826">
    <ele>407.07000000000005</ele>
   </trkpt>
   <trkpt lat="49.4793" lon="8.74938">
    <ele>401.61</ele>
   </trkpt>
   <trkpt lat="49.479330000000004" lon="8.749770000000002">
    <ele>400.8</ele>
   </trkpt>
   <trkpt lat="49.4793" lon="8.75026">
    <ele>397.01000000000005</ele>
   </trkpt>
   <trkpt lat="49.479220000000005" lon="8.750770000000001">
    <ele>393.63000000000005</ele>
   </trkpt>
   <trkpt lat="49.479060002031375" lon="8.751455002199673">
    <ele>388.54</ele>
   </trkpt>
   <trkpt lat="49.4789" lon="8.75214">
    <ele>386.5</ele>
   </trkpt>
   <trkpt lat="49.4789" lon="8.75238">
    <ele>385.88000000000005</ele>
   </trkpt>
   <trkpt lat="49.47896" lon="8.75263">
    <ele>385.40000000000003</ele>
   </trkpt>
   <trkpt lat="49.479040000000005" lon="8.75319">
    <ele>386.38000000000005</ele>
   </trkpt>
   <trkpt lat="49.47908" lon="8.75337">
    <ele>386.52000000000004</ele>
   </trkpt>
   <trkpt lat="49.479130000000005" lon="8.753440000000001">
    <ele>386.94</ele>
   </trkpt>
   <trkpt lat="49.47919" lon="8.753480000000001">
    <ele>386.94</ele>
   </trkpt>
   <trkpt lat="49.479350000000004" lon="8.753480000000001">
    <ele>388.6</ele>
   </trkpt>
   <trkpt lat="49.479440000000004" lon="8.753430000000002">
    <ele>388.6</ele>
   </trkpt>
   <trkpt lat="49.480070000000005" lon="8.752930000000001">
    <ele>393.75000000000006</ele>
   </trkpt>
   <trkpt lat="49.4802" lon="8.75289">
    <ele>395.96000000000004</ele>
   </trkpt>
   <trkpt lat="49.4806" lon="8.75284">
    <ele>397.75000000000006</ele>
   </trkpt>
   <trkpt lat="49.48095000000001" lon="8.75266">
    <ele>402.27</ele>
   </trkpt>
   <trkpt lat="49.48106000000001" lon="8.75263">
    <ele>402.27</ele>
   </trkpt>
   <trkpt lat="49.48122000000001" lon="8.75262">
    <ele>403.14000000000004</ele>
   </trkpt>
   <trkpt lat="49.481370000000005" lon="8.75266">
    <ele>405.37</ele>
   </trkpt>
   <trkpt lat="49.4819" lon="8.753120000000001">
    <ele>410.7</ele>
   </trkpt>
   <trkpt lat="49.48203" lon="8.753210000000001">
    <ele>411.45000000000005</ele>
   </trkpt>
   <trkpt lat="49.48223" lon="8.75327">
    <ele>413.78000000000003</ele>
   </trkpt>
   <trkpt lat="49.48243" lon="8.753260000000001">
    <ele>414.52000000000004</ele>
   </trkpt>
   <trkpt lat="49.48257" lon="8.75322">
    <ele>416.31</ele>
   </trkpt>
   <trkpt lat="49.48274000000001" lon="8.753120000000001">
    <ele>417.83000000000004</ele>
   </trkpt>
   <trkpt lat="49.48284" lon="8.753010000000002">
    <ele>417.83000000000004</ele>
   </trkpt>
   <trkpt lat="49.483000000000004" lon="8.75277">
    <ele>420.2</ele>
   </trkpt>
   <trkpt lat="49.48322" lon="8.752310000000001">
    <ele>423.48</ele>
   </trkpt>
   <trkpt lat="49.483340000000005" lon="8.752030000000001">
    <ele>425.51000000000005</ele>
   </trkpt>
   <trkpt lat="49.48339000000001" lon="8.75196">
    <ele>425.51000000000005</ele>
   </trkpt>
   <trkpt lat="49.48344" lon="8.75192">
    <ele>426.14</ele>
   </trkpt>
   <trkpt lat="49.483560000000004" lon="8.751930000000002">
    <ele>426.81</ele>
   </trkpt>
   <trkpt lat="49.483610000000006" lon="8.752">
    <ele>427.40000000000003</ele>
   </trkpt>
   <trkpt lat="49.48362" lon="8.752130000000001">
    <ele>427.96000000000004</ele>
   </trkpt>
   <trkpt lat="49.48342" lon="8.75299">
    <ele>430.75</ele>
   </trkpt>
   <trkpt lat="49.48335" lon="8.753680000000001">
    <ele>433.54</ele>
   </trkpt>
   <trkpt lat="49.48335" lon="8.75417">
    <ele>436.41</ele>
   </trkpt>
   <trkpt lat="49.483515007731086" lon="8.755509995419871">
    <ele>444.03000000000003</ele>
   </trkpt>
   <trkpt lat="49.48368000000001" lon="8.75685">
    <ele>450.38000000000005</ele>
   </trkpt>
   <trkpt lat="49.4837550038041" lon="8.757789998507514">
    <ele>459.56</ele>
   </trkpt>
   <trkpt lat="49.483830000000005" lon="8.75873">
    <ele>461.9800000000001</ele>
   </trkpt>
   <trkpt lat="49.483920000000005" lon="8.759110000000002">
    <ele>463.12</ele>
   </trkpt>
   <trkpt lat="49.483990000000006" lon="8.75932">
    <ele>463.12</ele>
   </trkpt>
   <trkpt lat="49.48404000000001" lon="8.759580000000001">
    <ele>463.37000000000006</ele>
   </trkpt>
   <trkpt lat="49.48402" lon="8.760250000000001">
    <ele>463.15000000000003</ele>
   </trkpt>
   <trkpt lat="49.48407" lon="8.76078">
    <ele>463.01000000000005</ele>
   </trkpt>
   <trkpt lat="49.48411" lon="8.76091">
    <ele>462.96000000000004</ele>
   </trkpt>
   <trkpt lat="49.48416" lon="8.76101">
    <ele>462.79</ele>
   </trkpt>
   <trkpt lat="49.484260000000006" lon="8.761130000000001">
    <ele>462.56</ele>
   </trkpt>
   <trkpt lat="49.484460000000006" lon="8.76125">
    <ele>461.75000000000006</ele>
   </trkpt>
   <trkpt lat="49.48481" lon="8.761330000000001">
    <ele>461.42</ele>
   </trkpt>
   <trkpt lat="49.484950000000005" lon="8.761320000000001">
    <ele>461.68</ele>
   </trkpt>
   <trkpt lat="49.48508" lon="8.761280000000001">
    <ele>461.9800000000001</ele>
   </trkpt>
   <trkpt lat="49.48519" lon="8.761220000000002">
    <ele>462.36</ele>
   </trkpt>
   <trkpt lat="49.485690000000005" lon="8.760800000000001">
    <ele>464.87000000000006</ele>
   </trkpt>
   <trkpt lat="49.4859" lon="8.76069">
    <ele>465.16</ele>
   </trkpt>
   <trkpt lat="49.48604" lon="8.760670000000001">
    <ele>465.59000000000003</ele>
   </trkpt>
   <trkpt lat="49.486160000000005" lon="8.76068">
    <ele>465.81000000000006</ele>
   </trkpt>
   <trkpt lat="49.486290000000004" lon="8.760720000000001">
    <ele>465.97</ele>
   </trkpt>
   <trkpt lat="49.486630000000005" lon="8.76087">
    <ele>465.95000000000005</ele>
   </trkpt>
   <trkpt lat="49.48669" lon="8.76102">
    <ele>466.13000000000005</ele>
   </trkpt>
   <trkpt lat="49.48698" lon="8.76144">
    <ele>464.95000000000005</ele>
   </trkpt>
   <trkpt lat="49.487300000000005" lon="8.762">
    <ele>463.52000000000004</ele>
   </trkpt>
   <trkpt lat="49.487350000000006" lon="8.762160000000002">
    <ele>463.52000000000004</ele>
   </trkpt>
   <trkpt lat="49.487370000000006" lon="8.762220000000001">
    <ele>463.39</ele>
   </trkpt>
   <trkpt lat="49.48743" lon="8.762500000000001">
    <ele>463.39</ele>
   </trkpt>
   <trkpt lat="49.48744000000001" lon="8.762690000000001">
    <ele>461.72</ele>
   </trkpt>
   <trkpt lat="49.48742000000001" lon="8.76308">
    <ele>461.41</ele>
   </trkpt>
   <trkpt lat="49.48724000000001" lon="8.76393">
    <ele>459.76000000000005</ele>
   </trkpt>
   <trkpt lat="49.48711" lon="8.764840000000001">
    <ele>457.6000000000001</ele>
   </trkpt>
   <trkpt lat="49.48704000000001" lon="8.76509">
    <ele>457.33</ele>
   </trkpt>
   <trkpt lat="49.486810000000006" lon="8.765590000000001">
    <ele>456.15000000000003</ele>
   </trkpt>
   <trkpt lat="49.48677000000001" lon="8.76577">
    <ele>455.37000000000006</ele>
   </trkpt>
   <trkpt lat="49.48678" lon="8.76603">
    <ele>454.53000000000003</ele>
   </trkpt>
   <trkpt lat="49.48693001456767" lon="8.767329992035465">
    <ele>447.46000000000004</ele>
   </trkpt>
   <trkpt lat="49.487080014567915" lon="8.768629992037335">
    <ele>438.95000000000005</ele>
   </trkpt>
   <trkpt lat="49.487230000000004" lon="8.76993">
    <ele>432.14000000000004</ele>
   </trkpt>
   <trkpt lat="49.487350000000006" lon="8.77058">
    <ele>429.59000000000003</ele>
   </trkpt>
   <trkpt lat="49.487613342055035" lon="8.771586655785917">
    <ele>422.33000000000004</ele>
   </trkpt>
   <trkpt lat="49.48787667537505" lon="8.772593322401493">
    <ele>416.46000000000004</ele>
   </trkpt>
   <trkpt lat="49.48814" lon="8.7736">
    <ele>409.64000000000004</ele>
   </trkpt>
   <trkpt lat="49.48829000195556" lon="8.774254998458185">
    <ele>404.47</ele>
   </trkpt>
   <trkpt lat="49.488440000000004" lon="8.77491">
    <ele>401.23</ele>
   </trkpt>
   <trkpt lat="49.488490000000006" lon="8.775260000000001">
    <ele>400.23</ele>
   </trkpt>
   <trkpt lat="49.48852" lon="8.77571">
    <ele>396.99</ele>
   </trkpt>
   <trkpt lat="49.4885" lon="8.77599">
    <ele>396.29</ele>
   </trkpt>
   <trkpt lat="49.48839" lon="8.77659">
    <ele>393.94</ele>
   </trkpt>
   <trkpt lat="49.48837" lon="8.77696">
    <ele>393.64000000000004</ele>
   </trkpt>
   <trkpt lat="49.48848" lon="8.777970000000002">
    <ele>393.44</ele>
   </trkpt>
   <trkpt lat="49.48846" lon="8.778400000000001">
    <ele>392.58000000000004</ele>
   </trkpt>
   <trkpt lat="49.48847000000001" lon="8.77852">
    <ele>392.58000000000004</ele>
   </trkpt>
   <trkpt lat="49.4885" lon="8.77861">
    <ele>392.16</ele>
   </trkpt>
   <trkpt lat="49.488550000000004" lon="8.77867">
    <ele>392.16</ele>
   </trkpt>
   <trkpt lat="49.48861" lon="8.77871">
    <ele>391.81000000000006</ele>
   </trkpt>
   <trkpt lat="49.48865000000001" lon="8.77871">
    <ele>391.42</ele>
   </trkpt>
   <trkpt lat="49.48874000000001" lon="8.77867">
    <ele>390.96000000000004</ele>
   </trkpt>
   <trkpt lat="49.48879" lon="8.778590000000001">
    <ele>390.96000000000004</ele>
   </trkpt>
   <trkpt lat="49.48881" lon="8.77852">
    <ele>390.45</ele>
   </trkpt>
   <trkpt lat="49.4889" lon="8.777420000000001">
    <ele>385.24</ele>
   </trkpt>
   <trkpt lat="49.488960000000006" lon="8.777000000000001">
    <ele>384.1</ele>
   </trkpt>
   <trkpt lat="49.489050000000006" lon="8.776660000000001">
    <ele>382.97</ele>
   </trkpt>
   <trkpt lat="49.4891" lon="8.776530000000001">
    <ele>382.97</ele>
   </trkpt>
   <trkpt lat="49.489250000000006" lon="8.77627">
    <ele>382.15000000000003</ele>
   </trkpt>
   <trkpt lat="49.489430000000006" lon="8.776060000000001">
    <ele>380.86</ele>
   </trkpt>
   <trkpt lat="49.48964" lon="8.77594">
    <ele>379.77000000000004</ele>
   </trkpt>
   <trkpt lat="49.48977000000001" lon="8.77595">
    <ele>378.90000000000003</ele>
   </trkpt>
   <trkpt lat="49.48989" lon="8.77599">
    <ele>378.29</ele>
   </trkpt>
   <trkpt lat="49.48995000000001" lon="8.77607">
    <ele>377.31</ele>
   </trkpt>
   <trkpt lat="49.49" lon="8.776200000000001">
    <ele>377.31</ele>
   </trkpt>
   <trkpt lat="49.49" lon="8.776330000000002">
    <ele>377.31</ele>
   </trkpt>
   <trkpt lat="49.48987" lon="8.777000000000001">
    <ele>369.6</ele>
   </trkpt>
   <trkpt lat="49.48987" lon="8.777420000000001">
    <ele>369.59000000000003</ele>
   </trkpt>
   <trkpt lat="49.49003000408758" lon="8.778394996755555">
    <ele>361.58</ele>
   </trkpt>
   <trkpt lat="49.490190000000005" lon="8.77937">
    <ele>357.12000000000006</ele>
   </trkpt>
   <trkpt lat="49.49025" lon="8.779860000000001">
    <ele>356.08</ele>
   </trkpt>
   <trkpt lat="49.490230000000004" lon="8.7802">
    <ele>352.0</ele>
   </trkpt>
   <trkpt lat="49.49018" lon="8.7804">
    <ele>352.51000000000005</ele>
   </trkpt>
   <trkpt lat="49.489810000000006" lon="8.78116">
    <ele>345.52000000000004</ele>
   </trkpt>
   <trkpt lat="49.48943000458221" lon="8.781890011354795">
    <ele>339.47</ele>
   </trkpt>
   <trkpt lat="49.48905000457091" lon="8.782620011376364">
    <ele>335.05</ele>
   </trkpt>
   <trkpt lat="49.488670000000006" lon="8.78335">
    <ele>331.69000000000005</ele>
   </trkpt>
   <trkpt lat="49.48839" lon="8.784070000000002">
    <ele>324.05</ele>
   </trkpt>
   <trkpt lat="49.48816500303869" lon="8.784910003869497">
    <ele>320.55</ele>
   </trkpt>
   <trkpt lat="49.48794" lon="8.78575">
    <ele>318.86</ele>
   </trkpt>
   <trkpt lat="49.487790000000004" lon="8.78631">
    <ele>313.77000000000004</ele>
   </trkpt>
   <trkpt lat="49.48767" lon="8.7866">
    <ele>311.70000000000005</ele>
   </trkpt>
   <trkpt lat="49.487550000000006" lon="8.78677">
    <ele>309.67</ele>
   </trkpt>
   <trkpt lat="49.48738" lon="8.78688">
    <ele>309.67</ele>
   </trkpt>
   <trkpt lat="49.487080000000006" lon="8.78693">
    <ele>307.81</ele>
   </trkpt>
   <trkpt lat="49.48713" lon="8.78692">
    <ele>308.04</ele>
   </trkpt>
   <trkpt lat="49.48704000000001" lon="8.78693">
    <ele>313.85</ele>
   </trkpt>
   <trkpt lat="49.48705" lon="8.787320000000001">
    <ele>311.13</ele>
   </trkpt>
   <trkpt lat="49.48696" lon="8.787410000000001">
    <ele>309.95</ele>
   </trkpt>
   <trkpt lat="49.486850000000004" lon="8.787450000000002">
    <ele>309.04</ele>
   </trkpt>
   <trkpt lat="49.48669" lon="8.78739">
    <ele>309.57</ele>
   </trkpt>
   <trkpt lat="49.48644" lon="8.7872">
    <ele>310.06</ele>
   </trkpt>
   <trkpt lat="49.48631" lon="8.787130000000001">
    <ele>309.85</ele>
   </trkpt>
   <trkpt lat="49.486200000000004" lon="8.787130000000001">
    <ele>309.22</ele>
   </trkpt>
   <trkpt lat="49.48617" lon="8.787170000000001">
    <ele>308.77000000000004</ele>
   </trkpt>
   <trkpt lat="49.486160000000005" lon="8.78715">
    <ele>303.62</ele>
   </trkpt>
   <trkpt lat="49.48624" lon="8.78734">
    <ele>303.46</ele>
   </trkpt>
   <trkpt lat="49.48662" lon="8.78785">
    <ele>300.6</ele>
   </trkpt>
   <trkpt lat="49.48682" lon="8.78804">
    <ele>298.81</ele>
   </trkpt>
   <trkpt lat="49.4874" lon="8.78837">
    <ele>292.83000000000004</ele>
   </trkpt>
   <trkpt lat="49.48760000000001" lon="8.788540000000001">
    <ele>291.69</ele>
   </trkpt>
   <trkpt lat="49.487700000000004" lon="8.788680000000001">
    <ele>289.69</ele>
   </trkpt>
   <trkpt lat="49.48814" lon="8.789570000000001">
    <ele>283.81</ele>
   </trkpt>
   <trkpt lat="49.48821" lon="8.78965">
    <ele>282.55</ele>
   </trkpt>
   <trkpt lat="49.488510000000005" lon="8.78983">
    <ele>280.09</ele>
   </trkpt>
   <trkpt lat="49.48908" lon="8.79012">
    <ele>277.65</ele>
   </trkpt>
   <trkpt lat="49.48928" lon="8.79034">
    <ele>277.16</ele>
   </trkpt>
   <trkpt lat="49.48899" lon="8.79127">
    <ele>274.06</ele>
   </trkpt>
   <trkpt lat="49.4887" lon="8.791910000000001">
    <ele>272.27</ele>
   </trkpt>
   <trkpt lat="49.488260000000004" lon="8.79254">
    <ele>270.38</ele>
   </trkpt>
   <trkpt lat="49.48801" lon="8.792940000000002">
    <ele>269.18</ele>
   </trkpt>
   <trkpt lat="49.487950000000005" lon="8.793190000000001">
    <ele>268.19000000000005</ele>
   </trkpt>
   <trkpt lat="49.48792" lon="8.793560000000001">
    <ele>267.26</ele>
   </trkpt>
   <trkpt lat="49.487880000000004" lon="8.79381">
    <ele>267.26</ele>
   </trkpt>
   <trkpt lat="49.487750000000005" lon="8.7942">
    <ele>265.47</ele>
   </trkpt>
   <trkpt lat="49.487590000000004" lon="8.794960000000001">
    <ele>264.69000000000005</ele>
   </trkpt>
   <trkpt lat="49.48753000000001" lon="8.79507">
    <ele>264.63000000000005</ele>
   </trkpt>
   <trkpt lat="49.48745" lon="8.79517">
    <ele>264.63000000000005</ele>
   </trkpt>
   <trkpt lat="49.487230000000004" lon="8.79531">
    <ele>264.63000000000005</ele>
   </trkpt>
   <trkpt lat="49.486810000000006" lon="8.795910000000001">
    <ele>261.45</ele>
   </trkpt>
   <trkpt lat="49.48666" lon="8.79606">
    <ele>259.95</ele>
   </trkpt>
   <trkpt lat="49.486070000000005" lon="8.79648">
    <ele>256.65999999999997</ele>
   </trkpt>
   <trkpt lat="49.485800000000005" lon="8.79673">
    <ele>255.26000000000005</ele>
   </trkpt>
   <trkpt lat="49.48554000000001" lon="8.79705">
    <ele>254.54000000000005</ele>
   </trkpt>
   <trkpt lat="49.48545000000001" lon="8.79711">
    <ele>254.54000000000005</ele>
   </trkpt>
   <trkpt lat="49.4853" lon="8.7971">
    <ele>252.21000000000004</ele>
   </trkpt>
   <trkpt lat="49.485150000000004" lon="8.797070000000001">
    <ele>252.21000000000004</ele>
   </trkpt>
   <trkpt lat="49.484750000000005" lon="8.79682">
    <ele>251.64000000000001</ele>
   </trkpt>
   <trkpt lat="49.48461" lon="8.796790000000001">
    <ele>251.24</ele>
   </trkpt>
   <trkpt lat="49.48458" lon="8.796800000000001">
    <ele>251.14000000000001</ele>
   </trkpt>
   <trkpt lat="49.484500000000004" lon="8.796850000000001">
    <ele>250.97000000000003</ele>
   </trkpt>
   <trkpt lat="49.4844" lon="8.79697">
    <ele>250.54999999999998</ele>
   </trkpt>
   <trkpt lat="49.48422" lon="8.797120000000001">
    <ele>250.04999999999998</ele>
   </trkpt>
   <trkpt lat="49.484080000000006" lon="8.797170000000001">
    <ele>249.34000000000003</ele>
   </trkpt>
   <trkpt lat="49.483940000000004" lon="8.79716">
    <ele>249.01</ele>
   </trkpt>
   <trkpt lat="49.48384" lon="8.79709">
    <ele>249.01</ele>
   </trkpt>
   <trkpt lat="49.483700000000006" lon="8.79696">
    <ele>248.06000000000003</ele>
   </trkpt>
   <trkpt lat="49.48321000000001" lon="8.79639">
    <ele>246.75000000000003</ele>
   </trkpt>
   <trkpt lat="49.48292000000001" lon="8.79598">
    <ele>246.43</ele>
   </trkpt>
   <trkpt lat="49.482710000000004" lon="8.795810000000001">
    <ele>246.11</ele>
   </trkpt>
   <trkpt lat="49.48243" lon="8.79568">
    <ele>246.02</ele>
   </trkpt>
   <trkpt lat="49.482200000000006" lon="8.795630000000001">
    <ele>245.92000000000002</ele>
   </trkpt>
   <trkpt lat="49.482000000000006" lon="8.795660000000002">
    <ele>245.94000000000003</ele>
   </trkpt>
   <trkpt lat="49.481790000000004" lon="8.795720000000001">
    <ele>246.29</ele>
   </trkpt>
   <trkpt lat="49.481820000000006" lon="8.79584">
    <ele>247.4</ele>
   </trkpt>
   <trkpt lat="49.482020000000006" lon="8.79621">
    <ele>251.69000000000003</ele>
   </trkpt>
   <trkpt lat="49.482110000000006" lon="8.79643">
    <ele>252.39</ele>
   </trkpt>
   <trkpt lat="49.48233500293756" lon="8.797254996223948">
    <ele>258.62</ele>
   </trkpt>
   <trkpt lat="49.48256000000001" lon="8.79808">
    <ele>266.26</ele>
   </trkpt>
   <trkpt lat="49.482820000000004" lon="8.79865">
    <ele>271.38</ele>
   </trkpt>
   <trkpt lat="49.483200000000004" lon="8.799330000000001">
    <ele>280.16</ele>
   </trkpt>
   <trkpt lat="49.483560003313286" lon="8.800204993599335">
    <ele>286.96999999999997</ele>
   </trkpt>
   <trkpt lat="49.483920000000005" lon="8.80108">
    <ele>295.51000000000005</ele>
   </trkpt>
   <trkpt lat="49.48404000000001" lon="8.80127">
    <ele>296.68</ele>
   </trkpt>
   <trkpt lat="49.48416" lon="8.80136">
    <ele>299.49</ele>
   </trkpt>
   <trkpt lat="49.48442000000001" lon="8.80145">
    <ele>302.1</ele>
   </trkpt>
   <trkpt lat="49.48458" lon="8.80145">
    <ele>303.08</ele>
   </trkpt>
   <trkpt lat="49.48496" lon="8.80137">
    <ele>307.96</ele>
   </trkpt>
   <trkpt lat="49.4851" lon="8.80141">
    <ele>310.07</ele>
   </trkpt>
   <trkpt lat="49.48521" lon="8.80147">
    <ele>311.07</ele>
   </trkpt>
   <trkpt lat="49.48539" lon="8.801630000000001">
    <ele>314.45</ele>
   </trkpt>
   <trkpt lat="49.48547000000001" lon="8.801770000000001">
    <ele>314.21999999999997</ele>
   </trkpt>
   <trkpt lat="49.485580000000006" lon="8.802010000000001">
    <ele>314.21999999999997</ele>
   </trkpt>
   <trkpt lat="49.485670000000006" lon="8.802330000000001">
    <ele>318.79</ele>
   </trkpt>
   <trkpt lat="49.48583000000001" lon="8.80326">
    <ele>323.55</ele>
   </trkpt>
   <trkpt lat="49.48586" lon="8.80366">
    <ele>327.51</ele>
   </trkpt>
   <trkpt lat="49.48583000000001" lon="8.804300000000001">
    <ele>331.57000000000005</ele>
   </trkpt>
   <trkpt lat="49.48593" lon="8.805000000000001">
    <ele>335.31000000000006</ele>
   </trkpt>
   <trkpt lat="49.48586" lon="8.805810000000001">
    <ele>340.47</ele>
   </trkpt>
   <trkpt lat="49.48572500237936" lon="8.80655500212466">
    <ele>346.91</ele>
   </trkpt>
   <trkpt lat="49.48559" lon="8.807300000000001">
    <ele>350.94</ele>
   </trkpt>
   <trkpt lat="49.485580000000006" lon="8.80761">
    <ele>354.53000000000003</ele>
   </trkpt>
   <trkpt lat="49.48563000000001" lon="8.80784">
    <ele>354.53000000000003</ele>
   </trkpt>
   <trkpt lat="49.48583000000001" lon="8.80813">
    <ele>356.87</ele>
   </trkpt>
   <trkpt lat="49.48594000000001" lon="8.80823">
    <ele>357.90000000000003</ele>
   </trkpt>
   <trkpt lat="49.486180000000004" lon="8.80832">
    <ele>360.7</ele>
   </trkpt>
   <trkpt lat="49.486700000000006" lon="8.8084">
    <ele>364.91</ele>
   </trkpt>
   <trkpt lat="49.48686000000001" lon="8.80845">
    <ele>365.67</ele>
   </trkpt>
   <trkpt lat="49.48695000000001" lon="8.80851">
    <ele>366.39000000000004</ele>
   </trkpt>
   <trkpt lat="49.48707" lon="8.80865">
    <ele>367.09000000000003</ele>
   </trkpt>
   <trkpt lat="49.4872" lon="8.808860000000001">
    <ele>369.47</ele>
   </trkpt>
   <trkpt lat="49.48738" lon="8.809190000000001">
    <ele>369.47</ele>
   </trkpt>
   <trkpt lat="49.487640000000006" lon="8.80977">
    <ele>375.13</ele>
   </trkpt>
   <trkpt lat="49.48771000000001" lon="8.809890000000001">
    <ele>375.13</ele>
   </trkpt>
   <trkpt lat="49.488290000000006" lon="8.81057">
    <ele>381.47</ele>
   </trkpt>
   <trkpt lat="49.48843" lon="8.81076">
    <ele>382.92</ele>
   </trkpt>
   <trkpt lat="49.488870000000006" lon="8.811480000000001">
    <ele>388.98</ele>
   </trkpt>
   <trkpt lat="49.4892200023291" lon="8.81220999484833">
    <ele>396.34000000000003</ele>
   </trkpt>
   <trkpt lat="49.48957" lon="8.812940000000001">
    <ele>400.84000000000003</ele>
   </trkpt>
   <trkpt lat="49.48977000000001" lon="8.81361">
    <ele>404.58000000000004</ele>
   </trkpt>
   <trkpt lat="49.49" lon="8.81465">
    <ele>412.18000000000006</ele>
   </trkpt>
   <trkpt lat="49.49002" lon="8.81499">
    <ele>411.76</ele>
   </trkpt>
   <trkpt lat="49.490080000000006" lon="8.815150000000001">
    <ele>410.86000000000007</ele>
   </trkpt>
   <trkpt lat="49.490170000000006" lon="8.81525">
    <ele>410.86000000000007</ele>
   </trkpt>
   <trkpt lat="49.49065" lon="8.815610000000001">
    <ele>408.03000000000003</ele>
   </trkpt>
   <trkpt lat="49.490750000000006" lon="8.81578">
    <ele>406.62</ele>
   </trkpt>
   <trkpt lat="49.49091000000001" lon="8.81611">
    <ele>405.83000000000004</ele>
   </trkpt>
   <trkpt lat="49.49118000000001" lon="8.81661">
    <ele>403.91</ele>
   </trkpt>
   <trkpt lat="49.491710000000005" lon="8.81752">
    <ele>397.22</ele>
   </trkpt>
   <trkpt lat="49.491890000000005" lon="8.8178">
    <ele>395.70000000000005</ele>
   </trkpt>
   <trkpt lat="49.49199" lon="8.81792">
    <ele>395.70000000000005</ele>
   </trkpt>
   <trkpt lat="49.492360000000005" lon="8.818230000000002">
    <ele>393.01</ele>
   </trkpt>
   <trkpt lat="49.49315000000001" lon="8.818750000000001">
    <ele>388.87000000000006</ele>
   </trkpt>
   <trkpt lat="49.49380000000001" lon="8.81912">
    <ele>384.77000000000004</ele>
   </trkpt>
   <trkpt lat="49.494460000000004" lon="8.81975">
    <ele>380.45</ele>
   </trkpt>
   <trkpt lat="49.494580000000006" lon="8.8199">
    <ele>379.18</ele>
   </trkpt>
   <trkpt lat="49.49508" lon="8.82099">
    <ele>375.56</ele>
   </trkpt>
   <trkpt lat="49.49519" lon="8.821140000000002">
    <ele>374.44000000000005</ele>
   </trkpt>
   <trkpt lat="49.49557" lon="8.82154">
    <ele>373.29</ele>
   </trkpt>
   <trkpt lat="49.495610000000006" lon="8.82164">
    <ele>373.19</ele>
   </trkpt>
   <trkpt lat="49.495630000000006" lon="8.82173">
    <ele>372.86</ele>
   </trkpt>
   <trkpt lat="49.49562" lon="8.821760000000001">
    <ele>372.86</ele>
   </trkpt>
   <trkpt lat="49.49557" lon="8.82184">
    <ele>371.88000000000005</ele>
   </trkpt>
   <trkpt lat="49.49551" lon="8.82188">
    <ele>371.88000000000005</ele>
   </trkpt>
   <trkpt lat="49.49528" lon="8.821950000000001">
    <ele>370.66</ele>
   </trkpt>
   <trkpt lat="49.495110000000004" lon="8.82197">
    <ele>369.43</ele>
   </trkpt>
   <trkpt lat="49.49479" lon="8.821950000000001">
    <ele>367.4</ele>
   </trkpt>
   <trkpt lat="49.49419" lon="8.82182">
    <ele>362.88000000000005</ele>
   </trkpt>
   <trkpt lat="49.493700000000004" lon="8.82182">
    <ele>360.96</ele>
   </trkpt>
   <trkpt lat="49.49338" lon="8.82191">
    <ele>359.21000000000004</ele>
   </trkpt>
   <trkpt lat="49.492940000000004" lon="8.82211">
    <ele>356.02</ele>
   </trkpt>
   <trkpt lat="49.49255" lon="8.822320000000001">
    <ele>354.26</ele>
   </trkpt>
   <trkpt lat="49.49239000000001" lon="8.82243">
    <ele>353.79</ele>
   </trkpt>
   <trkpt lat="49.49230000000001" lon="8.82257">
    <ele>352.46000000000004</ele>
   </trkpt>
   <trkpt lat="49.49228" lon="8.82267">
    <ele>352.46000000000004</ele>
   </trkpt>
   <trkpt lat="49.492290000000004" lon="8.8229">
    <ele>351.29</ele>
   </trkpt>
   <trkpt lat="49.49239000000001" lon="8.82339">
    <ele>348.99</ele>
   </trkpt>
   <trkpt lat="49.492610000000006" lon="8.82431">
    <ele>346.14</ele>
   </trkpt>
   <trkpt lat="49.49288000000001" lon="8.82525">
    <ele>341.22</ele>
   </trkpt>
   <trkpt lat="49.49333000000001" lon="8.826160000000002">
    <ele>337.37</ele>
   </trkpt>
   <trkpt lat="49.49349" lon="8.826630000000002">
    <ele>334.78000000000003</ele>
   </trkpt>
   <trkpt lat="49.49362000000001" lon="8.82694">
    <ele>334.78000000000003</ele>
   </trkpt>
   <trkpt lat="49.49376" lon="8.82717">
    <ele>331.70000000000005</ele>
   </trkpt>
   <trkpt lat="49.494080000000004" lon="8.82755">
    <ele>329.99</ele>
   </trkpt>
   <trkpt lat="49.494220000000006" lon="8.82766">
    <ele>329.54</ele>
   </trkpt>
   <trkpt lat="49.49439" lon="8.82773">
    <ele>328.46000000000004</ele>
   </trkpt>
   <trkpt lat="49.494640000000004" lon="8.82773">
    <ele>328.46000000000004</ele>
   </trkpt>
   <trkpt lat="49.494960000000006" lon="8.8277">
    <ele>326.17</ele>
   </trkpt>
   <trkpt lat="49.495160000000006" lon="8.82774">
    <ele>324.99</ele>
   </trkpt>
   <trkpt lat="49.49533" lon="8.82784">
    <ele>324.3</ele>
   </trkpt>
   <trkpt lat="49.495470000000005" lon="8.82797">
    <ele>323.92</ele>
   </trkpt>
   <trkpt lat="49.49557" lon="8.828140000000001">
    <ele>322.99</ele>
   </trkpt>
   <trkpt lat="49.4956" lon="8.828330000000001">
    <ele>321.89</ele>
   </trkpt>
   <trkpt lat="49.495580000000004" lon="8.829210000000002">
    <ele>318.35</ele>
   </trkpt>
   <trkpt lat="49.49565500763023" lon="8.830539998082479">
    <ele>314.26000000000005</ele>
   </trkpt>
   <trkpt lat="49.49573" lon="8.83187">
    <ele>308.20000000000005</ele>
   </trkpt>
   <trkpt lat="49.49575500448712" lon="8.832889999613768">
    <ele>303.00000000000006</ele>
   </trkpt>
   <trkpt lat="49.49578" lon="8.833910000000001">
    <ele>296.27000000000004</ele>
   </trkpt>
   <trkpt lat="49.495875002482606" lon="8.834669998471295">
    <ele>294.92</ele>
   </trkpt>
   <trkpt lat="49.49597000000001" lon="8.83543">
    <ele>285.29</ele>
   </trkpt>
   <trkpt lat="49.49618" lon="8.836110000000001">
    <ele>279.67</ele>
   </trkpt>
   <trkpt lat="49.496410000000004" lon="8.83675">
    <ele>275.57000000000005</ele>
   </trkpt>
   <trkpt lat="49.496660000000006" lon="8.837140000000002">
    <ele>273.25000000000006</ele>
   </trkpt>
   <trkpt lat="49.497330000000005" lon="8.837850000000001">
    <ele>266.78000000000003</ele>
   </trkpt>
   <trkpt lat="49.497440000000005" lon="8.83792">
    <ele>264.06</ele>
   </trkpt>
   <trkpt lat="49.497640000000004" lon="8.837900000000001">
    <ele>263.35</ele>
   </trkpt>
   <trkpt lat="49.497780000000006" lon="8.837860000000001">
    <ele>261.98</ele>
   </trkpt>
   <trkpt lat="49.49783000000001" lon="8.83788">
    <ele>261.98</ele>
   </trkpt>
   <trkpt lat="49.497840000000004" lon="8.83792">
    <ele>261.66</ele>
   </trkpt>
   <trkpt lat="49.49785000000001" lon="8.838000000000001">
    <ele>261.37000000000006</ele>
   </trkpt>
   <trkpt lat="49.497800000000005" lon="8.83807">
    <ele>261.11</ele>
   </trkpt>
   <trkpt lat="49.497550000000004" lon="8.83824">
    <ele>259.93</ele>
   </trkpt>
   <trkpt lat="49.49741" lon="8.83826">
    <ele>259.93</ele>
   </trkpt>
   <trkpt lat="49.49705" lon="8.83819">
    <ele>258.70000000000005</ele>
   </trkpt>
   <trkpt lat="49.49673000000001" lon="8.838040000000001">
    <ele>256.47</ele>
   </trkpt>
   <trkpt lat="49.49611" lon="8.837940000000001">
    <ele>252.02</ele>
   </trkpt>
   <trkpt lat="49.49575" lon="8.837800000000001">
    <ele>247.8</ele>
   </trkpt>
   <trkpt lat="49.49519" lon="8.837290000000001">
    <ele>242.07</ele>
   </trkpt>
   <trkpt lat="49.49497" lon="8.83713">
    <ele>240.92000000000002</ele>
   </trkpt>
   <trkpt lat="49.494330000000005" lon="8.83675">
    <ele>233.73000000000002</ele>
   </trkpt>
   <trkpt lat="49.49363" lon="8.83629">
    <ele>224.10000000000002</ele>
   </trkpt>
   <trkpt lat="49.49306000085923" lon="8.835824994525725">
    <ele>215.35000000000002</ele>
   </trkpt>
   <trkpt lat="49.492490000000004" lon="8.835360000000001">
    <ele>207.39000000000001</ele>
   </trkpt>
   <trkpt lat="49.49215" lon="8.83497">
    <ele>203.49</ele>
   </trkpt>
   <trkpt lat="49.49201" lon="8.83472">
    <ele>199.89000000000001</ele>
   </trkpt>
   <trkpt lat="49.49192000000001" lon="8.8345">
    <ele>198.84</ele>
   </trkpt>
   <trkpt lat="49.491800000000005" lon="8.8345">
    <ele>198.27000000000004</ele>
   </trkpt>
   <trkpt lat="49.491865002354125" lon="8.835239998949849">
    <ele>198.04000000000002</ele>
   </trkpt>
   <trkpt lat="49.49193" lon="8.835980000000001">
    <ele>199.03</ele>
   </trkpt>
   <trkpt lat="49.492000000000004" lon="8.836920000000001">
    <ele>200.06</ele>
   </trkpt>
   <trkpt lat="49.49208" lon="8.83732">
    <ele>200.52</ele>
   </trkpt>
   <trkpt lat="49.49217" lon="8.83774">
    <ele>201.22</ele>
   </trkpt>
   <trkpt lat="49.492580000000004" lon="8.83895">
    <ele>203.82000000000002</ele>
   </trkpt>
   <trkpt lat="49.492780002191815" lon="8.839664997037604">
    <ele>205.35</ele>
   </trkpt>
   <trkpt lat="49.49298" lon="8.840380000000001">
    <ele>206.5</ele>
   </trkpt>
   <trkpt lat="49.49309" lon="8.840710000000001">
    <ele>207.11</ele>
   </trkpt>
   <trkpt lat="49.493030000000005" lon="8.8407">
    <ele>208.37000000000003</ele>
   </trkpt>
   <trkpt lat="49.492850000000004" lon="8.84056">
    <ele>209.68</ele>
   </trkpt>
   <trkpt lat="49.492650000000005" lon="8.840290000000001">
    <ele>211.43</ele>
   </trkpt>
   <trkpt lat="49.492850000000004" lon="8.84056">
    <ele>209.68</ele>
   </trkpt>
   <trkpt lat="49.493030000000005" lon="8.8407">
    <ele>207.11</ele>
   </trkpt>
   <trkpt lat="49.49309" lon="8.840710000000001">
    <ele>207.11</ele>
   </trkpt>
   <trkpt lat="49.493430000000004" lon="8.8414">
    <ele>207.81000000000003</ele>
   </trkpt>
   <trkpt lat="49.493700000000004" lon="8.84181">
    <ele>208.72</ele>
   </trkpt>
   <trkpt lat="49.493930000000006" lon="8.84206">
    <ele>209.47</ele>
   </trkpt>
   <trkpt lat="49.49414" lon="8.842260000000001">
    <ele>210.03000000000003</ele>
   </trkpt>
   <trkpt lat="49.494870000000006" lon="8.842780000000001">
    <ele>211.11</ele>
   </trkpt>
   <trkpt lat="49.49515" lon="8.84304">
    <ele>212.01</ele>
   </trkpt>
   <trkpt lat="49.495450000000005" lon="8.84342">
    <ele>213.01</ele>
   </trkpt>
   <trkpt lat="49.495610000000006" lon="8.84366">
    <ele>213.50000000000003</ele>
   </trkpt>
   <trkpt lat="49.49571" lon="8.843850000000002">
    <ele>213.50000000000003</ele>
   </trkpt>
   <trkpt lat="49.49593" lon="8.84436">
    <ele>214.71</ele>
   </trkpt>
   <trkpt lat="49.496370000000006" lon="8.84548">
    <ele>216.14000000000001</ele>
   </trkpt>
   <trkpt lat="49.49656" lon="8.845880000000001">
    <ele>216.14000000000001</ele>
   </trkpt>
   <trkpt lat="49.49673000000001" lon="8.84619">
    <ele>217.35000000000002</ele>
   </trkpt>
   <trkpt lat="49.496880000000004" lon="8.84636">
    <ele>217.35000000000002</ele>
   </trkpt>
   <trkpt lat="49.49692" lon="8.84641">
    <ele>217.45</ele>
   </trkpt>
   <trkpt lat="49.497080000000004" lon="8.846570000000002">
    <ele>217.77</ele>
   </trkpt>
   <trkpt lat="49.497400000000006" lon="8.8468">
    <ele>218.67000000000002</ele>
   </trkpt>
   <trkpt lat="49.49809500042968" lon="8.847149994979997">
    <ele>219.96</ele>
   </trkpt>
   <trkpt lat="49.49879000000001" lon="8.8475">
    <ele>221.37</ele>
   </trkpt>
   <trkpt lat="49.499500000000005" lon="8.84791">
    <ele>222.82000000000002</ele>
   </trkpt>
   <trkpt lat="49.49972" lon="8.84806">
    <ele>223.13000000000002</ele>
   </trkpt>
   <trkpt lat="49.500080000000004" lon="8.84839">
    <ele>224.03</ele>
   </trkpt>
   <trkpt lat="49.50056000000001" lon="8.84896">
    <ele>225.32000000000002</ele>
   </trkpt>
   <trkpt lat="49.500890000000005" lon="8.84928">
    <ele>226.26000000000002</ele>
   </trkpt>
   <trkpt lat="49.50106" lon="8.84941">
    <ele>226.26000000000002</ele>
   </trkpt>
   <trkpt lat="49.5017320028351" lon="8.849815977693103">
    <ele>227.64000000000001</ele>
   </trkpt>
   <trkpt lat="49.50240400424957" lon="8.850221966537203">
    <ele>228.79000000000002</ele>
   </trkpt>
   <trkpt lat="49.50307600424335" lon="8.850627966532855">
    <ele>230.75</ele>
   </trkpt>
   <trkpt lat="49.503748002816366" lon="8.851033977680599">
    <ele>231.20000000000002</ele>
   </trkpt>
   <trkpt lat="49.50442" lon="8.85144">
    <ele>231.03</ele>
   </trkpt>
   <trkpt lat="49.5048" lon="8.85172">
    <ele>230.57000000000002</ele>
   </trkpt>
   <trkpt lat="49.50506000000001" lon="8.85195">
    <ele>230.26000000000002</ele>
   </trkpt>
   <trkpt lat="49.50524" lon="8.852070000000001">
    <ele>230.11</ele>
   </trkpt>
   <trkpt lat="49.50549" lon="8.852170000000001">
    <ele>229.84</ele>
   </trkpt>
   <trkpt lat="49.50625666687909" lon="8.852333328210575">
    <ele>229.0</ele>
   </trkpt>
   <trkpt lat="49.507023333528245" lon="8.852496661540076">
    <ele>229.43</ele>
   </trkpt>
   <trkpt lat="49.50779000000001" lon="8.85266">
    <ele>230.67000000000002</ele>
   </trkpt>
   <trkpt lat="49.508140000000004" lon="8.852780000000001">
    <ele>230.91000000000003</ele>
   </trkpt>
   <trkpt lat="49.50900000140199" lon="8.853173319535157">
    <ele>231.31</ele>
   </trkpt>
   <trkpt lat="49.5098600014706" lon="8.853566652899563">
    <ele>232.74000000000004</ele>
   </trkpt>
   <trkpt lat="49.510720000000006" lon="8.85396">
    <ele>236.0</ele>
   </trkpt>
   <trkpt lat="49.511270000951974" lon="8.854374995492103">
    <ele>237.86</ele>
   </trkpt>
   <trkpt lat="49.51182000000001" lon="8.854790000000001">
    <ele>239.01000000000002</ele>
   </trkpt>
   <trkpt lat="49.51214" lon="8.8551">
    <ele>239.26000000000002</ele>
   </trkpt>
   <trkpt lat="49.512775002252816" lon="8.855824990573904">
    <ele>239.21</ele>
   </trkpt>
   <trkpt lat="49.51341000000001" lon="8.85655">
    <ele>238.16</ele>
   </trkpt>
   <trkpt lat="49.51370000000001" lon="8.856800000000002">
    <ele>237.58</ele>
   </trkpt>
   <trkpt lat="49.51437000000001" lon="8.85722">
    <ele>236.40000000000003</ele>
   </trkpt>
   <trkpt lat="49.514943334270455" lon="8.85753999252814">
    <ele>235.24000000000004</ele>
   </trkpt>
   <trkpt lat="49.515516667658396" lon="8.85785999255851">
    <ele>234.84</ele>
   </trkpt>
   <trkpt lat="49.516090000000005" lon="8.85818">
    <ele>234.08</ele>
   </trkpt>
   <trkpt lat="49.51661000000001" lon="8.858490000000002">
    <ele>233.62</ele>
   </trkpt>
   <trkpt lat="49.516760000000005" lon="8.858600000000001">
    <ele>233.56</ele>
   </trkpt>
   <trkpt lat="49.51702" lon="8.85886">
    <ele>233.68000000000004</ele>
   </trkpt>
   <trkpt lat="49.51763667082982" lon="8.859553315870775">
    <ele>234.41</ele>
   </trkpt>
   <trkpt lat="49.518253337516796" lon="8.860246649226633">
    <ele>235.95000000000002</ele>
   </trkpt>
   <trkpt lat="49.51887000000001" lon="8.860940000000001">
    <ele>238.47</ele>
   </trkpt>
   <trkpt lat="49.51921" lon="8.861460000000001">
    <ele>239.87000000000003</ele>
   </trkpt>
   <trkpt lat="49.519400000000005" lon="8.861780000000001">
    <ele>241.37000000000003</ele>
   </trkpt>
   <trkpt lat="49.519540000000006" lon="8.861970000000001">
    <ele>242.56000000000003</ele>
   </trkpt>
   <trkpt lat="49.519740000000006" lon="8.862160000000001">
    <ele>243.1</ele>
   </trkpt>
   <trkpt lat="49.519870000000004" lon="8.862210000000001">
    <ele>243.1</ele>
   </trkpt>
   <trkpt lat="49.520210000000006" lon="8.86223">
    <ele>245.05</ele>
   </trkpt>
   <trkpt lat="49.52083333338762" lon="8.862176668023835">
    <ele>246.33</ele>
   </trkpt>
   <trkpt lat="49.521456666750744" lon="8.862123334687977">
    <ele>247.96</ele>
   </trkpt>
   <trkpt lat="49.52208" lon="8.862070000000001">
    <ele>248.55</ele>
   </trkpt>
   <trkpt lat="49.52235" lon="8.86209">
    <ele>248.44000000000003</ele>
   </trkpt>
   <trkpt lat="49.522560000000006" lon="8.86217">
    <ele>248.21</ele>
   </trkpt>
   <trkpt lat="49.522740000000006" lon="8.862290000000002">
    <ele>248.00000000000003</ele>
   </trkpt>
   <trkpt lat="49.522940000000006" lon="8.862530000000001">
    <ele>247.39000000000001</ele>
   </trkpt>
   <trkpt lat="49.523360000000004" lon="8.86306">
    <ele>245.70000000000002</ele>
   </trkpt>
   <trkpt lat="49.52344" lon="8.86313">
    <ele>245.70000000000002</ele>
   </trkpt>
   <trkpt lat="49.523590000000006" lon="8.863180000000002">
    <ele>245.34000000000003</ele>
   </trkpt>
   <trkpt lat="49.523740000000004" lon="8.86313">
    <ele>244.74</ele>
   </trkpt>
   <trkpt lat="49.523880000000005" lon="8.86306">
    <ele>244.12000000000003</ele>
   </trkpt>
   <trkpt lat="49.52404000000001" lon="8.863040000000002">
    <ele>243.53000000000003</ele>
   </trkpt>
   <trkpt lat="49.524210000000004" lon="8.863040000000002">
    <ele>243.02</ele>
   </trkpt>
   <trkpt lat="49.52478000000001" lon="8.863100000000001">
    <ele>241.23000000000002</ele>
   </trkpt>
   <trkpt lat="49.52497" lon="8.863150000000001">
    <ele>240.92000000000002</ele>
   </trkpt>
   <trkpt lat="49.525600000000004" lon="8.86344">
    <ele>240.0</ele>
   </trkpt>
   <trkpt lat="49.525960000000005" lon="8.863660000000001">
    <ele>239.62000000000003</ele>
   </trkpt>
   <trkpt lat="49.526270000000004" lon="8.86387">
    <ele>239.43000000000004</ele>
   </trkpt>
   <trkpt lat="49.52658" lon="8.864040000000001">
    <ele>239.20000000000002</ele>
   </trkpt>
   <trkpt lat="49.52716" lon="8.864220000000001">
    <ele>238.98000000000002</ele>
   </trkpt>
   <trkpt lat="49.52760500025475" lon="8.86440999831287">
    <ele>238.99</ele>
   </trkpt>
   <trkpt lat="49.52805000000001" lon="8.864600000000001">
    <ele>239.34000000000003</ele>
   </trkpt>
   <trkpt lat="49.52832" lon="8.86475">
    <ele>239.66</ele>
   </trkpt>
   <trkpt lat="49.52904" lon="8.86499">
    <ele>240.15000000000003</ele>
   </trkpt>
   <trkpt lat="49.529140000000005" lon="8.86505">
    <ele>240.64000000000001</ele>
   </trkpt>
   <trkpt lat="49.529360000000004" lon="8.86528">
    <ele>240.64000000000001</ele>
   </trkpt>
   <trkpt lat="49.52953" lon="8.86541">
    <ele>240.85</ele>
   </trkpt>
   <trkpt lat="49.52973" lon="8.865480000000002">
    <ele>240.99</ele>
   </trkpt>
   <trkpt lat="49.530390000000004" lon="8.865580000000001">
    <ele>242.09000000000003</ele>
   </trkpt>
   <trkpt lat="49.530550000000005" lon="8.86555">
    <ele>242.09000000000003</ele>
   </trkpt>
   <trkpt lat="49.53083" lon="8.86538">
    <ele>242.68</ele>
   </trkpt>
   <trkpt lat="49.53152000000001" lon="8.8649">
    <ele>243.95000000000002</ele>
   </trkpt>
   <trkpt lat="49.531710000000004" lon="8.864790000000001">
    <ele>244.13</ele>
   </trkpt>
   <trkpt lat="49.53186" lon="8.864740000000001">
    <ele>244.13</ele>
   </trkpt>
   <trkpt lat="49.53204" lon="8.86471">
    <ele>244.50000000000003</ele>
   </trkpt>
   <trkpt lat="49.53285499988451" lon="8.864685000420476">
    <ele>244.42000000000002</ele>
   </trkpt>
   <trkpt lat="49.53367" lon="8.86466">
    <ele>243.89000000000001</ele>
   </trkpt>
   <trkpt lat="49.53433000013958" lon="8.864460002710652">
    <ele>243.38</ele>
   </trkpt>
   <trkpt lat="49.53499" lon="8.864260000000002">
    <ele>242.96</ele>
   </trkpt>
   <trkpt lat="49.535360000000004" lon="8.86414">
    <ele>242.69</ele>
   </trkpt>
   <trkpt lat="49.53557000000001" lon="8.86402">
    <ele>242.61</ele>
   </trkpt>
   <trkpt lat="49.536265001044626" lon="8.86356000645355">
    <ele>242.40000000000003</ele>
   </trkpt>
   <trkpt lat="49.53696" lon="8.863100000000001">
    <ele>242.48000000000002</ele>
   </trkpt>
   <trkpt lat="49.53725000000001" lon="8.86293">
    <ele>242.49</ele>
   </trkpt>
   <trkpt lat="49.537440000000004" lon="8.86289">
    <ele>242.59000000000003</ele>
   </trkpt>
   <trkpt lat="49.53801000000001" lon="8.86292">
    <ele>243.07</ele>
   </trkpt>
   <trkpt lat="49.53815" lon="8.862960000000001">
    <ele>243.89000000000001</ele>
   </trkpt>
   <trkpt lat="49.53835" lon="8.86307">
    <ele>243.89000000000001</ele>
   </trkpt>
   <trkpt lat="49.538835000591114" lon="8.863449996204269">
    <ele>245.77</ele>
   </trkpt>
   <trkpt lat="49.539320000000004" lon="8.86383">
    <ele>247.71</ele>
   </trkpt>
   <trkpt lat="49.53938" lon="8.86386">
    <ele>248.34000000000003</ele>
   </trkpt>
   <trkpt lat="49.53943" lon="8.86421">
    <ele>249.08</ele>
   </trkpt>
   <trkpt lat="49.539730000000006" lon="8.864920000000001">
    <ele>250.52</ele>
   </trkpt>
   <trkpt lat="49.53992" lon="8.865590000000001">
    <ele>251.51000000000002</ele>
   </trkpt>
   <trkpt lat="49.54001" lon="8.865860000000001">
    <ele>252.12</ele>
   </trkpt>
   <trkpt lat="49.54027000000001" lon="8.866240000000001">
    <ele>252.98000000000005</ele>
   </trkpt>
   <trkpt lat="49.54059" lon="8.866520000000001">
    <ele>254.57000000000002</ele>
   </trkpt>
   <trkpt lat="49.540890000000005" lon="8.866840000000002">
    <ele>255.86</ele>
   </trkpt>
   <trkpt lat="49.54113" lon="8.867180000000001">
    <ele>257.23</ele>
   </trkpt>
   <trkpt lat="49.54139000000001" lon="8.867650000000001">
    <ele>259.81000000000006</ele>
   </trkpt>
   <trkpt lat="49.54155" lon="8.867980000000001">
    <ele>262.03000000000003</ele>
   </trkpt>
   <trkpt lat="49.54199000422921" lon="8.868969991099496">
    <ele>268.87</ele>
   </trkpt>
   <trkpt lat="49.54243" lon="8.86996">
    <ele>275.84000000000003</ele>
   </trkpt>
   <trkpt lat="49.54283" lon="8.87062">
    <ele>283.01000000000005</ele>
   </trkpt>
   <trkpt lat="49.5431" lon="8.871">
    <ele>287.84000000000003</ele>
   </trkpt>
   <trkpt lat="49.543710000000004" lon="8.87179">
    <ele>292.33000000000004</ele>
   </trkpt>
   <trkpt lat="49.544450000000005" lon="8.87251">
    <ele>298.05</ele>
   </trkpt>
   <trkpt lat="49.5446" lon="8.872570000000001">
    <ele>299.58</ele>
   </trkpt>
   <trkpt lat="49.544970000000006" lon="8.87261">
    <ele>302.35</ele>
   </trkpt>
   <trkpt lat="49.54571000000001" lon="8.872850000000001">
    <ele>310.29</ele>
   </trkpt>
   <trkpt lat="49.54628" lon="8.87308">
    <ele>318.65999999999997</ele>
   </trkpt>
   <trkpt lat="49.54688" lon="8.8735">
    <ele>327.27</ele>
   </trkpt>
   <trkpt lat="49.54731000111719" lon="8.874019995365202">
    <ele>334.74</ele>
   </trkpt>
   <trkpt lat="49.547740000000005" lon="8.874540000000001">
    <ele>345.45000000000005</ele>
   </trkpt>
   <trkpt lat="49.547940000000004" lon="8.8747">
    <ele>346.62</ele>
   </trkpt>
   <trkpt lat="49.54809" lon="8.874740000000001">
    <ele>351.0</ele>
   </trkpt>
   <trkpt lat="49.54825" lon="8.874740000000001">
    <ele>351.0</ele>
   </trkpt>
   <trkpt lat="49.549020000000006" lon="8.874640000000001">
    <ele>360.96</ele>
   </trkpt>
   <trkpt lat="49.549310000000006" lon="8.874630000000002">
    <ele>366.09000000000003</ele>
   </trkpt>
   <trkpt lat="49.55015" lon="8.874740000000001">
    <ele>375.00000000000006</ele>
   </trkpt>
   <trkpt lat="49.55041000000001" lon="8.87481">
    <ele>377.03000000000003</ele>
   </trkpt>
   <trkpt lat="49.55086000000001" lon="8.87498">
    <ele>382.73</ele>
   </trkpt>
   <trkpt lat="49.55125" lon="8.87522">
    <ele>389.70000000000005</ele>
   </trkpt>
   <trkpt lat="49.551460000000006" lon="8.87545">
    <ele>392.45</ele>
   </trkpt>
   <trkpt lat="49.55171000000001" lon="8.875850000000002">
    <ele>397.47</ele>
   </trkpt>
   <trkpt lat="49.551840000000006" lon="8.87636">
    <ele>400.96000000000004</ele>
   </trkpt>
   <trkpt lat="49.55192" lon="8.87697">
    <ele>403.65</ele>
   </trkpt>
   <trkpt lat="49.55207" lon="8.877650000000001">
    <ele>405.0</ele>
   </trkpt>
   <trkpt lat="49.552200000000006" lon="8.87874">
    <ele>410.78000000000003</ele>
   </trkpt>
   <trkpt lat="49.55232" lon="8.8793">
    <ele>412.34000000000003</ele>
   </trkpt>
   <trkpt lat="49.552550000000004" lon="8.88005">
    <ele>415.96999999999997</ele>
   </trkpt>
   <trkpt lat="49.55301000000001" lon="8.881210000000001">
    <ele>420.72</ele>
   </trkpt>
   <trkpt lat="49.55308" lon="8.88132">
    <ele>420.72</ele>
   </trkpt>
   <trkpt lat="49.553160000000005" lon="8.88141">
    <ele>421.72</ele>
   </trkpt>
   <trkpt lat="49.55332000000001" lon="8.88151">
    <ele>421.72</ele>
   </trkpt>
   <trkpt lat="49.553560000000004" lon="8.881580000000001">
    <ele>425.08</ele>
   </trkpt>
   <trkpt lat="49.5538" lon="8.881580000000001">
    <ele>425.08</ele>
   </trkpt>
   <trkpt lat="49.554610000000004" lon="8.881260000000001">
    <ele>430.25</ele>
   </trkpt>
   <trkpt lat="49.55478" lon="8.88122">
    <ele>430.25</ele>
   </trkpt>
   <trkpt lat="49.55559" lon="8.881110000000001">
    <ele>435.87</ele>
   </trkpt>
   <trkpt lat="49.55603000000001" lon="8.88118">
    <ele>439.44000000000005</ele>
   </trkpt>
   <trkpt lat="49.55646" lon="8.88128">
    <ele>441.55000000000007</ele>
   </trkpt>
   <trkpt lat="49.55662" lon="8.881400000000001">
    <ele>441.45</ele>
   </trkpt>
   <trkpt lat="49.556740000000005" lon="8.881450000000001">
    <ele>440.72</ele>
   </trkpt>
   <trkpt lat="49.55688000000001" lon="8.88147">
    <ele>439.56000000000006</ele>
   </trkpt>
   <trkpt lat="49.55709" lon="8.88147">
    <ele>437.3</ele>
   </trkpt>
   <trkpt lat="49.557860000000005" lon="8.881820000000001">
    <ele>432.57</ele>
   </trkpt>
   <trkpt lat="49.55794" lon="8.88189">
    <ele>432.57</ele>
   </trkpt>
   <trkpt lat="49.55801" lon="8.88199">
    <ele>431.71000000000004</ele>
   </trkpt>
   <trkpt lat="49.558170000000004" lon="8.88236">
    <ele>429.75</ele>
   </trkpt>
   <trkpt lat="49.5583" lon="8.882900000000001">
    <ele>426.68000000000006</ele>
   </trkpt>
   <trkpt lat="49.55832" lon="8.88324">
    <ele>425.27000000000004</ele>
   </trkpt>
   <trkpt lat="49.55821" lon="8.88432">
    <ele>419.77000000000004</ele>
   </trkpt>
   <trkpt lat="49.55816" lon="8.88512">
    <ele>417.32</ele>
   </trkpt>
   <trkpt lat="49.558060000000005" lon="8.88607">
    <ele>415.53000000000003</ele>
   </trkpt>
   <trkpt lat="49.558080000000004" lon="8.886600000000001">
    <ele>414.30000000000007</ele>
   </trkpt>
   <trkpt lat="49.558040000000005" lon="8.886700000000001">
    <ele>414.30000000000007</ele>
   </trkpt>
   <trkpt lat="49.557990000000004" lon="8.88673">
    <ele>412.33000000000004</ele>
   </trkpt>
   <trkpt lat="49.557950000000005" lon="8.88671">
    <ele>412.33000000000004</ele>
   </trkpt>
   <trkpt lat="49.557930000000006" lon="8.886660000000001">
    <ele>412.33000000000004</ele>
   </trkpt>
   <trkpt lat="49.55791000000001" lon="8.886220000000002">
    <ele>407.49</ele>
   </trkpt>
   <trkpt lat="49.55785" lon="8.88588">
    <ele>407.49</ele>
   </trkpt>
   <trkpt lat="49.557590000000005" lon="8.884770000000001">
    <ele>398.65000000000003</ele>
   </trkpt>
   <trkpt lat="49.557520000000004" lon="8.884630000000001">
    <ele>398.57000000000005</ele>
   </trkpt>
   <trkpt lat="49.557480000000005" lon="8.884590000000001">
    <ele>398.57000000000005</ele>
   </trkpt>
   <trkpt lat="49.557370000000006" lon="8.88461">
    <ele>396.91</ele>
   </trkpt>
   <trkpt lat="49.557300000000005" lon="8.88469">
    <ele>393.92</ele>
   </trkpt>
   <trkpt lat="49.55727" lon="8.88475">
    <ele>393.92</ele>
   </trkpt>
   <trkpt lat="49.55724000000001" lon="8.884920000000001">
    <ele>393.43000000000006</ele>
   </trkpt>
   <trkpt lat="49.557170000000006" lon="8.886040000000001">
    <ele>385.6</ele>
   </trkpt>
   <trkpt lat="49.556980004434635" lon="8.88705000371786">
    <ele>376.43</ele>
   </trkpt>
   <trkpt lat="49.55679000000001" lon="8.888060000000001">
    <ele>370.1700000000001</ele>
   </trkpt>
   <trkpt lat="49.55668000000001" lon="8.88874">
    <ele>365.11</ele>
   </trkpt>
   <trkpt lat="49.55664" lon="8.889130000000002">
    <ele>363.02</ele>
   </trkpt>
   <trkpt lat="49.556580000000004" lon="8.8901">
    <ele>358.98</ele>
   </trkpt>
   <trkpt lat="49.55658000413763" lon="8.891080000045708">
    <ele>353.31</ele>
   </trkpt>
   <trkpt lat="49.556580000000004" lon="8.89206">
    <ele>347.14</ele>
   </trkpt>
   <trkpt lat="49.55664" lon="8.893320000000001">
    <ele>342.28000000000003</ele>
   </trkpt>
   <trkpt lat="49.55669" lon="8.893880000000001">
    <ele>339.78000000000003</ele>
   </trkpt>
   <trkpt lat="49.55675" lon="8.894260000000001">
    <ele>336.17</ele>
   </trkpt>
   <trkpt lat="49.5568" lon="8.89442">
    <ele>336.17</ele>
   </trkpt>
   <trkpt lat="49.55686000000001" lon="8.89455">
    <ele>333.89</ele>
   </trkpt>
   <trkpt lat="49.556940000000004" lon="8.894670000000001">
    <ele>333.89</ele>
   </trkpt>
   <trkpt lat="49.557080000000006" lon="8.8948">
    <ele>332.47</ele>
   </trkpt>
   <trkpt lat="49.55771000000001" lon="8.89517">
    <ele>325.38</ele>
   </trkpt>
   <trkpt lat="49.55827000000001" lon="8.89532">
    <ele>318.83</ele>
   </trkpt>
   <trkpt lat="49.558840000000004" lon="8.895370000000002">
    <ele>317.24</ele>
   </trkpt>
   <trkpt lat="49.55903000000001" lon="8.89535">
    <ele>313.76000000000005</ele>
   </trkpt>
   <trkpt lat="49.55928" lon="8.8952">
    <ele>311.52000000000004</ele>
   </trkpt>
   <trkpt lat="49.559400000000004" lon="8.895100000000001">
    <ele>310.72</ele>
   </trkpt>
   <trkpt lat="49.55953" lon="8.89503">
    <ele>309.82000000000005</ele>
   </trkpt>
   <trkpt lat="49.559630000000006" lon="8.89507">
    <ele>307.88000000000005</ele>
   </trkpt>
   <trkpt lat="49.559670000000004" lon="8.89512">
    <ele>307.88000000000005</ele>
   </trkpt>
   <trkpt lat="49.559720000000006" lon="8.895280000000001">
    <ele>306.15000000000003</ele>
   </trkpt>
   <trkpt lat="49.55970000000001" lon="8.89554">
    <ele>305.01</ele>
   </trkpt>
   <trkpt lat="49.55966" lon="8.89563">
    <ele>305.01</ele>
   </trkpt>
   <trkpt lat="49.55959000000001" lon="8.89567">
    <ele>303.66</ele>
   </trkpt>
   <trkpt lat="49.55877" lon="8.89588">
    <ele>299.24</ele>
   </trkpt>
   <trkpt lat="49.558510000000005" lon="8.895990000000001">
    <ele>297.79</ele>
   </trkpt>
   <trkpt lat="49.55792" lon="8.896090000000001">
    <ele>295.51000000000005</ele>
   </trkpt>
   <trkpt lat="49.55767" lon="8.8961">
    <ele>294.94000000000005</ele>
   </trkpt>
   <trkpt lat="49.557430000000004" lon="8.89607">
    <ele>294.69</ele>
   </trkpt>
   <trkpt lat="49.55666" lon="8.89581">
    <ele>291.49</ele>
   </trkpt>
   <trkpt lat="49.556580000000004" lon="8.895800000000001">
    <ele>290.90999999999997</ele>
   </trkpt>
   <trkpt lat="49.556470000000004" lon="8.895840000000002">
    <ele>290.39000000000004</ele>
   </trkpt>
   <trkpt lat="49.55617" lon="8.89616">
    <ele>289.28000000000003</ele>
   </trkpt>
   <trkpt lat="49.556050000000006" lon="8.896260000000002">
    <ele>288.56000000000006</ele>
   </trkpt>
   <trkpt lat="49.555460000000004" lon="8.89658">
    <ele>286.32</ele>
   </trkpt>
   <trkpt lat="49.55521" lon="8.89676">
    <ele>283.8</ele>
   </trkpt>
   <trkpt lat="49.555020000000006" lon="8.896980000000001">
    <ele>283.24000000000007</ele>
   </trkpt>
   <trkpt lat="49.554790000000004" lon="8.8975">
    <ele>284.07000000000005</ele>
   </trkpt>
   <trkpt lat="49.554640000000006" lon="8.897920000000001">
    <ele>284.79</ele>
   </trkpt>
   <trkpt lat="49.554480000000005" lon="8.898140000000001">
    <ele>285.37</ele>
   </trkpt>
   <trkpt lat="49.554410000000004" lon="8.89822">
    <ele>285.37</ele>
   </trkpt>
   <trkpt lat="49.5544" lon="8.89822">
    <ele>285.38</ele>
   </trkpt>
   <trkpt lat="49.55456" lon="8.89827">
    <ele>285.78000000000003</ele>
   </trkpt>
   <trkpt lat="49.554750000000006" lon="8.89827">
    <ele>286.62000000000006</ele>
   </trkpt>
   <trkpt lat="49.55529000000001" lon="8.89821">
    <ele>287.5</ele>
   </trkpt>
   <trkpt lat="49.55577" lon="8.898060000000001">
    <ele>288.46999999999997</ele>
   </trkpt>
   <trkpt lat="49.556070000000005" lon="8.89783">
    <ele>288.95000000000005</ele>
   </trkpt>
   <trkpt lat="49.556450000000005" lon="8.89742">
    <ele>289.94</ele>
   </trkpt>
   <trkpt lat="49.556830000000005" lon="8.897260000000001">
    <ele>290.37</ele>
   </trkpt>
   <trkpt lat="49.557210000000005" lon="8.89729">
    <ele>291.40000000000003</ele>
   </trkpt>
   <trkpt lat="49.558020000000006" lon="8.89752">
    <ele>293.16</ele>
   </trkpt>
   <trkpt lat="49.558670000000006" lon="8.89757">
    <ele>294.74</ele>
   </trkpt>
   <trkpt lat="49.55944" lon="8.89755">
    <ele>297.00000000000006</ele>
   </trkpt>
   <trkpt lat="49.559960000000004" lon="8.897490000000001">
    <ele>298.11</ele>
   </trkpt>
   <trkpt lat="49.560680000000005" lon="8.897310000000001">
    <ele>300.54</ele>
   </trkpt>
   <trkpt lat="49.56085" lon="8.89732">
    <ele>301.07</ele>
   </trkpt>
   <trkpt lat="49.56119" lon="8.89741">
    <ele>301.51</ele>
   </trkpt>
   <trkpt lat="49.5613" lon="8.897400000000001">
    <ele>301.85</ele>
   </trkpt>
   <trkpt lat="49.561640000000004" lon="8.897310000000001">
    <ele>302.77000000000004</ele>
   </trkpt>
   <trkpt lat="49.56215" lon="8.897300000000001">
    <ele>305.21000000000004</ele>
   </trkpt>
   <trkpt lat="49.56237" lon="8.897350000000001">
    <ele>305.56</ele>
   </trkpt>
   <trkpt lat="49.562720000000006" lon="8.8975">
    <ele>307.17</ele>
   </trkpt>
   <trkpt lat="49.56307" lon="8.89769">
    <ele>308.18</ele>
   </trkpt>
   <trkpt lat="49.56353000000001" lon="8.89807">
    <ele>310.21000000000004</ele>
   </trkpt>
   <trkpt lat="49.56385" lon="8.89846">
    <ele>310.85</ele>
   </trkpt>
   <trkpt lat="49.56398" lon="8.898530000000001">
    <ele>311.09000000000003</ele>
   </trkpt>
   <trkpt lat="49.56407" lon="8.89851">
    <ele>311.09000000000003</ele>
   </trkpt>
   <trkpt lat="49.564710000000005" lon="8.897780000000001">
    <ele>313.37</ele>
   </trkpt>
   <trkpt lat="49.56479" lon="8.89764">
    <ele>313.37</ele>
   </trkpt>
   <trkpt lat="49.565090000000005" lon="8.897480000000002">
    <ele>314.37</ele>
   </trkpt>
   <trkpt lat="49.565290000000005" lon="8.89747">
    <ele>314.70000000000005</ele>
   </trkpt>
   <trkpt lat="49.566010000000006" lon="8.897580000000001">
    <ele>315.01</ele>
   </trkpt>
   <trkpt lat="49.566485000117154" lon="8.897510000666918">
    <ele>315.66</ele>
   </trkpt>
   <trkpt lat="49.56696" lon="8.897440000000001">
    <ele>316.37000000000006</ele>
   </trkpt>
   <trkpt lat="49.567820000000005" lon="8.89751">
    <ele>317.75</ele>
   </trkpt>
   <trkpt lat="49.56868500035714" lon="8.897849993920033">
    <ele>318.15999999999997</ele>
   </trkpt>
   <trkpt lat="49.56955000000001" lon="8.898190000000001">
    <ele>318.47</ele>
   </trkpt>
   <trkpt lat="49.569860000000006" lon="8.89845">
    <ele>318.45</ele>
   </trkpt>
   <trkpt lat="49.57016" lon="8.898620000000001">
    <ele>319.01</ele>
   </trkpt>
   <trkpt lat="49.570690000000006" lon="8.89873">
    <ele>319.65000000000003</ele>
   </trkpt>
   <trkpt lat="49.57094000000001" lon="8.89872">
    <ele>320.87000000000006</ele>
   </trkpt>
   <trkpt lat="49.571220000000004" lon="8.898810000000001">
    <ele>322.39</ele>
   </trkpt>
   <trkpt lat="49.57148" lon="8.899080000000001">
    <ele>324.42</ele>
   </trkpt>
   <trkpt lat="49.571650000000005" lon="8.899460000000001">
    <ele>327.19000000000005</ele>
   </trkpt>
   <trkpt lat="49.571740000000005" lon="8.899750000000001">
    <ele>328.03000000000003</ele>
   </trkpt>
   <trkpt lat="49.571810000000006" lon="8.899790000000001">
    <ele>328.03000000000003</ele>
   </trkpt>
   <trkpt lat="49.57189" lon="8.89976">
    <ele>328.03000000000003</ele>
   </trkpt>
   <trkpt lat="49.572030000000005" lon="8.89949">
    <ele>330.21</ele>
   </trkpt>
   <trkpt lat="49.57231" lon="8.89921">
    <ele>330.21</ele>
   </trkpt>
   <trkpt lat="49.57255000000001" lon="8.899080000000001">
    <ele>331.01000000000005</ele>
   </trkpt>
   <trkpt lat="49.573370000000004" lon="8.89883">
    <ele>332.8</ele>
   </trkpt>
   <trkpt lat="49.574090000000005" lon="8.89868">
    <ele>332.64000000000004</ele>
   </trkpt>
   <trkpt lat="49.574450000000006" lon="8.89869">
    <ele>332.77</ele>
   </trkpt>
   <trkpt lat="49.57475" lon="8.89883">
    <ele>334.02000000000004</ele>
   </trkpt>
   <trkpt lat="49.574940000000005" lon="8.898800000000001">
    <ele>334.49</ele>
   </trkpt>
   <trkpt lat="49.575590000000005" lon="8.898470000000001">
    <ele>335.43</ele>
   </trkpt>
   <trkpt lat="49.57598" lon="8.89831">
    <ele>336.56</ele>
   </trkpt>
   <trkpt lat="49.57638000000001" lon="8.898280000000002">
    <ele>337.53000000000003</ele>
   </trkpt>
   <trkpt lat="49.57697" lon="8.898280000000002">
    <ele>339.05</ele>
   </trkpt>
   <trkpt lat="49.57766" lon="8.898430000000001">
    <ele>340.51000000000005</ele>
   </trkpt>
   <trkpt lat="49.578050000000005" lon="8.8984">
    <ele>340.58000000000004</ele>
   </trkpt>
   <trkpt lat="49.578390000000006" lon="8.89821">
    <ele>340.68</ele>
   </trkpt>
   <trkpt lat="49.578810000000004" lon="8.898150000000001">
    <ele>341.31</ele>
   </trkpt>
   <trkpt lat="49.57921" lon="8.898190000000001">
    <ele>341.59</ele>
   </trkpt>
   <trkpt lat="49.57958000000001" lon="8.898100000000001">
    <ele>341.61</ele>
   </trkpt>
   <trkpt lat="49.5802200003914" lon="8.897800003932964">
    <ele>342.05</ele>
   </trkpt>
   <trkpt lat="49.58086" lon="8.8975">
    <ele>343.76</ele>
   </trkpt>
   <trkpt lat="49.58153" lon="8.897310000000001">
    <ele>345.37</ele>
   </trkpt>
   <trkpt lat="49.581970000000005" lon="8.89704">
    <ele>346.80000000000007</ele>
   </trkpt>
   <trkpt lat="49.582370000000004" lon="8.89672">
    <ele>349.05</ele>
   </trkpt>
   <trkpt lat="49.58274" lon="8.89648">
    <ele>351.41</ele>
   </trkpt>
   <trkpt lat="49.58361000000001" lon="8.896410000000001">
    <ele>355.59000000000003</ele>
   </trkpt>
   <trkpt lat="49.583780000000004" lon="8.89643">
    <ele>356.89000000000004</ele>
   </trkpt>
   <trkpt lat="49.583940000000005" lon="8.89647">
    <ele>358.33000000000004</ele>
   </trkpt>
   <trkpt lat="49.58417000000001" lon="8.89671">
    <ele>359.57000000000005</ele>
   </trkpt>
   <trkpt lat="49.584230000000005" lon="8.896730000000002">
    <ele>359.57000000000005</ele>
   </trkpt>
   <trkpt lat="49.58431" lon="8.89666">
    <ele>360.24</ele>
   </trkpt>
   <trkpt lat="49.58442" lon="8.89635">
    <ele>363.22</ele>
   </trkpt>
   <trkpt lat="49.584500000000006" lon="8.89628">
    <ele>363.22</ele>
   </trkpt>
   <trkpt lat="49.58534" lon="8.895940000000001">
    <ele>368.1</ele>
   </trkpt>
   <trkpt lat="49.586130000000004" lon="8.89574">
    <ele>367.74</ele>
   </trkpt>
   <trkpt lat="49.586580000000005" lon="8.895560000000001">
    <ele>368.00000000000006</ele>
   </trkpt>
   <trkpt lat="49.58673" lon="8.895520000000001">
    <ele>368.50000000000006</ele>
   </trkpt>
   <trkpt lat="49.586890000000004" lon="8.895520000000001">
    <ele>369.06000000000006</ele>
   </trkpt>
   <trkpt lat="49.58708000000001" lon="8.895570000000001">
    <ele>370.76000000000005</ele>
   </trkpt>
   <trkpt lat="49.587270000000004" lon="8.895660000000001">
    <ele>372.75</ele>
   </trkpt>
   <trkpt lat="49.58749" lon="8.895800000000001">
    <ele>374.16</ele>
   </trkpt>
   <trkpt lat="49.587900000000005" lon="8.89601">
    <ele>372.74</ele>
   </trkpt>
   <trkpt lat="49.58829" lon="8.89614">
    <ele>371.48</ele>
   </trkpt>
   <trkpt lat="49.58852" lon="8.895150000000001">
    <ele>371.8</ele>
   </trkpt>
   <trkpt lat="49.58861" lon="8.89493">
    <ele>371.11000000000007</ele>
   </trkpt>
   <trkpt lat="49.588860000000004" lon="8.89461">
    <ele>369.00000000000006</ele>
   </trkpt>
   <trkpt lat="49.589000000000006" lon="8.89452">
    <ele>368.27000000000004</ele>
   </trkpt>
   <trkpt lat="49.58928" lon="8.89445">
    <ele>367.74</ele>
   </trkpt>
   <trkpt lat="49.58935" lon="8.89437">
    <ele>367.75</ele>
   </trkpt>
   <trkpt lat="49.589490000000005" lon="8.89398">
    <ele>369.12</ele>
   </trkpt>
   <trkpt lat="49.589600000000004" lon="8.8938">
    <ele>370.99</ele>
   </trkpt>
   <trkpt lat="49.5897" lon="8.8937">
    <ele>371.9</ele>
   </trkpt>
   <trkpt lat="49.590250000000005" lon="8.893270000000001">
    <ele>377.08000000000004</ele>
   </trkpt>
   <trkpt lat="49.59031" lon="8.89325">
    <ele>377.15000000000003</ele>
   </trkpt>
   <trkpt lat="49.590970000000006" lon="8.893260000000001">
    <ele>376.23</ele>
   </trkpt>
   <trkpt lat="49.59134" lon="8.893180000000001">
    <ele>377.18</ele>
   </trkpt>
   <trkpt lat="49.59140000000001" lon="8.893180000000001">
    <ele>377.51</ele>
   </trkpt>
   <trkpt lat="49.591660000000005" lon="8.893270000000001">
    <ele>379.79</ele>
   </trkpt>
   <trkpt lat="49.5919" lon="8.893260000000001">
    <ele>383.41</ele>
   </trkpt>
   <trkpt lat="49.59212" lon="8.893120000000001">
    <ele>384.94</ele>
   </trkpt>
   <trkpt lat="49.592400000000005" lon="8.89291">
    <ele>385.37000000000006</ele>
   </trkpt>
   <trkpt lat="49.592470000000006" lon="8.89288">
    <ele>385.37000000000006</ele>
   </trkpt>
   <trkpt lat="49.59302500002755" lon="8.8928250006244">
    <ele>389.62</ele>
   </trkpt>
   <trkpt lat="49.59358" lon="8.89277">
    <ele>394.07000000000005</ele>
   </trkpt>
   <trkpt lat="49.59375000000001" lon="8.89277">
    <ele>394.07000000000005</ele>
   </trkpt>
   <trkpt lat="49.59451000000001" lon="8.89283">
    <ele>400.11</ele>
   </trkpt>
   <trkpt lat="49.59469000000001" lon="8.89277">
    <ele>400.88</ele>
   </trkpt>
   <trkpt lat="49.59476" lon="8.89268">
    <ele>401.47</ele>
   </trkpt>
   <trkpt lat="49.59478000000001" lon="8.892600000000002">
    <ele>401.56</ele>
   </trkpt>
   <trkpt lat="49.59517" lon="8.89277">
    <ele>402.08000000000004</ele>
   </trkpt>
   <trkpt lat="49.595560000000006" lon="8.892840000000001">
    <ele>402.4200000000001</ele>
   </trkpt>
   <trkpt lat="49.59591" lon="8.892840000000001">
    <ele>402.61</ele>
   </trkpt>
   <trkpt lat="49.596380000176424" lon="8.892884999582378">
    <ele>403.11</ele>
   </trkpt>
   <trkpt lat="49.59685" lon="8.892930000000002">
    <ele>403.51000000000005</ele>
   </trkpt>
   <trkpt lat="49.59747666674481" lon="8.893013331194055">
    <ele>403.85</ele>
   </trkpt>
   <trkpt lat="49.59810333342981" lon="8.893096664529793">
    <ele>403.67</ele>
   </trkpt>
   <trkpt lat="49.59873" lon="8.893180000000001">
    <ele>403.12</ele>
   </trkpt>
   <trkpt lat="49.59895" lon="8.893180000000001">
    <ele>403.04</ele>
   </trkpt>
   <trkpt lat="49.599180000000004" lon="8.89314">
    <ele>402.23</ele>
   </trkpt>
   <trkpt lat="49.59939000000001" lon="8.893040000000001">
    <ele>402.09000000000003</ele>
   </trkpt>
   <trkpt lat="49.59951" lon="8.893410000000001">
    <ele>401.75000000000006</ele>
   </trkpt>
   <trkpt lat="49.59955" lon="8.893870000000001">
    <ele>402.25000000000006</ele>
   </trkpt>
   <trkpt lat="49.59951" lon="8.894210000000001">
    <ele>403.05</ele>
   </trkpt>
   <trkpt lat="49.5994" lon="8.89456">
    <ele>403.88</ele>
   </trkpt>
   <trkpt lat="49.599270000000004" lon="8.89485">
    <ele>407.07000000000005</ele>
   </trkpt>
   <trkpt lat="49.599090000000004" lon="8.895100000000001">
    <ele>407.96000000000004</ele>
   </trkpt>
   <trkpt lat="49.59884" lon="8.895370000000002">
    <ele>409.58000000000004</ele>
   </trkpt>
   <trkpt lat="49.598580000000005" lon="8.8956">
    <ele>411.91</ele>
   </trkpt>
   <trkpt lat="49.59834000000001" lon="8.895760000000001">
    <ele>413.31</ele>
   </trkpt>
   <trkpt lat="49.598110000000005" lon="8.89588">
    <ele>414.12000000000006</ele>
   </trkpt>
   <trkpt lat="49.59763" lon="8.896030000000001">
    <ele>417.14</ele>
   </trkpt>
   <trkpt lat="49.597075000023956" lon="8.896140001257441">
    <ele>420.58</ele>
   </trkpt>
   <trkpt lat="49.596520000000005" lon="8.89625">
    <ele>425.58</ele>
   </trkpt>
   <trkpt lat="49.59626" lon="8.89633">
    <ele>427.54</ele>
   </trkpt>
   <trkpt lat="49.59601000000001" lon="8.89647">
    <ele>428.43</ele>
   </trkpt>
   <trkpt lat="49.59584" lon="8.89661">
    <ele>430.58</ele>
   </trkpt>
   <trkpt lat="49.59566" lon="8.896790000000001">
    <ele>430.58</ele>
   </trkpt>
   <trkpt lat="49.5955" lon="8.896980000000001">
    <ele>432.62000000000006</ele>
   </trkpt>
   <trkpt lat="49.595200000000006" lon="8.89752">
    <ele>436.28000000000003</ele>
   </trkpt>
   <trkpt lat="49.595060000000004" lon="8.89783">
    <ele>436.28000000000003</ele>
   </trkpt>
   <trkpt lat="49.594860000000004" lon="8.89837">
    <ele>439.56000000000006</ele>
   </trkpt>
   <trkpt lat="49.594620000000006" lon="8.89926">
    <ele>444.48</ele>
   </trkpt>
   <trkpt lat="49.594570000000004" lon="8.899560000000001">
    <ele>445.34000000000003</ele>
   </trkpt>
   <trkpt lat="49.594570000000004" lon="8.89982">
    <ele>446.61000000000007</ele>
   </trkpt>
   <trkpt lat="49.59460000000001" lon="8.90001">
    <ele>447.51</ele>
   </trkpt>
   <trkpt lat="49.594640000000005" lon="8.900120000000001">
    <ele>447.51</ele>
   </trkpt>
   <trkpt lat="49.59472" lon="8.90028">
    <ele>449.21000000000004</ele>
   </trkpt>
   <trkpt lat="49.59479" lon="8.900350000000001">
    <ele>449.21000000000004</ele>
   </trkpt>
   <trkpt lat="49.59492" lon="8.900390000000002">
    <ele>450.27000000000004</ele>
   </trkpt>
   <trkpt lat="49.59507000000001" lon="8.90038">
    <ele>450.99000000000007</ele>
   </trkpt>
   <trkpt lat="49.595180000000006" lon="8.90034">
    <ele>451.62</ele>
   </trkpt>
   <trkpt lat="49.59536000000001" lon="8.900160000000001">
    <ele>452.95</ele>
   </trkpt>
   <trkpt lat="49.59544" lon="8.899980000000001">
    <ele>453.28000000000003</ele>
   </trkpt>
   <trkpt lat="49.595530000000004" lon="8.899230000000001">
    <ele>454.83</ele>
   </trkpt>
   <trkpt lat="49.595600000000005" lon="8.898940000000001">
    <ele>455.04</ele>
   </trkpt>
   <trkpt lat="49.59572000000001" lon="8.89865">
    <ele>455.04</ele>
   </trkpt>
   <trkpt lat="49.595850000000006" lon="8.898470000000001">
    <ele>456.32000000000005</ele>
   </trkpt>
   <trkpt lat="49.596030000000006" lon="8.898340000000001">
    <ele>456.32000000000005</ele>
   </trkpt>
   <trkpt lat="49.5962" lon="8.898280000000002">
    <ele>456.81000000000006</ele>
   </trkpt>
   <trkpt lat="49.596430000000005" lon="8.89826">
    <ele>457.23</ele>
   </trkpt>
   <trkpt lat="49.596610000000005" lon="8.8983">
    <ele>457.57000000000005</ele>
   </trkpt>
   <trkpt lat="49.596810000000005" lon="8.89837">
    <ele>458.32000000000005</ele>
   </trkpt>
   <trkpt lat="49.59709" lon="8.898530000000001">
    <ele>459.37000000000006</ele>
   </trkpt>
   <trkpt lat="49.59734" lon="8.89874">
    <ele>460.93000000000006</ele>
   </trkpt>
   <trkpt lat="49.59760000000001" lon="8.898990000000001">
    <ele>461.79</ele>
   </trkpt>
   <trkpt lat="49.59792" lon="8.89939">
    <ele>465.13000000000005</ele>
   </trkpt>
   <trkpt lat="49.59821" lon="8.899890000000001">
    <ele>467.56</ele>
   </trkpt>
   <trkpt lat="49.59837" lon="8.900250000000002">
    <ele>468.45000000000005</ele>
   </trkpt>
   <trkpt lat="49.598530000000004" lon="8.900720000000002">
    <ele>469.76</ele>
   </trkpt>
   <trkpt lat="49.598710000000004" lon="8.901430000000001">
    <ele>471.04</ele>
   </trkpt>
   <trkpt lat="49.599230000000006" lon="8.901250000000001">
    <ele>469.6</ele>
   </trkpt>
   <trkpt lat="49.59951" lon="8.90112">
    <ele>468.90000000000003</ele>
   </trkpt>
   <trkpt lat="49.599720000000005" lon="8.90099">
    <ele>468.52000000000004</ele>
   </trkpt>
   <trkpt lat="49.60002" lon="8.900770000000001">
    <ele>467.76000000000005</ele>
   </trkpt>
   <trkpt lat="49.600410000000004" lon="8.90038">
    <ele>467.95000000000005</ele>
   </trkpt>
   <trkpt lat="49.601000000000006" lon="8.899640000000002">
    <ele>469.14000000000004</ele>
   </trkpt>
   <trkpt lat="49.601290000000006" lon="8.8993">
    <ele>469.08000000000004</ele>
   </trkpt>
   <trkpt lat="49.601710000000004" lon="8.89891">
    <ele>468.4800000000001</ele>
   </trkpt>
   <trkpt lat="49.60197" lon="8.89872">
    <ele>467.64000000000004</ele>
   </trkpt>
   <trkpt lat="49.60213" lon="8.89863">
    <ele>467.39000000000004</ele>
   </trkpt>
   <trkpt lat="49.60259500013774" lon="8.898410002131575">
    <ele>466.85</ele>
   </trkpt>
   <trkpt lat="49.603060000000006" lon="8.898190000000001">
    <ele>464.01000000000005</ele>
   </trkpt>
   <trkpt lat="49.60345" lon="8.897950000000002">
    <ele>462.59000000000003</ele>
   </trkpt>
   <trkpt lat="49.60389000000001" lon="8.89756">
    <ele>462.05</ele>
   </trkpt>
   <trkpt lat="49.604265000643416" lon="8.897165003068263">
    <ele>461.11</ele>
   </trkpt>
   <trkpt lat="49.60464" lon="8.89677">
    <ele>460.62</ele>
   </trkpt>
   <trkpt lat="49.604960000000005" lon="8.89649">
    <ele>459.13000000000005</ele>
   </trkpt>
   <trkpt lat="49.60533" lon="8.896220000000001">
    <ele>457.53000000000003</ele>
   </trkpt>
   <trkpt lat="49.60558" lon="8.896080000000001">
    <ele>456.53000000000003</ele>
   </trkpt>
   <trkpt lat="49.606170000000006" lon="8.89593">
    <ele>452.82000000000005</ele>
   </trkpt>
   <trkpt lat="49.606570000000005" lon="8.89593">
    <ele>450.13</ele>
   </trkpt>
   <trkpt lat="49.60676" lon="8.895950000000001">
    <ele>446.3</ele>
   </trkpt>
   <trkpt lat="49.60708" lon="8.89606">
    <ele>442.61000000000007</ele>
   </trkpt>
   <trkpt lat="49.607380000000006" lon="8.896180000000001">
    <ele>442.61000000000007</ele>
   </trkpt>
   <trkpt lat="49.60766" lon="8.89635">
    <ele>438.63</ele>
   </trkpt>
   <trkpt lat="49.60797" lon="8.89658">
    <ele>434.08</ele>
   </trkpt>
   <trkpt lat="49.608520000000006" lon="8.89715">
    <ele>427.50000000000006</ele>
   </trkpt>
   <trkpt lat="49.60889500118813" lon="8.89768999574831">
    <ele>423.65000000000003</ele>
   </trkpt>
   <trkpt lat="49.60927" lon="8.89823">
    <ele>420.05</ele>
   </trkpt>
   <trkpt lat="49.60938" lon="8.89844">
    <ele>419.26</ele>
   </trkpt>
   <trkpt lat="49.609410000000004" lon="8.8985">
    <ele>419.08</ele>
   </trkpt>
   <trkpt lat="49.60974000397225" lon="8.89945999350958">
    <ele>416.31</ele>
   </trkpt>
   <trkpt lat="49.61007000000001" lon="8.90042">
    <ele>414.56000000000006</ele>
   </trkpt>
   <trkpt lat="49.610150000000004" lon="8.90071">
    <ele>413.68000000000006</ele>
   </trkpt>
   <trkpt lat="49.610346674628346" lon="8.90167332540277">
    <ele>408.17</ele>
   </trkpt>
   <trkpt lat="49.610543341262996" lon="8.902636658579045">
    <ele>401.18</ele>
   </trkpt>
   <trkpt lat="49.61074000000001" lon="8.9036">
    <ele>397.5</ele>
   </trkpt>
   <trkpt lat="49.61104668013268" lon="8.904849984299524">
    <ele>389.77</ele>
   </trkpt>
   <trkpt lat="49.61135334680638" lon="8.906099984327895">
    <ele>385.12</ele>
   </trkpt>
   <trkpt lat="49.61166" lon="8.907350000000001">
    <ele>377.05000000000007</ele>
   </trkpt>
   <trkpt lat="49.61175" lon="8.907580000000001">
    <ele>376.08000000000004</ele>
   </trkpt>
   <trkpt lat="49.61202" lon="8.908050000000001">
    <ele>374.49</ele>
   </trkpt>
   <trkpt lat="49.61207" lon="8.908180000000002">
    <ele>372.82000000000005</ele>
   </trkpt>
   <trkpt lat="49.61207" lon="8.90836">
    <ele>372.82000000000005</ele>
   </trkpt>
   <trkpt lat="49.61205" lon="8.908460000000002">
    <ele>372.82000000000005</ele>
   </trkpt>
   <trkpt lat="49.612030000000004" lon="8.908520000000001">
    <ele>372.69</ele>
   </trkpt>
   <trkpt lat="49.61195000000001" lon="8.90862">
    <ele>370.6700000000001</ele>
   </trkpt>
   <trkpt lat="49.61186000000001" lon="8.908660000000001">
    <ele>370.6700000000001</ele>
   </trkpt>
   <trkpt lat="49.61175" lon="8.908660000000001">
    <ele>370.32000000000005</ele>
   </trkpt>
   <trkpt lat="49.61164" lon="8.90862">
    <ele>369.37</ele>
   </trkpt>
   <trkpt lat="49.61130000000001" lon="8.908240000000001">
    <ele>367.15000000000003</ele>
   </trkpt>
   <trkpt lat="49.610820000000004" lon="8.907760000000001">
    <ele>365.16</ele>
   </trkpt>
   <trkpt lat="49.61066" lon="8.907570000000002">
    <ele>364.28000000000003</ele>
   </trkpt>
   <trkpt lat="49.61047000000001" lon="8.907070000000001">
    <ele>362.95000000000005</ele>
   </trkpt>
   <trkpt lat="49.61043" lon="8.907010000000001">
    <ele>362.41</ele>
   </trkpt>
   <trkpt lat="49.61037" lon="8.906960000000002">
    <ele>362.41</ele>
   </trkpt>
   <trkpt lat="49.61028" lon="8.906930000000001">
    <ele>361.83000000000004</ele>
   </trkpt>
   <trkpt lat="49.61023" lon="8.90695">
    <ele>361.83000000000004</ele>
   </trkpt>
   <trkpt lat="49.610150000000004" lon="8.90703">
    <ele>360.96</ele>
   </trkpt>
   <trkpt lat="49.6101" lon="8.907150000000001">
    <ele>360.02</ele>
   </trkpt>
   <trkpt lat="49.610130000000005" lon="8.9074">
    <ele>358.71000000000004</ele>
   </trkpt>
   <trkpt lat="49.610600000000005" lon="8.908460000000002">
    <ele>351.81</ele>
   </trkpt>
   <trkpt lat="49.610690000000005" lon="8.908940000000001">
    <ele>348.80000000000007</ele>
   </trkpt>
   <trkpt lat="49.61081" lon="8.91014">
    <ele>345.88</ele>
   </trkpt>
   <trkpt lat="49.611090000000004" lon="8.91107">
    <ele>341.39000000000004</ele>
   </trkpt>
   <trkpt lat="49.611340000000006" lon="8.91211">
    <ele>337.69000000000005</ele>
   </trkpt>
   <trkpt lat="49.611450000000005" lon="8.91239">
    <ele>337.01000000000005</ele>
   </trkpt>
   <trkpt lat="49.6116" lon="8.91257">
    <ele>336.43</ele>
   </trkpt>
   <trkpt lat="49.611810000000006" lon="8.91268">
    <ele>335.61</ele>
   </trkpt>
   <trkpt lat="49.61204000000001" lon="8.91266">
    <ele>334.85</ele>
   </trkpt>
   <trkpt lat="49.612120000000004" lon="8.91263">
    <ele>334.43</ele>
   </trkpt>
   <trkpt lat="49.61275000069828" lon="8.912220005316232">
    <ele>332.62</ele>
   </trkpt>
   <trkpt lat="49.61338000000001" lon="8.911810000000001">
    <ele>330.96000000000004</ele>
   </trkpt>
   <trkpt lat="49.613710000000005" lon="8.911700000000002">
    <ele>329.96000000000004</ele>
   </trkpt>
   <trkpt lat="49.613870000000006" lon="8.91168">
    <ele>328.68</ele>
   </trkpt>
   <trkpt lat="49.61417" lon="8.91169">
    <ele>328.35</ele>
   </trkpt>
   <trkpt lat="49.61431" lon="8.911660000000001">
    <ele>327.56</ele>
   </trkpt>
   <trkpt lat="49.614430000000006" lon="8.911560000000001">
    <ele>326.68</ele>
   </trkpt>
   <trkpt lat="49.61449" lon="8.91144">
    <ele>326.68</ele>
   </trkpt>
   <trkpt lat="49.61455" lon="8.91125">
    <ele>326.45</ele>
   </trkpt>
   <trkpt lat="49.614580000000004" lon="8.91094">
    <ele>325.95</ele>
   </trkpt>
   <trkpt lat="49.61459000000001" lon="8.910480000000002">
    <ele>324.88</ele>
   </trkpt>
   <trkpt lat="49.61462" lon="8.91022">
    <ele>324.13</ele>
   </trkpt>
   <trkpt lat="49.614700000000006" lon="8.91009">
    <ele>323.83</ele>
   </trkpt>
   <trkpt lat="49.614790000000006" lon="8.91004">
    <ele>323.83</ele>
   </trkpt>
   <trkpt lat="49.614900000000006" lon="8.910060000000001">
    <ele>323.01</ele>
   </trkpt>
   <trkpt lat="49.61497000000001" lon="8.910110000000001">
    <ele>322.83</ele>
   </trkpt>
   <trkpt lat="49.615030000000004" lon="8.910210000000001">
    <ele>321.57</ele>
   </trkpt>
   <trkpt lat="49.61507" lon="8.910350000000001">
    <ele>321.57</ele>
   </trkpt>
   <trkpt lat="49.615080000000006" lon="8.91047">
    <ele>321.57</ele>
   </trkpt>
   <trkpt lat="49.615030000000004" lon="8.910900000000002">
    <ele>319.03000000000003</ele>
   </trkpt>
   <trkpt lat="49.615050000000004" lon="8.911200000000001">
    <ele>317.86</ele>
   </trkpt>
   <trkpt lat="49.61513" lon="8.911560000000001">
    <ele>316.97</ele>
   </trkpt>
   <trkpt lat="49.615170000000006" lon="8.911750000000001">
    <ele>316.66</ele>
   </trkpt>
   <trkpt lat="49.61518" lon="8.91197">
    <ele>316.48</ele>
   </trkpt>
   <trkpt lat="49.615" lon="8.91318">
    <ele>313.79</ele>
   </trkpt>
   <trkpt lat="49.61486000000001" lon="8.913810000000002">
    <ele>313.51</ele>
   </trkpt>
   <trkpt lat="49.61487" lon="8.914010000000001">
    <ele>313.41</ele>
   </trkpt>
   <trkpt lat="49.614900000000006" lon="8.91412">
    <ele>313.41</ele>
   </trkpt>
   <trkpt lat="49.61497000000001" lon="8.91426">
    <ele>313.14000000000004</ele>
   </trkpt>
   <trkpt lat="49.61536" lon="8.914760000000001">
    <ele>312.96000000000004</ele>
   </trkpt>
   <trkpt lat="49.61556" lon="8.915140000000001">
    <ele>312.56</ele>
   </trkpt>
   <trkpt lat="49.61581" lon="8.91572">
    <ele>311.43</ele>
   </trkpt>
   <trkpt lat="49.61596" lon="8.916020000000001">
    <ele>310.81</ele>
   </trkpt>
   <trkpt lat="49.61607" lon="8.916160000000001">
    <ele>309.01</ele>
   </trkpt>
   <trkpt lat="49.61618000000001" lon="8.91627">
    <ele>309.01</ele>
   </trkpt>
   <trkpt lat="49.61654" lon="8.916540000000001">
    <ele>307.58000000000004</ele>
   </trkpt>
   <trkpt lat="49.616670000000006" lon="8.91661">
    <ele>307.22</ele>
   </trkpt>
   <trkpt lat="49.61750000000001" lon="8.916920000000001">
    <ele>306.17</ele>
   </trkpt>
   <trkpt lat="49.61802000001028" lon="8.916979999359153">
    <ele>305.57</ele>
   </trkpt>
   <trkpt lat="49.61854" lon="8.91704">
    <ele>304.78000000000003</ele>
   </trkpt>
   <trkpt lat="49.61903" lon="8.9174">
    <ele>304.12</ele>
   </trkpt>
   <trkpt lat="49.61936000000001" lon="8.91769">
    <ele>303.6</ele>
   </trkpt>
   <trkpt lat="49.619620000000005" lon="8.91801">
    <ele>303.13</ele>
   </trkpt>
   <trkpt lat="49.620160000000006" lon="8.91871">
    <ele>301.65000000000003</ele>
   </trkpt>
   <trkpt lat="49.620290000000004" lon="8.9189">
    <ele>301.65000000000003</ele>
   </trkpt>
   <trkpt lat="49.62042" lon="8.91918">
    <ele>300.83000000000004</ele>
   </trkpt>
   <trkpt lat="49.62066" lon="8.920060000000001">
    <ele>299.89000000000004</ele>
   </trkpt>
   <trkpt lat="49.62084" lon="8.92065">
    <ele>299.34000000000003</ele>
   </trkpt>
   <trkpt lat="49.62120000345881" lon="8.921559993004836">
    <ele>299.05</ele>
   </trkpt>
   <trkpt lat="49.62156" lon="8.92247">
    <ele>298.1</ele>
   </trkpt>
   <trkpt lat="49.62167" lon="8.92284">
    <ele>297.47</ele>
   </trkpt>
   <trkpt lat="49.62173000000001" lon="8.923580000000001">
    <ele>296.33000000000004</ele>
   </trkpt>
   <trkpt lat="49.62174" lon="8.924230000000001">
    <ele>296.08</ele>
   </trkpt>
   <trkpt lat="49.621750000000006" lon="8.924710000000001">
    <ele>295.43</ele>
   </trkpt>
   <trkpt lat="49.621700000000004" lon="8.92514">
    <ele>295.43</ele>
   </trkpt>
   <trkpt lat="49.621660000000006" lon="8.9253">
    <ele>295.34000000000003</ele>
   </trkpt>
   <trkpt lat="49.62145" lon="8.92591">
    <ele>294.71000000000004</ele>
   </trkpt>
   <trkpt lat="49.621280000000006" lon="8.92633">
    <ele>293.86</ele>
   </trkpt>
   <trkpt lat="49.62093500230794" lon="8.927085005667314">
    <ele>293.37</ele>
   </trkpt>
   <trkpt lat="49.62059000000001" lon="8.927840000000002">
    <ele>293.39000000000004</ele>
   </trkpt>
   <trkpt lat="49.620520000000006" lon="8.92805">
    <ele>293.71000000000004</ele>
   </trkpt>
   <trkpt lat="49.620490000000004" lon="8.928320000000001">
    <ele>293.71000000000004</ele>
   </trkpt>
   <trkpt lat="49.62048" lon="8.92966">
    <ele>294.1</ele>
   </trkpt>
   <trkpt lat="49.62053" lon="8.930250000000001">
    <ele>293.7</ele>
   </trkpt>
   <trkpt lat="49.62069" lon="8.93144">
    <ele>290.83000000000004</ele>
   </trkpt>
   <trkpt lat="49.62086000000001" lon="8.932300000000001">
    <ele>289.98</ele>
   </trkpt>
   <trkpt lat="49.62089" lon="8.93257">
    <ele>289.98</ele>
   </trkpt>
   <trkpt lat="49.62089" lon="8.9335">
    <ele>289.21000000000004</ele>
   </trkpt>
   <trkpt lat="49.62095" lon="8.934280000000001">
    <ele>288.33000000000004</ele>
   </trkpt>
   <trkpt lat="49.62104" lon="8.935020000000002">
    <ele>287.52</ele>
   </trkpt>
   <trkpt lat="49.621050000000004" lon="8.935410000000001">
    <ele>285.36</ele>
   </trkpt>
   <trkpt lat="49.62097000000001" lon="8.93619">
    <ele>284.26</ele>
   </trkpt>
   <trkpt lat="49.62098" lon="8.93645">
    <ele>284.36</ele>
   </trkpt>
   <trkpt lat="49.621" lon="8.936570000000001">
    <ele>284.64</ele>
   </trkpt>
   <trkpt lat="49.621210000000005" lon="8.93715">
    <ele>285.81</ele>
   </trkpt>
   <trkpt lat="49.62131" lon="8.93749">
    <ele>286.96000000000004</ele>
   </trkpt>
   <trkpt lat="49.621390000000005" lon="8.937660000000001">
    <ele>287.13</ele>
   </trkpt>
   <trkpt lat="49.62109" lon="8.93824">
    <ele>286.48</ele>
   </trkpt>
   <trkpt lat="49.62102" lon="8.93844">
    <ele>285.98</ele>
   </trkpt>
   <trkpt lat="49.620760000000004" lon="8.93927">
    <ele>285.38</ele>
   </trkpt>
   <trkpt lat="49.62059000000001" lon="8.940000000000001">
    <ele>284.17</ele>
   </trkpt>
   <trkpt lat="49.62053" lon="8.9405">
    <ele>283.83000000000004</ele>
   </trkpt>
   <trkpt lat="49.6205700107431" lon="8.941616664908574">
    <ele>282.33000000000004</ele>
   </trkpt>
   <trkpt lat="49.620610010745814" lon="8.942733331650732">
    <ele>280.75</ele>
   </trkpt>
   <trkpt lat="49.620650000000005" lon="8.943850000000001">
    <ele>279.73</ele>
   </trkpt>
   <trkpt lat="49.62069" lon="8.944220000000001">
    <ele>279.55</ele>
   </trkpt>
   <trkpt lat="49.62095" lon="8.945300000000001">
    <ele>278.98</ele>
   </trkpt>
   <trkpt lat="49.62116" lon="8.945260000000001">
    <ele>278.74</ele>
   </trkpt>
   <trkpt lat="49.621460000000006" lon="8.94524">
    <ele>278.53</ele>
   </trkpt>
   <trkpt lat="49.62116" lon="8.945260000000001">
    <ele>278.74</ele>
   </trkpt>
   <trkpt lat="49.62095" lon="8.945300000000001">
    <ele>279.12</ele>
   </trkpt>
   <trkpt lat="49.62111" lon="8.94597">
    <ele>279.04</ele>
   </trkpt>
   <trkpt lat="49.62115000000001" lon="8.946380000000001">
    <ele>279.1</ele>
   </trkpt>
   <trkpt lat="49.621120000000005" lon="8.94669">
    <ele>278.98</ele>
   </trkpt>
   <trkpt lat="49.62106000000001" lon="8.946990000000001">
    <ele>278.91</ele>
   </trkpt>
   <trkpt lat="49.62089" lon="8.94745">
    <ele>278.87</ele>
   </trkpt>
   <trkpt lat="49.62077000000001" lon="8.947690000000001">
    <ele>278.72</ele>
   </trkpt>
   <trkpt lat="49.62062" lon="8.947930000000001">
    <ele>278.72</ele>
   </trkpt>
   <trkpt lat="49.62023000000001" lon="8.94839">
    <ele>278.75</ele>
   </trkpt>
   <trkpt lat="49.62006" lon="8.94852">
    <ele>278.89000000000004</ele>
   </trkpt>
   <trkpt lat="49.619710000000005" lon="8.948720000000002">
    <ele>278.84000000000003</ele>
   </trkpt>
   <trkpt lat="49.619400000000006" lon="8.9488">
    <ele>278.80000000000007</ele>
   </trkpt>
   <trkpt lat="49.61883499989906" lon="8.948840000471415">
    <ele>278.59</ele>
   </trkpt>
   <trkpt lat="49.61827" lon="8.94888">
    <ele>278.44</ele>
   </trkpt>
   <trkpt lat="49.61797000000001" lon="8.94899">
    <ele>278.34000000000003</ele>
   </trkpt>
   <trkpt lat="49.61778" lon="8.949100000000001">
    <ele>278.34000000000003</ele>
   </trkpt>
   <trkpt lat="49.617560000000005" lon="8.94927">
    <ele>278.34000000000003</ele>
   </trkpt>
   <trkpt lat="49.61724" lon="8.94964">
    <ele>278.14</ele>
   </trkpt>
   <trkpt lat="49.61703000000001" lon="8.950050000000001">
    <ele>278.15</ele>
   </trkpt>
   <trkpt lat="49.61685000000001" lon="8.95054">
    <ele>278.08000000000004</ele>
   </trkpt>
   <trkpt lat="49.61659334457645" lon="8.951683345450817">
    <ele>278.18</ele>
   </trkpt>
   <trkpt lat="49.616336677892996" lon="8.952826678858658">
    <ele>278.13000000000005</ele>
   </trkpt>
   <trkpt lat="49.616080000000004" lon="8.95397">
    <ele>278.33000000000004</ele>
   </trkpt>
   <trkpt lat="49.6158550063422" lon="8.955185005693664">
    <ele>278.82</ele>
   </trkpt>
   <trkpt lat="49.61563" lon="8.9564">
    <ele>279.15</ele>
   </trkpt>
   <trkpt lat="49.61547" lon="8.95716">
    <ele>279.27000000000004</ele>
   </trkpt>
   <trkpt lat="49.615300000000005" lon="8.957730000000002">
    <ele>279.23</ele>
   </trkpt>
   <trkpt lat="49.61496" lon="8.95855">
    <ele>279.01000000000005</ele>
   </trkpt>
   <trkpt lat="49.61475" lon="8.95892">
    <ele>278.86</ele>
   </trkpt>
   <trkpt lat="49.61442" lon="8.95941">
    <ele>278.46000000000004</ele>
   </trkpt>
   <trkpt lat="49.61406" lon="8.95987">
    <ele>278.05</ele>
   </trkpt>
   <trkpt lat="49.61352" lon="8.96049">
    <ele>277.97</ele>
   </trkpt>
   <trkpt lat="49.61297333712125" lon="8.96115001476185">
    <ele>277.93</ele>
   </trkpt>
   <trkpt lat="49.612426670490265" lon="8.96181001471855">
    <ele>278.03</ele>
   </trkpt>
   <trkpt lat="49.611880000000006" lon="8.962470000000001">
    <ele>278.73</ele>
   </trkpt>
   <trkpt lat="49.61148000000001" lon="8.963090000000001">
    <ele>278.96999999999997</ele>
   </trkpt>
   <trkpt lat="49.611270000000005" lon="8.963500000000002">
    <ele>279.31</ele>
   </trkpt>
   <trkpt lat="49.611110000000004" lon="8.963890000000001">
    <ele>279.31</ele>
   </trkpt>
   <trkpt lat="49.6109" lon="8.96456">
    <ele>279.38</ele>
   </trkpt>
   <trkpt lat="49.610780000000005" lon="8.965160000000001">
    <ele>279.5</ele>
   </trkpt>
   <trkpt lat="49.610730000000004" lon="8.965570000000001">
    <ele>279.53</ele>
   </trkpt>
   <trkpt lat="49.610710000000005" lon="8.96601">
    <ele>279.53</ele>
   </trkpt>
   <trkpt lat="49.610730000000004" lon="8.966990000000001">
    <ele>279.30000000000007</ele>
   </trkpt>
   <trkpt lat="49.61072" lon="8.96695">
    <ele>279.31</ele>
   </trkpt>
   <trkpt lat="49.610820000000004" lon="8.967910000000002">
    <ele>279.05</ele>
   </trkpt>
   <trkpt lat="49.61088" lon="8.96908">
    <ele>278.52000000000004</ele>
   </trkpt>
   <trkpt lat="49.610870000000006" lon="8.96996">
    <ele>278.23</ele>
   </trkpt>
   <trkpt lat="49.610820000000004" lon="8.9707">
    <ele>278.05</ele>
   </trkpt>
   <trkpt lat="49.610730000000004" lon="8.97133">
    <ele>277.85</ele>
   </trkpt>
   <trkpt lat="49.610620000000004" lon="8.97193">
    <ele>277.85</ele>
   </trkpt>
   <trkpt lat="49.610375004522155" lon="8.972955005163636">
    <ele>277.99</ele>
   </trkpt>
   <trkpt lat="49.610130000000005" lon="8.973980000000001">
    <ele>278.45000000000005</ele>
   </trkpt>
   <trkpt lat="49.61000000000001" lon="8.97497">
    <ele>278.49</ele>
   </trkpt>
   <trkpt lat="49.609950002661535" lon="8.975755000687888">
    <ele>278.34000000000003</ele>
   </trkpt>
   <trkpt lat="49.6099" lon="8.97654">
    <ele>278.13000000000005</ele>
   </trkpt>
   <trkpt lat="49.60985" lon="8.97708">
    <ele>277.64</ele>
   </trkpt>
   <trkpt lat="49.60980000000001" lon="8.97737">
    <ele>277.42</ele>
   </trkpt>
   <trkpt lat="49.60956" lon="8.978290000000001">
    <ele>275.74</ele>
   </trkpt>
   <trkpt lat="49.60936" lon="8.978810000000001">
    <ele>273.81</ele>
   </trkpt>
   <trkpt lat="49.60904000000001" lon="8.979460000000001">
    <ele>271.61</ele>
   </trkpt>
   <trkpt lat="49.60864" lon="8.98013">
    <ele>268.98</ele>
   </trkpt>
   <trkpt lat="49.60821000406375" lon="8.980820012232686">
    <ele>266.66</ele>
   </trkpt>
   <trkpt lat="49.60778000402629" lon="8.981510012292606">
    <ele>264.09000000000003</ele>
   </trkpt>
   <trkpt lat="49.607350000000004" lon="8.9822">
    <ele>262.36</ele>
   </trkpt>
   <trkpt lat="49.606950000000005" lon="8.98296">
    <ele>260.97</ele>
   </trkpt>
   <trkpt lat="49.60672000238436" lon="8.983700003408181">
    <ele>260.55</ele>
   </trkpt>
   <trkpt lat="49.60649" lon="8.984440000000001">
    <ele>260.42</ele>
   </trkpt>
   <trkpt lat="49.606410000000004" lon="8.984960000000001">
    <ele>260.39</ele>
   </trkpt>
   <trkpt lat="49.606390000000005" lon="8.98536">
    <ele>260.25000000000006</ele>
   </trkpt>
   <trkpt lat="49.606440000000006" lon="8.985840000000001">
    <ele>259.78000000000003</ele>
   </trkpt>
   <trkpt lat="49.60652" lon="8.98624">
    <ele>259.59999999999997</ele>
   </trkpt>
   <trkpt lat="49.60676" lon="8.98704">
    <ele>259.54</ele>
   </trkpt>
   <trkpt lat="49.60676" lon="8.987260000000001">
    <ele>259.54</ele>
   </trkpt>
   <trkpt lat="49.60674" lon="8.98773">
    <ele>259.44</ele>
   </trkpt>
   <trkpt lat="49.60662000000001" lon="8.98775">
    <ele>259.51</ele>
   </trkpt>
   <trkpt lat="49.60627" lon="8.98799">
    <ele>259.64000000000004</ele>
   </trkpt>
   <trkpt lat="49.60572500092189" lon="8.988450005133416">
    <ele>260.05</ele>
   </trkpt>
   <trkpt lat="49.605180000000004" lon="8.98891">
    <ele>262.53000000000003</ele>
   </trkpt>
   <trkpt lat="49.604980000000005" lon="8.989130000000001">
    <ele>263.29</ele>
   </trkpt>
   <trkpt lat="49.604600000000005" lon="8.989700000000001">
    <ele>265.45</ele>
   </trkpt>
   <trkpt lat="49.60401" lon="8.99065">
    <ele>269.84000000000003</ele>
   </trkpt>
   <trkpt lat="49.603790000000004" lon="8.99093">
    <ele>269.84000000000003</ele>
   </trkpt>
   <trkpt lat="49.60354" lon="8.99112">
    <ele>270.67</ele>
   </trkpt>
   <trkpt lat="49.60354" lon="8.99127">
    <ele>270.94</ele>
   </trkpt>
   <trkpt lat="49.60347" lon="8.991470000000001">
    <ele>270.94</ele>
   </trkpt>
   <trkpt lat="49.60304000000001" lon="8.992180000000001">
    <ele>270.98</ele>
   </trkpt>
   <trkpt lat="49.60287" lon="8.9924">
    <ele>270.7</ele>
   </trkpt>
   <trkpt lat="49.602790000000006" lon="8.99243">
    <ele>271.17</ele>
   </trkpt>
   <trkpt lat="49.60219000005919" lon="8.992366665110577">
    <ele>274.3</ele>
   </trkpt>
   <trkpt lat="49.60159000008381" lon="8.992303331779867">
    <ele>279.23</ele>
   </trkpt>
   <trkpt lat="49.60099" lon="8.99224">
    <ele>282.16</ele>
   </trkpt>
   <trkpt lat="49.600300000000004" lon="8.992140000000001">
    <ele>284.8</ele>
   </trkpt>
   <trkpt lat="49.599940000000004" lon="8.99202">
    <ele>286.40000000000003</ele>
   </trkpt>
   <trkpt lat="49.599540000000005" lon="8.991760000000001">
    <ele>287.82</ele>
   </trkpt>
   <trkpt lat="49.599090000000004" lon="8.991380000000001">
    <ele>288.90000000000003</ele>
   </trkpt>
   <trkpt lat="49.598940000000006" lon="8.99132">
    <ele>289.08</ele>
   </trkpt>
   <trkpt lat="49.598850000000006" lon="8.99132">
    <ele>289.15000000000003</ele>
   </trkpt>
   <trkpt lat="49.59873" lon="8.99135">
    <ele>289.34999999999997</ele>
   </trkpt>
   <trkpt lat="49.598620000000004" lon="8.991420000000002">
    <ele>290.28000000000003</ele>
   </trkpt>
   <trkpt lat="49.598530000000004" lon="8.991530000000001">
    <ele>290.28000000000003</ele>
   </trkpt>
   <trkpt lat="49.598420000000004" lon="8.99174">
    <ele>291.54</ele>
   </trkpt>
   <trkpt lat="49.59836000000001" lon="8.99197">
    <ele>292.26</ele>
   </trkpt>
   <trkpt lat="49.598220000000005" lon="8.992840000000001">
    <ele>295.43</ele>
   </trkpt>
   <trkpt lat="49.59817" lon="8.993020000000001">
    <ele>296.8</ele>
   </trkpt>
   <trkpt lat="49.5981" lon="8.99315">
    <ele>296.8</ele>
   </trkpt>
   <trkpt lat="49.59799" lon="8.993260000000001">
    <ele>298.79</ele>
   </trkpt>
   <trkpt lat="49.59780000000001" lon="8.993360000000001">
    <ele>299.39000000000004</ele>
   </trkpt>
   <trkpt lat="49.597260000000006" lon="8.993450000000001">
    <ele>302.74</ele>
   </trkpt>
   <trkpt lat="49.597300000000004" lon="8.993540000000001">
    <ele>303.77000000000004</ele>
   </trkpt>
   <trkpt lat="49.597620000000006" lon="8.99371">
    <ele>307.20000000000005</ele>
   </trkpt>
   <trkpt lat="49.59761" lon="8.99398">
    <ele>308.03000000000003</ele>
   </trkpt>
   <trkpt lat="49.597620000000006" lon="8.99418">
    <ele>308.91</ele>
   </trkpt>
   <trkpt lat="49.597660000000005" lon="8.99426">
    <ele>309.72</ele>
   </trkpt>
   <trkpt lat="49.59774" lon="8.994330000000001">
    <ele>310.46</ele>
   </trkpt>
   <trkpt lat="49.59781" lon="8.99436">
    <ele>311.11000000000007</ele>
   </trkpt>
   <trkpt lat="49.597910000000006" lon="8.99437">
    <ele>311.68</ele>
   </trkpt>
   <trkpt lat="49.59832" lon="8.994380000000001">
    <ele>313.02000000000004</ele>
   </trkpt>
   <trkpt lat="49.59899" lon="8.9943">
    <ele>313.95</ele>
   </trkpt>
   <trkpt lat="49.59910000000001" lon="8.99431">
    <ele>314.16</ele>
   </trkpt>
   <trkpt lat="49.599160000000005" lon="8.99436">
    <ele>314.15000000000003</ele>
   </trkpt>
   <trkpt lat="49.59922" lon="8.994480000000001">
    <ele>314.20000000000005</ele>
   </trkpt>
   <trkpt lat="49.59931" lon="8.994900000000001">
    <ele>313.77000000000004</ele>
   </trkpt>
   <trkpt lat="49.599320000000006" lon="8.99493">
    <ele>313.71999999999997</ele>
   </trkpt>
   <trkpt lat="49.59937000000001" lon="8.99524">
    <ele>313.03000000000003</ele>
   </trkpt>
   <trkpt lat="49.599410000000006" lon="8.99573">
    <ele>310.70000000000005</ele>
   </trkpt>
   <trkpt lat="49.599430000000005" lon="8.99646">
    <ele>307.21000000000004</ele>
   </trkpt>
   <trkpt lat="49.59950000551845" lon="8.99758999867775">
    <ele>302.05</ele>
   </trkpt>
   <trkpt lat="49.59957000000001" lon="8.99872">
    <ele>298.68</ele>
   </trkpt>
   <trkpt lat="49.59955" lon="8.99905">
    <ele>297.92</ele>
   </trkpt>
   <trkpt lat="49.599520000000005" lon="8.99919">
    <ele>297.92</ele>
   </trkpt>
   <trkpt lat="49.599320000000006" lon="8.99971">
    <ele>297.37</ele>
   </trkpt>
   <trkpt lat="49.599320000000006" lon="8.99984">
    <ele>297.37</ele>
   </trkpt>
   <trkpt lat="49.599360000000004" lon="9.00004">
    <ele>297.37</ele>
   </trkpt>
   <trkpt lat="49.599650000000004" lon="9.000630000000001">
    <ele>297.82000000000005</ele>
   </trkpt>
   <trkpt lat="49.599790000000006" lon="9.00106">
    <ele>298.43</ele>
   </trkpt>
   <trkpt lat="49.59985" lon="9.001460000000002">
    <ele>299.65000000000003</ele>
   </trkpt>
   <trkpt lat="49.59986000000001" lon="9.00188">
    <ele>300.08</ele>
   </trkpt>
   <trkpt lat="49.599830000000004" lon="9.002270000000001">
    <ele>300.65000000000003</ele>
   </trkpt>
   <trkpt lat="49.59975000000001" lon="9.002690000000001">
    <ele>300.67</ele>
   </trkpt>
   <trkpt lat="49.59976" lon="9.00277">
    <ele>300.67</ele>
   </trkpt>
   <trkpt lat="49.599830000000004" lon="9.002920000000001">
    <ele>300.66</ele>
   </trkpt>
   <trkpt lat="49.600080000000005" lon="9.00317">
    <ele>301.03000000000003</ele>
   </trkpt>
   <trkpt lat="49.60023" lon="9.00337">
    <ele>301.54</ele>
   </trkpt>
   <trkpt lat="49.600390000000004" lon="9.00364">
    <ele>301.85</ele>
   </trkpt>
   <trkpt lat="49.600590000000004" lon="9.00416">
    <ele>301.19</ele>
   </trkpt>
   <trkpt lat="49.60080000000001" lon="9.00516">
    <ele>301.23</ele>
   </trkpt>
   <trkpt lat="49.60081" lon="9.0054">
    <ele>301.46</ele>
   </trkpt>
   <trkpt lat="49.600750000000005" lon="9.00568">
    <ele>302.3</ele>
   </trkpt>
   <trkpt lat="49.60033000000001" lon="9.00669">
    <ele>303.27000000000004</ele>
   </trkpt>
   <trkpt lat="49.60013000000001" lon="9.00703">
    <ele>303.76000000000005</ele>
   </trkpt>
   <trkpt lat="49.59978" lon="9.007570000000001">
    <ele>306.25</ele>
   </trkpt>
   <trkpt lat="49.599680000000006" lon="9.00777">
    <ele>306.74</ele>
   </trkpt>
   <trkpt lat="49.599540000000005" lon="9.008130000000001">
    <ele>309.6</ele>
   </trkpt>
   <trkpt lat="49.59929" lon="9.00913">
    <ele>312.08000000000004</ele>
   </trkpt>
   <trkpt lat="49.599050000000005" lon="9.009780000000001">
    <ele>312.84</ele>
   </trkpt>
   <trkpt lat="49.59883000000001" lon="9.01018">
    <ele>313.17</ele>
   </trkpt>
   <trkpt lat="49.59866" lon="9.010580000000001">
    <ele>313.77000000000004</ele>
   </trkpt>
   <trkpt lat="49.5985" lon="9.01101">
    <ele>314.45</ele>
   </trkpt>
   <trkpt lat="49.598310000000005" lon="9.011600000000001">
    <ele>315.83</ele>
   </trkpt>
   <trkpt lat="49.59826" lon="9.011690000000002">
    <ele>315.83</ele>
   </trkpt>
   <trkpt lat="49.59812" lon="9.01185">
    <ele>317.3</ele>
   </trkpt>
   <trkpt lat="49.59752" lon="9.011690000000002">
    <ele>318.37000000000006</ele>
   </trkpt>
   <trkpt lat="49.59722000000001" lon="9.011660000000001">
    <ele>319.63</ele>
   </trkpt>
   <trkpt lat="49.596940000000004" lon="9.011690000000002">
    <ele>320.01</ele>
   </trkpt>
   <trkpt lat="49.59664" lon="9.01187">
    <ele>321.55</ele>
   </trkpt>
   <trkpt lat="49.596360000000004" lon="9.012120000000001">
    <ele>322.67</ele>
   </trkpt>
   <trkpt lat="49.595980000000004" lon="9.01253">
    <ele>324.43000000000006</ele>
   </trkpt>
   <trkpt lat="49.59592000000001" lon="9.012640000000001">
    <ele>325.0</ele>
   </trkpt>
   <trkpt lat="49.595890000000004" lon="9.012780000000001">
    <ele>325.62</ele>
   </trkpt>
   <trkpt lat="49.595870000000005" lon="9.013">
    <ele>327.6</ele>
   </trkpt>
   <trkpt lat="49.59592000000001" lon="9.01347">
    <ele>328.76000000000005</ele>
   </trkpt>
   <trkpt lat="49.596000000000004" lon="9.01387">
    <ele>330.31000000000006</ele>
   </trkpt>
   <trkpt lat="49.59606" lon="9.01407">
    <ele>331.43</ele>
   </trkpt>
   <trkpt lat="49.596120000000006" lon="9.01417">
    <ele>332.35</ele>
   </trkpt>
   <trkpt lat="49.59619000000001" lon="9.014240000000001">
    <ele>332.35</ele>
   </trkpt>
   <trkpt lat="49.59628000000001" lon="9.014280000000001">
    <ele>332.91</ele>
   </trkpt>
   <trkpt lat="49.596520000000005" lon="9.014280000000001">
    <ele>334.68</ele>
   </trkpt>
   <trkpt lat="49.596810000000005" lon="9.01425">
    <ele>336.23</ele>
   </trkpt>
   <trkpt lat="49.596880000000006" lon="9.01429">
    <ele>336.85</ele>
   </trkpt>
   <trkpt lat="49.59696" lon="9.014380000000001">
    <ele>338.0</ele>
   </trkpt>
   <trkpt lat="49.597030000000004" lon="9.01453">
    <ele>338.0</ele>
   </trkpt>
   <trkpt lat="49.597060000000006" lon="9.01467">
    <ele>338.84000000000003</ele>
   </trkpt>
   <trkpt lat="49.59711" lon="9.01511">
    <ele>340.46000000000004</ele>
   </trkpt>
   <trkpt lat="49.597080000000005" lon="9.01543">
    <ele>341.6</ele>
   </trkpt>
   <trkpt lat="49.59682" lon="9.01609">
    <ele>344.65</ele>
   </trkpt>
   <trkpt lat="49.596700000000006" lon="9.01651">
    <ele>345.46000000000004</ele>
   </trkpt>
   <trkpt lat="49.596700000000006" lon="9.01661">
    <ele>345.79</ele>
   </trkpt>
   <trkpt lat="49.59678" lon="9.01712">
    <ele>346.74000000000007</ele>
   </trkpt>
   <trkpt lat="49.596720000000005" lon="9.017840000000001">
    <ele>348.99</ele>
   </trkpt>
   <trkpt lat="49.59671" lon="9.018130000000001">
    <ele>349.67</ele>
   </trkpt>
   <trkpt lat="49.59675000000001" lon="9.01858">
    <ele>351.46000000000004</ele>
   </trkpt>
   <trkpt lat="49.59676" lon="9.01919">
    <ele>352.96000000000004</ele>
   </trkpt>
   <trkpt lat="49.59671" lon="9.02003">
    <ele>355.65000000000003</ele>
   </trkpt>
   <trkpt lat="49.596740000000004" lon="9.02068">
    <ele>357.89000000000004</ele>
   </trkpt>
   <trkpt lat="49.596720000000005" lon="9.021640000000001">
    <ele>360.71000000000004</ele>
   </trkpt>
   <trkpt lat="49.59673" lon="9.02189">
    <ele>361.90000000000003</ele>
   </trkpt>
   <trkpt lat="49.596680000000006" lon="9.022260000000001">
    <ele>361.90000000000003</ele>
   </trkpt>
   <trkpt lat="49.5966" lon="9.02266">
    <ele>364.2</ele>
   </trkpt>
   <trkpt lat="49.596500000000006" lon="9.0229">
    <ele>365.91</ele>
   </trkpt>
   <trkpt lat="49.59635" lon="9.02308">
    <ele>366.69</ele>
   </trkpt>
   <trkpt lat="49.59610000000001" lon="9.023340000000001">
    <ele>368.74</ele>
   </trkpt>
   <trkpt lat="49.595960000000005" lon="9.023520000000001">
    <ele>368.74</ele>
   </trkpt>
   <trkpt lat="49.59581000000001" lon="9.023760000000001">
    <ele>370.42</ele>
   </trkpt>
   <trkpt lat="49.59572000000001" lon="9.02396">
    <ele>370.86</ele>
   </trkpt>
   <trkpt lat="49.595650000000006" lon="9.024170000000002">
    <ele>371.70000000000005</ele>
   </trkpt>
   <trkpt lat="49.595490000000005" lon="9.02449">
    <ele>373.22</ele>
   </trkpt>
   <trkpt lat="49.59535" lon="9.024600000000001">
    <ele>374.15000000000003</ele>
   </trkpt>
   <trkpt lat="49.595200000000006" lon="9.02468">
    <ele>375.18</ele>
   </trkpt>
   <trkpt lat="49.59440000000001" lon="9.024700000000001">
    <ele>379.83000000000004</ele>
   </trkpt>
   <trkpt lat="49.5942" lon="9.024740000000001">
    <ele>379.83000000000004</ele>
   </trkpt>
   <trkpt lat="49.59398" lon="9.02487">
    <ele>381.75</ele>
   </trkpt>
   <trkpt lat="49.5938" lon="9.025030000000001">
    <ele>381.75</ele>
   </trkpt>
   <trkpt lat="49.59328000000001" lon="9.025770000000001">
    <ele>385.8</ele>
   </trkpt>
   <trkpt lat="49.59292000000001" lon="9.026380000000001">
    <ele>388.94</ele>
   </trkpt>
   <trkpt lat="49.59281000000001" lon="9.026720000000001">
    <ele>390.91</ele>
   </trkpt>
   <trkpt lat="49.5927" lon="9.02726">
    <ele>392.02000000000004</ele>
   </trkpt>
   <trkpt lat="49.59261" lon="9.02753">
    <ele>395.32</ele>
   </trkpt>
   <trkpt lat="49.59257" lon="9.02759">
    <ele>395.32</ele>
   </trkpt>
   <trkpt lat="49.59244" lon="9.027650000000001">
    <ele>397.18</ele>
   </trkpt>
   <trkpt lat="49.59234000000001" lon="9.02764">
    <ele>397.18</ele>
   </trkpt>
   <trkpt lat="49.592000000000006" lon="9.02744">
    <ele>401.20000000000005</ele>
   </trkpt>
   <trkpt lat="49.59188" lon="9.02743">
    <ele>401.93</ele>
   </trkpt>
   <trkpt lat="49.59174" lon="9.02745">
    <ele>403.69000000000005</ele>
   </trkpt>
   <trkpt lat="49.59122000000001" lon="9.027690000000002">
    <ele>408.07000000000005</ele>
   </trkpt>
   <trkpt lat="49.590920000000004" lon="9.02787">
    <ele>410.46000000000004</ele>
   </trkpt>
   <trkpt lat="49.59031500002787" lon="9.02802500194181">
    <ele>414.29</ele>
   </trkpt>
   <trkpt lat="49.589710000000004" lon="9.02818">
    <ele>420.86</ele>
   </trkpt>
   <trkpt lat="49.58964" lon="9.02823">
    <ele>421.7</ele>
   </trkpt>
   <trkpt lat="49.58964" lon="9.028360000000001">
    <ele>422.50000000000006</ele>
   </trkpt>
   <trkpt lat="49.58964" lon="9.02823">
    <ele>421.7</ele>
   </trkpt>
   <trkpt lat="49.58964" lon="9.028360000000001">
    <ele>422.57000000000005</ele>
   </trkpt>
   <trkpt lat="49.5897" lon="9.028440000000002">
    <ele>423.39000000000004</ele>
   </trkpt>
   <trkpt lat="49.59037000000001" lon="9.0286">
    <ele>428.24</ele>
   </trkpt>
   <trkpt lat="49.590830000000004" lon="9.02879">
    <ele>433.25</ele>
   </trkpt>
   <trkpt lat="49.591010000000004" lon="9.02898">
    <ele>434.38000000000005</ele>
   </trkpt>
   <trkpt lat="49.591080000000005" lon="9.029160000000001">
    <ele>434.38000000000005</ele>
   </trkpt>
   <trkpt lat="49.59118" lon="9.029810000000001">
    <ele>439.73</ele>
   </trkpt>
   <trkpt lat="49.591260000000005" lon="9.03006">
    <ele>441.53000000000003</ele>
   </trkpt>
   <trkpt lat="49.59141" lon="9.03036">
    <ele>443.03000000000003</ele>
   </trkpt>
   <trkpt lat="49.59147" lon="9.03043">
    <ele>443.03000000000003</ele>
   </trkpt>
   <trkpt lat="49.59163" lon="9.03049">
    <ele>443.03000000000003</ele>
   </trkpt>
   <trkpt lat="49.591860000000004" lon="9.03048">
    <ele>449.3</ele>
   </trkpt>
   <trkpt lat="49.59234000000001" lon="9.03036">
    <ele>451.72</ele>
   </trkpt>
   <trkpt lat="49.5927" lon="9.030330000000001">
    <ele>455.0</ele>
   </trkpt>
   <trkpt lat="49.59308000000001" lon="9.03034">
    <ele>457.13000000000005</ele>
   </trkpt>
   <trkpt lat="49.593340000000005" lon="9.030320000000001">
    <ele>460.67</ele>
   </trkpt>
   <trkpt lat="49.59338" lon="9.03036">
    <ele>461.62</ele>
   </trkpt>
   <trkpt lat="49.59339000000001" lon="9.03045">
    <ele>461.62</ele>
   </trkpt>
   <trkpt lat="49.59333" lon="9.03059">
    <ele>463.61</ele>
   </trkpt>
   <trkpt lat="49.593" lon="9.030990000000001">
    <ele>467.24</ele>
   </trkpt>
   <trkpt lat="49.592940000000006" lon="9.03119">
    <ele>469.27000000000004</ele>
   </trkpt>
   <trkpt lat="49.59295" lon="9.031410000000001">
    <ele>470.43</ele>
   </trkpt>
   <trkpt lat="49.59299000000001" lon="9.03148">
    <ele>470.43</ele>
   </trkpt>
   <trkpt lat="49.593090000000004" lon="9.031500000000001">
    <ele>470.40000000000003</ele>
   </trkpt>
   <trkpt lat="49.59339000000001" lon="9.031310000000001">
    <ele>471.90000000000003</ele>
   </trkpt>
   <trkpt lat="49.59398" lon="9.03083">
    <ele>476.21000000000004</ele>
   </trkpt>
   <trkpt lat="49.594060000000006" lon="9.03083">
    <ele>476.21000000000004</ele>
   </trkpt>
   <trkpt lat="49.59416" lon="9.0309">
    <ele>477.01000000000005</ele>
   </trkpt>
   <trkpt lat="49.59423" lon="9.031030000000001">
    <ele>477.71000000000004</ele>
   </trkpt>
   <trkpt lat="49.594300000000004" lon="9.03125">
    <ele>477.71000000000004</ele>
   </trkpt>
   <trkpt lat="49.59445" lon="9.03195">
    <ele>480.51000000000005</ele>
   </trkpt>
   <trkpt lat="49.59454" lon="9.03227">
    <ele>482.2</ele>
   </trkpt>
   <trkpt lat="49.59465" lon="9.032430000000002">
    <ele>483.1</ele>
   </trkpt>
   <trkpt lat="49.59483" lon="9.0326">
    <ele>483.49</ele>
   </trkpt>
   <trkpt lat="49.59514" lon="9.032760000000001">
    <ele>485.19000000000005</ele>
   </trkpt>
   <trkpt lat="49.59544" lon="9.03288">
    <ele>487.28000000000003</ele>
   </trkpt>
   <trkpt lat="49.59568" lon="9.03292">
    <ele>488.76</ele>
   </trkpt>
   <trkpt lat="49.596030000000006" lon="9.032860000000001">
    <ele>491.93</ele>
   </trkpt>
   <trkpt lat="49.59622" lon="9.03278">
    <ele>491.93</ele>
   </trkpt>
   <trkpt lat="49.596500000000006" lon="9.0326">
    <ele>494.82000000000005</ele>
   </trkpt>
   <trkpt lat="49.59671" lon="9.03251">
    <ele>495.65000000000003</ele>
   </trkpt>
   <trkpt lat="49.596900000000005" lon="9.03251">
    <ele>497.41</ele>
   </trkpt>
   <trkpt lat="49.597080000000005" lon="9.03261">
    <ele>497.41</ele>
   </trkpt>
   <trkpt lat="49.59731000000001" lon="9.032900000000001">
    <ele>499.36</ele>
   </trkpt>
   <trkpt lat="49.597550000000005" lon="9.033240000000001">
    <ele>501.9800000000001</ele>
   </trkpt>
   <trkpt lat="49.597930000000005" lon="9.03395">
    <ele>504.74000000000007</ele>
   </trkpt>
   <trkpt lat="49.59814" lon="9.03423">
    <ele>506.9600000000001</ele>
   </trkpt>
   <trkpt lat="49.598440000000004" lon="9.03456">
    <ele>510.65999999999997</ele>
   </trkpt>
   <trkpt lat="49.59875" lon="9.03477">
    <ele>511.94000000000005</ele>
   </trkpt>
   <trkpt lat="49.59901000000001" lon="9.03486">
    <ele>513.22</ele>
   </trkpt>
   <trkpt lat="49.59928000000001" lon="9.03486">
    <ele>514.05</ele>
   </trkpt>
   <trkpt lat="49.59951" lon="9.0348">
    <ele>514.09</ele>
   </trkpt>
   <trkpt lat="49.59984000000001" lon="9.03463">
    <ele>513.83</ele>
   </trkpt>
   <trkpt lat="49.600310000164484" lon="9.034490001325567">
    <ele>513.85</ele>
   </trkpt>
   <trkpt lat="49.60078000000001" lon="9.03435">
    <ele>513.72</ele>
   </trkpt>
   <trkpt lat="49.60114" lon="9.034310000000001">
    <ele>514.12</ele>
   </trkpt>
   <trkpt lat="49.601420000000005" lon="9.034370000000001">
    <ele>514.73</ele>
   </trkpt>
   <trkpt lat="49.60166" lon="9.03448">
    <ele>515.9100000000001</ele>
   </trkpt>
   <trkpt lat="49.6019" lon="9.034690000000001">
    <ele>516.39</ele>
   </trkpt>
   <trkpt lat="49.602120000000006" lon="9.03485">
    <ele>517.44</ele>
   </trkpt>
   <trkpt lat="49.60228000000001" lon="9.034870000000002">
    <ele>517.7700000000001</ele>
   </trkpt>
   <trkpt lat="49.602450000000005" lon="9.03481">
    <ele>517.94</ele>
   </trkpt>
   <trkpt lat="49.60262" lon="9.034680000000002">
    <ele>518.34</ele>
   </trkpt>
   <trkpt lat="49.602740000000004" lon="9.03453">
    <ele>518.59</ele>
   </trkpt>
   <trkpt lat="49.602880000000006" lon="9.03429">
    <ele>518.93</ele>
   </trkpt>
   <trkpt lat="49.60309" lon="9.03377">
    <ele>519.86</ele>
   </trkpt>
   <trkpt lat="49.60325" lon="9.03349">
    <ele>519.93</ele>
   </trkpt>
   <trkpt lat="49.60351000000001" lon="9.033140000000001">
    <ele>520.1</ele>
   </trkpt>
   <trkpt lat="49.603840000000005" lon="9.03246">
    <ele>522.3100000000001</ele>
   </trkpt>
   <trkpt lat="49.603910000000006" lon="9.0324">
    <ele>522.3100000000001</ele>
   </trkpt>
   <trkpt lat="49.60409000000001" lon="9.03237">
    <ele>525.33</ele>
   </trkpt>
   <trkpt lat="49.60436000000001" lon="9.03237">
    <ele>525.86</ele>
   </trkpt>
   <trkpt lat="49.60461" lon="9.0324">
    <ele>527.22</ele>
   </trkpt>
   <trkpt lat="49.604890000000005" lon="9.03236">
    <ele>528.4100000000001</ele>
   </trkpt>
   <trkpt lat="49.60530000000001" lon="9.03226">
    <ele>530.09</ele>
   </trkpt>
   <trkpt lat="49.60546" lon="9.032290000000001">
    <ele>530.33</ele>
   </trkpt>
   <trkpt lat="49.60593" lon="9.03246">
    <ele>530.0100000000001</ele>
   </trkpt>
   <trkpt lat="49.60656" lon="9.03261">
    <ele>529.5000000000001</ele>
   </trkpt>
   <trkpt lat="49.607060000000004" lon="9.03303">
    <ele>529.2</ele>
   </trkpt>
   <trkpt lat="49.607620000000004" lon="9.03358">
    <ele>529.6500000000001</ele>
   </trkpt>
   <trkpt lat="49.6079" lon="9.03395">
    <ele>529.88</ele>
   </trkpt>
   <trkpt lat="49.608180000000004" lon="9.034270000000001">
    <ele>530.1800000000001</ele>
   </trkpt>
   <trkpt lat="49.60851" lon="9.03461">
    <ele>531.4300000000001</ele>
   </trkpt>
   <trkpt lat="49.60866000000001" lon="9.03471">
    <ele>532.0100000000001</ele>
   </trkpt>
   <trkpt lat="49.6092" lon="9.03496">
    <ele>533.39</ele>
   </trkpt>
   <trkpt lat="49.60936" lon="9.035010000000002">
    <ele>533.51</ele>
   </trkpt>
   <trkpt lat="49.60951000000001" lon="9.03508">
    <ele>533.3100000000001</ele>
   </trkpt>
   <trkpt lat="49.609590000000004" lon="9.03514">
    <ele>533.3100000000001</ele>
   </trkpt>
   <trkpt lat="49.609660000000005" lon="9.03522">
    <ele>532.8900000000001</ele>
   </trkpt>
   <trkpt lat="49.6101" lon="9.036010000000001">
    <ele>534.2</ele>
   </trkpt>
   <trkpt lat="49.61018000000001" lon="9.036100000000001">
    <ele>534.52</ele>
   </trkpt>
   <trkpt lat="49.610440000000004" lon="9.03627">
    <ele>537.12</ele>
   </trkpt>
   <trkpt lat="49.61056000000001" lon="9.03641">
    <ele>537.86</ele>
   </trkpt>
   <trkpt lat="49.610620000000004" lon="9.0366">
    <ele>538.2</ele>
   </trkpt>
   <trkpt lat="49.61068" lon="9.03775">
    <ele>539.8900000000001</ele>
   </trkpt>
   <trkpt lat="49.610870000000006" lon="9.03904">
    <ele>541.8000000000001</ele>
   </trkpt>
   <trkpt lat="49.610960000000006" lon="9.040080000000001">
    <ele>541.98</ele>
   </trkpt>
   <trkpt lat="49.6109" lon="9.04081">
    <ele>542.6</ele>
   </trkpt>
   <trkpt lat="49.61088" lon="9.04137">
    <ele>543.74</ele>
   </trkpt>
   <trkpt lat="49.610890000000005" lon="9.042390000000001">
    <ele>544.74</ele>
   </trkpt>
   <trkpt lat="49.61093" lon="9.04287">
    <ele>544.82</ele>
   </trkpt>
   <trkpt lat="49.611050000000006" lon="9.043420000000001">
    <ele>543.61</ele>
   </trkpt>
   <trkpt lat="49.61112000000001" lon="9.04382">
    <ele>542.44</ele>
   </trkpt>
   <trkpt lat="49.61115" lon="9.04429">
    <ele>539.0600000000001</ele>
   </trkpt>
   <trkpt lat="49.61108" lon="9.045290000000001">
    <ele>536.45</ele>
   </trkpt>
   <trkpt lat="49.61106" lon="9.04584">
    <ele>531.87</ele>
   </trkpt>
   <trkpt lat="49.611160000000005" lon="9.04645">
    <ele>528.6200000000001</ele>
   </trkpt>
   <trkpt lat="49.611180000000004" lon="9.04718">
    <ele>525.4000000000001</ele>
   </trkpt>
   <trkpt lat="49.611200000000004" lon="9.04739">
    <ele>525.0600000000001</ele>
   </trkpt>
   <trkpt lat="49.61124" lon="9.047500000000001">
    <ele>525.0799999999999</ele>
   </trkpt>
   <trkpt lat="49.611450000000005" lon="9.047220000000001">
    <ele>524.72</ele>
   </trkpt>
   <trkpt lat="49.61171" lon="9.04695">
    <ele>524.5300000000001</ele>
   </trkpt>
   <trkpt lat="49.61209" lon="9.04668">
    <ele>524.51</ele>
   </trkpt>
   <trkpt lat="49.61238" lon="9.04649">
    <ele>524.58</ele>
   </trkpt>
   <trkpt lat="49.61263" lon="9.0463">
    <ele>524.84</ele>
   </trkpt>
   <trkpt lat="49.61278" lon="9.046180000000001">
    <ele>525.02</ele>
   </trkpt>
   <trkpt lat="49.61333000235143" lon="9.045425008661981">
    <ele>524.83</ele>
   </trkpt>
   <trkpt lat="49.61388" lon="9.04467">
    <ele>524.6</ele>
   </trkpt>
   <trkpt lat="49.614110000000004" lon="9.044300000000002">
    <ele>524.63</ele>
   </trkpt>
   <trkpt lat="49.61421000000001" lon="9.04405">
    <ele>524.83</ele>
   </trkpt>
   <trkpt lat="49.61449" lon="9.0431">
    <ele>525.8900000000001</ele>
   </trkpt>
   <trkpt lat="49.61473" lon="9.04213">
    <ele>527.25</ele>
   </trkpt>
   <trkpt lat="49.614830000000005" lon="9.041860000000002">
    <ele>528.36</ele>
   </trkpt>
   <trkpt lat="49.615" lon="9.0416">
    <ele>528.36</ele>
   </trkpt>
   <trkpt lat="49.61545000142512" lon="9.041040005078028">
    <ele>529.5000000000001</ele>
   </trkpt>
   <trkpt lat="49.6159" lon="9.04048">
    <ele>530.78</ele>
   </trkpt>
   <trkpt lat="49.61619" lon="9.04005">
    <ele>531.64</ele>
   </trkpt>
   <trkpt lat="49.61639" lon="9.03965">
    <ele>532.09</ele>
   </trkpt>
   <trkpt lat="49.61652" lon="9.03932">
    <ele>533.0400000000001</ele>
   </trkpt>
   <trkpt lat="49.616690000000006" lon="9.03874">
    <ele>534.07</ele>
   </trkpt>
   <trkpt lat="49.61677" lon="9.03829">
    <ele>534.51</ele>
   </trkpt>
   <trkpt lat="49.61692000000001" lon="9.03782">
    <ele>534.95</ele>
   </trkpt>
   <trkpt lat="49.61712000000001" lon="9.037500000000001">
    <ele>535.6899999999999</ele>
   </trkpt>
   <trkpt lat="49.61726" lon="9.037360000000001">
    <ele>536.25</ele>
   </trkpt>
   <trkpt lat="49.617380000000004" lon="9.03728">
    <ele>536.81</ele>
   </trkpt>
   <trkpt lat="49.617850000000004" lon="9.037130000000001">
    <ele>537.8000000000001</ele>
   </trkpt>
   <trkpt lat="49.618080000000006" lon="9.036990000000001">
    <ele>538.09</ele>
   </trkpt>
   <trkpt lat="49.61848000180767" lon="9.036360005016444">
    <ele>538.95</ele>
   </trkpt>
   <trkpt lat="49.618880000000004" lon="9.035730000000001">
    <ele>540.1600000000001</ele>
   </trkpt>
   <trkpt lat="49.61919" lon="9.03518">
    <ele>541.4</ele>
   </trkpt>
   <trkpt lat="49.619310000000006" lon="9.03495">
    <ele>541.62</ele>
   </trkpt>
   <trkpt lat="49.61941" lon="9.034680000000002">
    <ele>541.24</ele>
   </trkpt>
   <trkpt lat="49.61948" lon="9.034360000000001">
    <ele>540.4300000000001</ele>
   </trkpt>
   <trkpt lat="49.61952" lon="9.03345">
    <ele>538.98</ele>
   </trkpt>
   <trkpt lat="49.6195" lon="9.03317">
    <ele>537.96</ele>
   </trkpt>
   <trkpt lat="49.61945000000001" lon="9.032910000000001">
    <ele>537.96</ele>
   </trkpt>
   <trkpt lat="49.61928" lon="9.03252">
    <ele>537.13</ele>
   </trkpt>
   <trkpt lat="49.619240000000005" lon="9.03228">
    <ele>536.9200000000001</ele>
   </trkpt>
   <trkpt lat="49.619260000000004" lon="9.03218">
    <ele>536.9200000000001</ele>
   </trkpt>
   <trkpt lat="49.619330000000005" lon="9.03205">
    <ele>536.25</ele>
   </trkpt>
   <trkpt lat="49.61941" lon="9.03198">
    <ele>536.25</ele>
   </trkpt>
   <trkpt lat="49.619460000000004" lon="9.031970000000001">
    <ele>535.63</ele>
   </trkpt>
   <trkpt lat="49.619580000000006" lon="9.03203">
    <ele>535.63</ele>
   </trkpt>
   <trkpt lat="49.619620000000005" lon="9.03212">
    <ele>535.63</ele>
   </trkpt>
   <trkpt lat="49.61976000000001" lon="9.03275">
    <ele>532.97</ele>
   </trkpt>
   <trkpt lat="49.6199" lon="9.03321">
    <ele>530.45</ele>
   </trkpt>
   <trkpt lat="49.620180000000005" lon="9.03377">
    <ele>526.5000000000001</ele>
   </trkpt>
   <trkpt lat="49.62046" lon="9.034180000000001">
    <ele>524.93</ele>
   </trkpt>
   <trkpt lat="49.620760000000004" lon="9.03444">
    <ele>524.3800000000001</ele>
   </trkpt>
   <trkpt lat="49.62093" lon="9.034550000000001">
    <ele>521.75</ele>
   </trkpt>
   <trkpt lat="49.62109" lon="9.03461">
    <ele>520.36</ele>
   </trkpt>
   <trkpt lat="49.62154499998508" lon="9.034684999293194">
    <ele>518.3000000000001</ele>
   </trkpt>
   <trkpt lat="49.62200000000001" lon="9.03476">
    <ele>516.19</ele>
   </trkpt>
   <trkpt lat="49.622310000000006" lon="9.03486">
    <ele>513.1</ele>
   </trkpt>
   <trkpt lat="49.62276999984978" lon="9.03497499886248">
    <ele>510.46000000000004</ele>
   </trkpt>
   <trkpt lat="49.62323000000001" lon="9.03509">
    <ele>506.39</ele>
   </trkpt>
   <trkpt lat="49.62350000000001" lon="9.03509">
    <ele>506.39</ele>
   </trkpt>
   <trkpt lat="49.623780000000004" lon="9.035060000000001">
    <ele>504.65999999999997</ele>
   </trkpt>
   <trkpt lat="49.62391" lon="9.035020000000001">
    <ele>504.65999999999997</ele>
   </trkpt>
   <trkpt lat="49.62422" lon="9.034880000000001">
    <ele>502.86000000000007</ele>
   </trkpt>
   <trkpt lat="49.624370000000006" lon="9.03485">
    <ele>502.86000000000007</ele>
   </trkpt>
   <trkpt lat="49.624520000000004" lon="9.034870000000002">
    <ele>500.04</ele>
   </trkpt>
   <trkpt lat="49.62467" lon="9.03495">
    <ele>500.04</ele>
   </trkpt>
   <trkpt lat="49.62482000000001" lon="9.03509">
    <ele>499.49</ele>
   </trkpt>
   <trkpt lat="49.62487" lon="9.03517">
    <ele>498.92</ele>
   </trkpt>
   <trkpt lat="49.62496" lon="9.035440000000001">
    <ele>496.83000000000004</ele>
   </trkpt>
   <trkpt lat="49.625165005200124" lon="9.036539995313257">
    <ele>492.45000000000005</ele>
   </trkpt>
   <trkpt lat="49.625370000000004" lon="9.037640000000001">
    <ele>488.43</ele>
   </trkpt>
   <trkpt lat="49.62552" lon="9.038120000000001">
    <ele>486.18000000000006</ele>
   </trkpt>
   <trkpt lat="49.625690000000006" lon="9.03856">
    <ele>484.52000000000004</ele>
   </trkpt>
   <trkpt lat="49.625960000000006" lon="9.03904">
    <ele>482.67</ele>
   </trkpt>
   <trkpt lat="49.626365001454154" lon="9.039614995262857">
    <ele>478.73</ele>
   </trkpt>
   <trkpt lat="49.62677000000001" lon="9.04019">
    <ele>476.22</ele>
   </trkpt>
   <trkpt lat="49.62697000000001" lon="9.04043">
    <ele>475.88</ele>
   </trkpt>
   <trkpt lat="49.62707" lon="9.04045">
    <ele>475.7</ele>
   </trkpt>
   <trkpt lat="49.627120000000005" lon="9.04044">
    <ele>475.46000000000004</ele>
   </trkpt>
   <trkpt lat="49.6272" lon="9.040370000000001">
    <ele>475.16</ele>
   </trkpt>
   <trkpt lat="49.627320000000005" lon="9.040170000000002">
    <ele>474.57000000000005</ele>
   </trkpt>
   <trkpt lat="49.62751" lon="9.039610000000001">
    <ele>472.85</ele>
   </trkpt>
   <trkpt lat="49.627800010446556" lon="9.038510013002576">
    <ele>467.07000000000005</ele>
   </trkpt>
   <trkpt lat="49.62809001047148" lon="9.037410012908301">
    <ele>462.55</ele>
   </trkpt>
   <trkpt lat="49.62838000000001" lon="9.03631">
    <ele>457.94</ele>
   </trkpt>
   <trkpt lat="49.62870251479951" lon="9.035240021224773">
    <ele>453.49000000000007</ele>
   </trkpt>
   <trkpt lat="49.629025019738265" lon="9.03417002828164">
    <ele>448.53000000000003</ele>
   </trkpt>
   <trkpt lat="49.629347514816025" lon="9.033100021170688">
    <ele>443.25</ele>
   </trkpt>
   <trkpt lat="49.629670000000004" lon="9.03203">
    <ele>440.16</ele>
   </trkpt>
   <trkpt lat="49.62977" lon="9.03175">
    <ele>439.23</ele>
   </trkpt>
   <trkpt lat="49.62989" lon="9.03153">
    <ele>438.24</ele>
   </trkpt>
   <trkpt lat="49.62997000000001" lon="9.03142">
    <ele>436.96</ele>
   </trkpt>
   <trkpt lat="49.630230000000005" lon="9.0312">
    <ele>434.99</ele>
   </trkpt>
   <trkpt lat="49.63042" lon="9.031130000000001">
    <ele>434.13</ele>
   </trkpt>
   <trkpt lat="49.63055000000001" lon="9.0311">
    <ele>434.13</ele>
   </trkpt>
   <trkpt lat="49.63121" lon="9.03106">
    <ele>429.24</ele>
   </trkpt>
   <trkpt lat="49.63203000000001" lon="9.03097">
    <ele>426.96000000000004</ele>
   </trkpt>
   <trkpt lat="49.63251000003193" lon="9.03093500034298">
    <ele>426.55</ele>
   </trkpt>
   <trkpt lat="49.63299000000001" lon="9.0309">
    <ele>426.40000000000003</ele>
   </trkpt>
   <trkpt lat="49.63318" lon="9.030840000000001">
    <ele>426.37</ele>
   </trkpt>
   <trkpt lat="49.63369" lon="9.030610000000001">
    <ele>426.06000000000006</ele>
   </trkpt>
   <trkpt lat="49.63403" lon="9.030380000000001">
    <ele>425.75</ele>
   </trkpt>
   <trkpt lat="49.634330000000006" lon="9.03008">
    <ele>425.56000000000006</ele>
   </trkpt>
   <trkpt lat="49.63485000000001" lon="9.029480000000001">
    <ele>425.38000000000005</ele>
   </trkpt>
   <trkpt lat="49.63537000050875" lon="9.02918500307379">
    <ele>424.79</ele>
   </trkpt>
   <trkpt lat="49.63589" lon="9.02889">
    <ele>424.33000000000004</ele>
   </trkpt>
   <trkpt lat="49.63637000231635" lon="9.02962499274026">
    <ele>418.00000000000006</ele>
   </trkpt>
   <trkpt lat="49.63685" lon="9.03036">
    <ele>413.41</ele>
   </trkpt>
   <trkpt lat="49.636880000000005" lon="9.03054">
    <ele>412.30000000000007</ele>
   </trkpt>
   <trkpt lat="49.63687" lon="9.030660000000001">
    <ele>411.46000000000004</ele>
   </trkpt>
   <trkpt lat="49.63684000000001" lon="9.030750000000001">
    <ele>410.57000000000005</ele>
   </trkpt>
   <trkpt lat="49.636790000000005" lon="9.030800000000001">
    <ele>410.57000000000005</ele>
   </trkpt>
   <trkpt lat="49.636570000000006" lon="9.0309">
    <ele>407.90000000000003</ele>
   </trkpt>
   <trkpt lat="49.63631" lon="9.03096">
    <ele>404.16</ele>
   </trkpt>
   <trkpt lat="49.635760000000005" lon="9.03105">
    <ele>397.08000000000004</ele>
   </trkpt>
   <trkpt lat="49.635540000000006" lon="9.03114">
    <ele>397.08000000000004</ele>
   </trkpt>
   <trkpt lat="49.63539" lon="9.03129">
    <ele>395.91</ele>
   </trkpt>
   <trkpt lat="49.635160000000006" lon="9.031960000000002">
    <ele>391.89</ele>
   </trkpt>
   <trkpt lat="49.63505000000001" lon="9.032430000000002">
    <ele>389.98</ele>
   </trkpt>
   <trkpt lat="49.635040000000004" lon="9.03306">
    <ele>388.99000000000007</ele>
   </trkpt>
   <trkpt lat="49.635070000000006" lon="9.03367">
    <ele>389.87000000000006</ele>
   </trkpt>
   <trkpt lat="49.63506" lon="9.03401">
    <ele>390.54</ele>
   </trkpt>
   <trkpt lat="49.635020000000004" lon="9.034260000000002">
    <ele>390.54</ele>
   </trkpt>
   <trkpt lat="49.63483" lon="9.034970000000001">
    <ele>392.08000000000004</ele>
   </trkpt>
   <trkpt lat="49.634780000000006" lon="9.035300000000001">
    <ele>392.56</ele>
   </trkpt>
   <trkpt lat="49.63481" lon="9.03565">
    <ele>393.05</ele>
   </trkpt>
   <trkpt lat="49.634910000000005" lon="9.035860000000001">
    <ele>393.62</ele>
   </trkpt>
   <trkpt lat="49.63503000000001" lon="9.035950000000001">
    <ele>394.91</ele>
   </trkpt>
   <trkpt lat="49.63519" lon="9.035950000000001">
    <ele>394.91</ele>
   </trkpt>
   <trkpt lat="49.63537" lon="9.035870000000001">
    <ele>395.81000000000006</ele>
   </trkpt>
   <trkpt lat="49.63561000000001" lon="9.035720000000001">
    <ele>396.58000000000004</ele>
   </trkpt>
   <trkpt lat="49.635810000000006" lon="9.0357">
    <ele>396.83</ele>
   </trkpt>
   <trkpt lat="49.635960000000004" lon="9.035760000000002">
    <ele>396.73</ele>
   </trkpt>
   <trkpt lat="49.636140000000005" lon="9.035950000000001">
    <ele>396.18</ele>
   </trkpt>
   <trkpt lat="49.63633" lon="9.036290000000001">
    <ele>395.59000000000003</ele>
   </trkpt>
   <trkpt lat="49.63645" lon="9.0366">
    <ele>394.51</ele>
   </trkpt>
   <trkpt lat="49.63651" lon="9.037030000000001">
    <ele>392.86</ele>
   </trkpt>
   <trkpt lat="49.63658500334219" lon="9.03790999873145">
    <ele>391.17</ele>
   </trkpt>
   <trkpt lat="49.636660000000006" lon="9.03879">
    <ele>390.33</ele>
   </trkpt>
   <trkpt lat="49.636680000000005" lon="9.03885">
    <ele>390.33</ele>
   </trkpt>
   <trkpt lat="49.636770000000006" lon="9.038950000000002">
    <ele>390.68</ele>
   </trkpt>
   <trkpt lat="49.63685" lon="9.03899">
    <ele>390.81000000000006</ele>
   </trkpt>
   <trkpt lat="49.63691000000001" lon="9.03899">
    <ele>391.32000000000005</ele>
   </trkpt>
   <trkpt lat="49.63696" lon="9.038960000000001">
    <ele>391.32000000000005</ele>
   </trkpt>
   <trkpt lat="49.63721" lon="9.03869">
    <ele>392.70000000000005</ele>
   </trkpt>
   <trkpt lat="49.63766000158284" lon="9.03810000534211">
    <ele>395.47</ele>
   </trkpt>
   <trkpt lat="49.638110000000005" lon="9.037510000000001">
    <ele>398.28000000000003</ele>
   </trkpt>
   <trkpt lat="49.6383" lon="9.03739">
    <ele>398.28000000000003</ele>
   </trkpt>
   <trkpt lat="49.63839" lon="9.037370000000001">
    <ele>398.56</ele>
   </trkpt>
   <trkpt lat="49.638560000000005" lon="9.037370000000001">
    <ele>399.04</ele>
   </trkpt>
   <trkpt lat="49.63873" lon="9.03744">
    <ele>399.3</ele>
   </trkpt>
   <trkpt lat="49.63893" lon="9.037590000000002">
    <ele>399.35</ele>
   </trkpt>
   <trkpt lat="49.639480000000006" lon="9.0381">
    <ele>398.13000000000005</ele>
   </trkpt>
   <trkpt lat="49.63971" lon="9.038340000000002">
    <ele>397.62</ele>
   </trkpt>
   <trkpt lat="49.63993000000001" lon="9.03871">
    <ele>396.12</ele>
   </trkpt>
   <trkpt lat="49.63998" lon="9.03884">
    <ele>395.58000000000004</ele>
   </trkpt>
   <trkpt lat="49.64005" lon="9.03916">
    <ele>393.95</ele>
   </trkpt>
   <trkpt lat="49.64014" lon="9.040320000000001">
    <ele>387.49000000000007</ele>
   </trkpt>
   <trkpt lat="49.64014" lon="9.04066">
    <ele>386.92</ele>
   </trkpt>
   <trkpt lat="49.64002000000001" lon="9.04189">
    <ele>382.39</ele>
   </trkpt>
   <trkpt lat="49.64003" lon="9.04302">
    <ele>378.27000000000004</ele>
   </trkpt>
   <trkpt lat="49.64012" lon="9.044">
    <ele>374.43</ele>
   </trkpt>
   <trkpt lat="49.640240000000006" lon="9.044820000000001">
    <ele>372.81</ele>
   </trkpt>
   <trkpt lat="49.640280000000004" lon="9.044960000000001">
    <ele>372.78000000000003</ele>
   </trkpt>
   <trkpt lat="49.640390000000004" lon="9.045100000000001">
    <ele>372.85</ele>
   </trkpt>
   <trkpt lat="49.640530000000005" lon="9.04517">
    <ele>373.08000000000004</ele>
   </trkpt>
   <trkpt lat="49.64061" lon="9.04517">
    <ele>373.08000000000004</ele>
   </trkpt>
   <trkpt lat="49.640660000000004" lon="9.045100000000001">
    <ele>373.08000000000004</ele>
   </trkpt>
   <trkpt lat="49.6407" lon="9.045">
    <ele>373.08000000000004</ele>
   </trkpt>
   <trkpt lat="49.64076000000001" lon="9.044740000000001">
    <ele>373.03000000000003</ele>
   </trkpt>
   <trkpt lat="49.64086000274494" lon="9.043945001447462">
    <ele>370.70000000000005</ele>
   </trkpt>
   <trkpt lat="49.64096000000001" lon="9.04315">
    <ele>369.36</ele>
   </trkpt>
   <trkpt lat="49.641110000000005" lon="9.042440000000001">
    <ele>368.24</ele>
   </trkpt>
   <trkpt lat="49.64121" lon="9.042290000000001">
    <ele>368.68</ele>
   </trkpt>
   <trkpt lat="49.641420000000004" lon="9.04184">
    <ele>369.93</ele>
   </trkpt>
   <trkpt lat="49.64164" lon="9.04148">
    <ele>372.75</ele>
   </trkpt>
   <trkpt lat="49.64184" lon="9.041220000000001">
    <ele>372.75</ele>
   </trkpt>
   <trkpt lat="49.642030000000005" lon="9.04099">
    <ele>373.45</ele>
   </trkpt>
   <trkpt lat="49.64238" lon="9.04067">
    <ele>374.27000000000004</ele>
   </trkpt>
   <trkpt lat="49.642720000000004" lon="9.0404">
    <ele>375.76000000000005</ele>
   </trkpt>
   <trkpt lat="49.643440000000005" lon="9.039950000000001">
    <ele>379.25</ele>
   </trkpt>
   <trkpt lat="49.64374" lon="9.03984">
    <ele>380.44000000000005</ele>
   </trkpt>
   <trkpt lat="49.643890000000006" lon="9.03983">
    <ele>380.64000000000004</ele>
   </trkpt>
   <trkpt lat="49.64405000000001" lon="9.03988">
    <ele>380.91</ele>
   </trkpt>
   <trkpt lat="49.644180000000006" lon="9.039990000000001">
    <ele>380.85</ele>
   </trkpt>
   <trkpt lat="49.644830000000006" lon="9.04068">
    <ele>380.81</ele>
   </trkpt>
   <trkpt lat="49.644980000000004" lon="9.04082">
    <ele>381.16</ele>
   </trkpt>
   <trkpt lat="49.645100000000006" lon="9.0409">
    <ele>382.04</ele>
   </trkpt>
   <trkpt lat="49.64524" lon="9.04094">
    <ele>382.83</ele>
   </trkpt>
   <trkpt lat="49.64549" lon="9.040930000000001">
    <ele>383.69</ele>
   </trkpt>
   <trkpt lat="49.64596" lon="9.04082">
    <ele>386.57</ele>
   </trkpt>
   <trkpt lat="49.646300000000004" lon="9.04081">
    <ele>389.04</ele>
   </trkpt>
   <trkpt lat="49.64661" lon="9.0409">
    <ele>389.99000000000007</ele>
   </trkpt>
   <trkpt lat="49.646620000000006" lon="9.0409">
    <ele>389.99000000000007</ele>
   </trkpt>
   <trkpt lat="49.64712" lon="9.041110000000002">
    <ele>392.48</ele>
   </trkpt>
   <trkpt lat="49.64743000000001" lon="9.04109">
    <ele>394.35</ele>
   </trkpt>
   <trkpt lat="49.64791999986438" lon="9.041035000570304">
    <ele>398.70000000000005</ele>
   </trkpt>
   <trkpt lat="49.648410000000005" lon="9.040980000000001">
    <ele>402.0</ele>
   </trkpt>
   <trkpt lat="49.6486" lon="9.04099">
    <ele>402.84000000000003</ele>
   </trkpt>
   <trkpt lat="49.64878" lon="9.04106">
    <ele>403.1</ele>
   </trkpt>
   <trkpt lat="49.64933000057259" lon="9.041429995808052">
    <ele>401.6</ele>
   </trkpt>
   <trkpt lat="49.64988" lon="9.0418">
    <ele>397.6</ele>
   </trkpt>
   <trkpt lat="49.650290000000005" lon="9.04212">
    <ele>395.17</ele>
   </trkpt>
   <trkpt lat="49.650780000000005" lon="9.042520000000001">
    <ele>392.44</ele>
   </trkpt>
   <trkpt lat="49.65133" lon="9.04265">
    <ele>387.8</ele>
   </trkpt>
   <trkpt lat="49.65155000000001" lon="9.04289">
    <ele>386.66</ele>
   </trkpt>
   <trkpt lat="49.652060000000006" lon="9.043650000000001">
    <ele>380.72</ele>
   </trkpt>
   <trkpt lat="49.652370000000005" lon="9.043970000000002">
    <ele>378.57</ele>
   </trkpt>
   <trkpt lat="49.652390000000004" lon="9.04414">
    <ele>377.68</ele>
   </trkpt>
   <trkpt lat="49.652330000000006" lon="9.04423">
    <ele>375.26000000000005</ele>
   </trkpt>
   <trkpt lat="49.652240000000006" lon="9.04425">
    <ele>375.26000000000005</ele>
   </trkpt>
   <trkpt lat="49.651740000000004" lon="9.04405">
    <ele>372.38000000000005</ele>
   </trkpt>
   <trkpt lat="49.6516" lon="9.044070000000001">
    <ele>370.13</ele>
   </trkpt>
   <trkpt lat="49.651500000000006" lon="9.04415">
    <ele>370.13</ele>
   </trkpt>
   <trkpt lat="49.65142" lon="9.044300000000002">
    <ele>370.13</ele>
   </trkpt>
   <trkpt lat="49.65137000000001" lon="9.044630000000002">
    <ele>368.46</ele>
   </trkpt>
   <trkpt lat="49.651360000000004" lon="9.045060000000001">
    <ele>366.94000000000005</ele>
   </trkpt>
   <trkpt lat="49.651320000000005" lon="9.045300000000001">
    <ele>366.03000000000003</ele>
   </trkpt>
   <trkpt lat="49.65126" lon="9.045480000000001">
    <ele>365.52</ele>
   </trkpt>
   <trkpt lat="49.65113" lon="9.04556">
    <ele>364.88000000000005</ele>
   </trkpt>
   <trkpt lat="49.65088" lon="9.045520000000002">
    <ele>361.23</ele>
   </trkpt>
   <trkpt lat="49.65075" lon="9.04561">
    <ele>361.23</ele>
   </trkpt>
   <trkpt lat="49.65062" lon="9.045770000000001">
    <ele>360.05</ele>
   </trkpt>
   <trkpt lat="49.65046" lon="9.04601">
    <ele>359.13</ele>
   </trkpt>
   <trkpt lat="49.650380000000006" lon="9.04622">
    <ele>358.94000000000005</ele>
   </trkpt>
   <trkpt lat="49.650360000000006" lon="9.0464">
    <ele>358.53000000000003</ele>
   </trkpt>
   <trkpt lat="49.650420000000004" lon="9.04654">
    <ele>358.53000000000003</ele>
   </trkpt>
   <trkpt lat="49.650560000000006" lon="9.046650000000001">
    <ele>359.12000000000006</ele>
   </trkpt>
   <trkpt lat="49.6511550004081" lon="9.046879997258161">
    <ele>362.07</ele>
   </trkpt>
   <trkpt lat="49.65175000000001" lon="9.04711">
    <ele>366.26000000000005</ele>
   </trkpt>
   <trkpt lat="49.65193000000001" lon="9.047210000000002">
    <ele>369.29</ele>
   </trkpt>
   <trkpt lat="49.65205" lon="9.047350000000002">
    <ele>370.08</ele>
   </trkpt>
   <trkpt lat="49.65252" lon="9.048390000000001">
    <ele>371.18</ele>
   </trkpt>
   <trkpt lat="49.65267" lon="9.048630000000001">
    <ele>369.47</ele>
   </trkpt>
   <trkpt lat="49.65287000000001" lon="9.0488">
    <ele>367.43</ele>
   </trkpt>
   <trkpt lat="49.653150000000004" lon="9.04888">
    <ele>366.58</ele>
   </trkpt>
   <trkpt lat="49.65365999997511" lon="9.048865000157944">
    <ele>367.06000000000006</ele>
   </trkpt>
   <trkpt lat="49.65417" lon="9.048850000000002">
    <ele>370.13</ele>
   </trkpt>
   <trkpt lat="49.654430000000005" lon="9.04892">
    <ele>372.36</ele>
   </trkpt>
   <trkpt lat="49.654650000000004" lon="9.04907">
    <ele>373.98</ele>
   </trkpt>
   <trkpt lat="49.6548" lon="9.04925">
    <ele>374.38000000000005</ele>
   </trkpt>
   <trkpt lat="49.65493000000001" lon="9.04953">
    <ele>375.72</ele>
   </trkpt>
   <trkpt lat="49.65505" lon="9.049890000000001">
    <ele>376.74</ele>
   </trkpt>
   <trkpt lat="49.65513000000001" lon="9.050270000000001">
    <ele>378.20000000000005</ele>
   </trkpt>
   <trkpt lat="49.65517500252171" lon="9.05103499932342">
    <ele>382.69</ele>
   </trkpt>
   <trkpt lat="49.65522000000001" lon="9.0518">
    <ele>387.06</ele>
   </trkpt>
   <trkpt lat="49.65531000000001" lon="9.05226">
    <ele>389.71000000000004</ele>
   </trkpt>
   <trkpt lat="49.655590000000004" lon="9.052980000000002">
    <ele>391.29</ele>
   </trkpt>
   <trkpt lat="49.65567" lon="9.0531">
    <ele>391.20000000000005</ele>
   </trkpt>
   <trkpt lat="49.65579" lon="9.05321">
    <ele>390.87000000000006</ele>
   </trkpt>
   <trkpt lat="49.65598000000001" lon="9.053320000000001">
    <ele>389.98</ele>
   </trkpt>
   <trkpt lat="49.65621" lon="9.053370000000001">
    <ele>389.53000000000003</ele>
   </trkpt>
   <trkpt lat="49.65704" lon="9.0531">
    <ele>393.19000000000005</ele>
   </trkpt>
   <trkpt lat="49.65733" lon="9.053080000000001">
    <ele>393.21000000000004</ele>
   </trkpt>
   <trkpt lat="49.65792000011658" lon="9.053124999462636">
    <ele>388.40000000000003</ele>
   </trkpt>
   <trkpt lat="49.65851000000001" lon="9.053170000000001">
    <ele>384.21000000000004</ele>
   </trkpt>
   <trkpt lat="49.65903" lon="9.05326">
    <ele>382.99000000000007</ele>
   </trkpt>
   <trkpt lat="49.659795000016565" lon="9.053324998977965">
    <ele>387.52000000000004</ele>
   </trkpt>
   <trkpt lat="49.660560000000004" lon="9.05339">
    <ele>395.92</ele>
   </trkpt>
   <trkpt lat="49.660680000000006" lon="9.05344">
    <ele>396.95</ele>
   </trkpt>
   <trkpt lat="49.66077000000001" lon="9.053500000000001">
    <ele>397.51000000000005</ele>
   </trkpt>
   <trkpt lat="49.66084000000001" lon="9.054300000000001">
    <ele>395.55</ele>
   </trkpt>
   <trkpt lat="49.66095000000001" lon="9.05456">
    <ele>392.84000000000003</ele>
   </trkpt>
   <trkpt lat="49.66104000000001" lon="9.054680000000001">
    <ele>389.8</ele>
   </trkpt>
   <trkpt lat="49.661370000000005" lon="9.05493">
    <ele>386.52000000000004</ele>
   </trkpt>
   <trkpt lat="49.66198000000001" lon="9.055140000000002">
    <ele>379.96000000000004</ele>
   </trkpt>
   <trkpt lat="49.66257500004342" lon="9.055234998838971">
    <ele>373.9</ele>
   </trkpt>
   <trkpt lat="49.66317" lon="9.055330000000001">
    <ele>369.25</ele>
   </trkpt>
   <trkpt lat="49.66329" lon="9.055240000000001">
    <ele>368.26000000000005</ele>
   </trkpt>
   <trkpt lat="49.663270000000004" lon="9.05516">
    <ele>367.45000000000005</ele>
   </trkpt>
   <trkpt lat="49.66328000000001" lon="9.054730000000001">
    <ele>366.78000000000003</ele>
   </trkpt>
   <trkpt lat="49.663340000000005" lon="9.05457">
    <ele>365.41</ele>
   </trkpt>
   <trkpt lat="49.663610000000006" lon="9.054060000000002">
    <ele>364.31</ele>
   </trkpt>
   <trkpt lat="49.66369" lon="9.05377">
    <ele>364.00000000000006</ele>
   </trkpt>
   <trkpt lat="49.663720000000005" lon="9.0534">
    <ele>363.51000000000005</ele>
   </trkpt>
   <trkpt lat="49.66377000000001" lon="9.052280000000001">
    <ele>362.06000000000006</ele>
   </trkpt>
   <trkpt lat="49.66382" lon="9.05189">
    <ele>361.28000000000003</ele>
   </trkpt>
   <trkpt lat="49.664030000000004" lon="9.050880000000001">
    <ele>356.72</ele>
   </trkpt>
   <trkpt lat="49.664220002301036" lon="9.050155002686752">
    <ele>355.39000000000004</ele>
   </trkpt>
   <trkpt lat="49.664410000000004" lon="9.049430000000001">
    <ele>354.44</ele>
   </trkpt>
   <trkpt lat="49.66450500204908" lon="9.04873500158121">
    <ele>353.68000000000006</ele>
   </trkpt>
   <trkpt lat="49.66460000000001" lon="9.04804">
    <ele>353.59000000000003</ele>
   </trkpt>
   <trkpt lat="49.66472" lon="9.04733">
    <ele>353.98</ele>
   </trkpt>
   <trkpt lat="49.66471000000001" lon="9.047030000000001">
    <ele>354.07000000000005</ele>
   </trkpt>
   <trkpt lat="49.66465" lon="9.04681">
    <ele>354.15000000000003</ele>
   </trkpt>
   <trkpt lat="49.664390000000004" lon="9.046410000000002">
    <ele>356.02</ele>
   </trkpt>
   <trkpt lat="49.664260000000006" lon="9.04617">
    <ele>357.02</ele>
   </trkpt>
   <trkpt lat="49.664190000000005" lon="9.045850000000002">
    <ele>357.86</ele>
   </trkpt>
   <trkpt lat="49.664080000000006" lon="9.044920000000001">
    <ele>362.41</ele>
   </trkpt>
   <trkpt lat="49.664030000000004" lon="9.044630000000002">
    <ele>363.18</ele>
   </trkpt>
   <trkpt lat="49.663970000000006" lon="9.04443">
    <ele>363.88000000000005</ele>
   </trkpt>
   <trkpt lat="49.66378" lon="9.044070000000001">
    <ele>366.14</ele>
   </trkpt>
   <trkpt lat="49.66319000000001" lon="9.04325">
    <ele>369.8</ele>
   </trkpt>
   <trkpt lat="49.663070000000005" lon="9.043040000000001">
    <ele>371.02</ele>
   </trkpt>
   <trkpt lat="49.662960000000005" lon="9.042800000000002">
    <ele>372.20000000000005</ele>
   </trkpt>
   <trkpt lat="49.6627" lon="9.041820000000001">
    <ele>375.3</ele>
   </trkpt>
   <trkpt lat="49.66264" lon="9.04147">
    <ele>376.88000000000005</ele>
   </trkpt>
   <trkpt lat="49.662650000000006" lon="9.04113">
    <ele>377.82000000000005</ele>
   </trkpt>
   <trkpt lat="49.662690000000005" lon="9.040930000000001">
    <ele>378.94000000000005</ele>
   </trkpt>
   <trkpt lat="49.662980000000005" lon="9.0401">
    <ele>382.66</ele>
   </trkpt>
   <trkpt lat="49.66302" lon="9.039940000000001">
    <ele>382.66</ele>
   </trkpt>
   <trkpt lat="49.663030000000006" lon="9.03973">
    <ele>382.89</ele>
   </trkpt>
   <trkpt lat="49.663000000000004" lon="9.03949">
    <ele>384.66</ele>
   </trkpt>
   <trkpt lat="49.66290000000001" lon="9.039280000000002">
    <ele>384.66</ele>
   </trkpt>
   <trkpt lat="49.6627" lon="9.039060000000001">
    <ele>385.64000000000004</ele>
   </trkpt>
   <trkpt lat="49.66207000000001" lon="9.03857">
    <ele>389.95</ele>
   </trkpt>
   <trkpt lat="49.661970000000004" lon="9.03843">
    <ele>389.95</ele>
   </trkpt>
   <trkpt lat="49.661880000000004" lon="9.03824">
    <ele>391.05</ele>
   </trkpt>
   <trkpt lat="49.66183" lon="9.038020000000001">
    <ele>391.83</ele>
   </trkpt>
   <trkpt lat="49.66180000000001" lon="9.037790000000001">
    <ele>392.12</ele>
   </trkpt>
   <trkpt lat="49.6617500035373" lon="9.036884999266238">
    <ele>392.28000000000003</ele>
   </trkpt>
   <trkpt lat="49.6617" lon="9.03598">
    <ele>391.83</ele>
   </trkpt>
   <trkpt lat="49.661840000000005" lon="9.035760000000002">
    <ele>389.63</ele>
   </trkpt>
   <trkpt lat="49.66183" lon="9.03574">
    <ele>389.51</ele>
   </trkpt>
   <trkpt lat="49.66242250817422" lon="9.036534970970315">
    <ele>394.20000000000005</ele>
   </trkpt>
   <trkpt lat="49.66301501090612" lon="9.037329961302687">
    <ele>397.9800000000001</ele>
   </trkpt>
   <trkpt lat="49.66360750819547" lon="9.038124970997815">
    <ele>402.15</ele>
   </trkpt>
   <trkpt lat="49.6642" lon="9.038920000000001">
    <ele>404.97</ele>
   </trkpt>
   <trkpt lat="49.66442000000001" lon="9.039290000000001">
    <ele>406.07000000000005</ele>
   </trkpt>
   <trkpt lat="49.664640000000006" lon="9.039710000000001">
    <ele>406.78000000000003</ele>
   </trkpt>
   <trkpt lat="49.66489000000001" lon="9.04029">
    <ele>407.67</ele>
   </trkpt>
   <trkpt lat="49.665410010228676" lon="9.04137997669407">
    <ele>410.39000000000004</ele>
   </trkpt>
   <trkpt lat="49.66593001022662" lon="9.042469976689318">
    <ele>412.39000000000004</ele>
   </trkpt>
   <trkpt lat="49.666450000000005" lon="9.043560000000001">
    <ele>415.94</ele>
   </trkpt>
   <trkpt lat="49.66692000812429" lon="9.044533314456093">
    <ele>418.03000000000003</ele>
   </trkpt>
   <trkpt lat="49.66739000809075" lon="9.045506647719664">
    <ele>420.61</ele>
   </trkpt>
   <trkpt lat="49.667860000000005" lon="9.04648">
    <ele>424.02</ele>
   </trkpt>
   <trkpt lat="49.66828000355939" lon="9.047384992257479">
    <ele>429.02</ele>
   </trkpt>
   <trkpt lat="49.6687" lon="9.048290000000001">
    <ele>433.35</ele>
   </trkpt>
   <trkpt lat="49.66897" lon="9.0487">
    <ele>434.19</ele>
   </trkpt>
   <trkpt lat="49.669290000000004" lon="9.049090000000001">
    <ele>438.23</ele>
   </trkpt>
   <trkpt lat="49.669730000742696" lon="9.049479996550074">
    <ele>440.84</ele>
   </trkpt>
   <trkpt lat="49.670170000000006" lon="9.04987">
    <ele>443.71000000000004</ele>
   </trkpt>
   <trkpt lat="49.670480000000005" lon="9.0502">
    <ele>445.28</ele>
   </trkpt>
   <trkpt lat="49.67092" lon="9.050740000000001">
    <ele>448.09000000000003</ele>
   </trkpt>
   <trkpt lat="49.671060000000004" lon="9.05094">
    <ele>448.85</ele>
   </trkpt>
   <trkpt lat="49.67143" lon="9.05156">
    <ele>452.16</ele>
   </trkpt>
   <trkpt lat="49.671670000000006" lon="9.052090000000002">
    <ele>454.75000000000006</ele>
   </trkpt>
   <trkpt lat="49.671890000000005" lon="9.052700000000002">
    <ele>456.0</ele>
   </trkpt>
   <trkpt lat="49.67209333999249" lon="9.053579992603082">
    <ele>460.67</ele>
   </trkpt>
   <trkpt lat="49.67229667331681" lon="9.054459992563956">
    <ele>463.6</ele>
   </trkpt>
   <trkpt lat="49.67250000000001" lon="9.055340000000001">
    <ele>466.97</ele>
   </trkpt>
   <trkpt lat="49.672810000000005" lon="9.05634">
    <ele>472.17</ele>
   </trkpt>
   <trkpt lat="49.673210000000005" lon="9.05732">
    <ele>475.94</ele>
   </trkpt>
   <trkpt lat="49.67353000000001" lon="9.058200000000001">
    <ele>480.16</ele>
   </trkpt>
   <trkpt lat="49.67362000000001" lon="9.05856">
    <ele>481.00000000000006</ele>
   </trkpt>
   <trkpt lat="49.67369" lon="9.05893">
    <ele>483.68000000000006</ele>
   </trkpt>
   <trkpt lat="49.67372" lon="9.059420000000001">
    <ele>484.55</ele>
   </trkpt>
   <trkpt lat="49.673680000000004" lon="9.06029">
    <ele>488.58</ele>
   </trkpt>
   <trkpt lat="49.67347500472075" lon="9.061340004558659">
    <ele>492.63000000000005</ele>
   </trkpt>
   <trkpt lat="49.67327" lon="9.06239">
    <ele>497.59000000000003</ele>
   </trkpt>
   <trkpt lat="49.67304000000001" lon="9.06351">
    <ele>501.25000000000006</ele>
   </trkpt>
   <trkpt lat="49.67297000000001" lon="9.06399">
    <ele>504.63</ele>
   </trkpt>
   <trkpt lat="49.67296" lon="9.064290000000002">
    <ele>504.63</ele>
   </trkpt>
   <trkpt lat="49.673010000000005" lon="9.064580000000001">
    <ele>509.75</ele>
   </trkpt>
   <trkpt lat="49.673080000000006" lon="9.064860000000001">
    <ele>509.75</ele>
   </trkpt>
   <trkpt lat="49.67322" lon="9.06512">
    <ele>510.65000000000003</ele>
   </trkpt>
   <trkpt lat="49.673620001783405" lon="9.065764994682777">
    <ele>511.99000000000007</ele>
   </trkpt>
   <trkpt lat="49.674020000000006" lon="9.066410000000001">
    <ele>517.23</ele>
   </trkpt>
   <trkpt lat="49.674440000000004" lon="9.067">
    <ele>518.82</ele>
   </trkpt>
   <trkpt lat="49.67472" lon="9.06743">
    <ele>519.3800000000001</ele>
   </trkpt>
   <trkpt lat="49.67493" lon="9.06779">
    <ele>519.51</ele>
   </trkpt>
   <trkpt lat="49.675070000000005" lon="9.068000000000001">
    <ele>519.39</ele>
   </trkpt>
   <trkpt lat="49.675090000000004" lon="9.06803">
    <ele>519.36</ele>
   </trkpt>
   <trkpt lat="49.67503000000001" lon="9.068150000000001">
    <ele>519.36</ele>
   </trkpt>
   <trkpt lat="49.674960000000006" lon="9.06822">
    <ele>518.51</ele>
   </trkpt>
   <trkpt lat="49.67488" lon="9.06825">
    <ele>518.51</ele>
   </trkpt>
   <trkpt lat="49.67421" lon="9.068330000000001">
    <ele>516.81</ele>
   </trkpt>
   <trkpt lat="49.673500000000004" lon="9.068370000000002">
    <ele>516.39</ele>
   </trkpt>
   <trkpt lat="49.67287000017406" lon="9.068455001081725">
    <ele>515.8600000000001</ele>
   </trkpt>
   <trkpt lat="49.67224" lon="9.06854">
    <ele>515.9200000000001</ele>
   </trkpt>
   <trkpt lat="49.67192000000001" lon="9.06864">
    <ele>515.5200000000001</ele>
   </trkpt>
   <trkpt lat="49.67163000000001" lon="9.068810000000001">
    <ele>514.5300000000001</ele>
   </trkpt>
   <trkpt lat="49.671130000000005" lon="9.069640000000001">
    <ele>509.88</ele>
   </trkpt>
   <trkpt lat="49.67096" lon="9.069980000000001">
    <ele>509.88</ele>
   </trkpt>
   <trkpt lat="49.670580001341186" lon="9.070525004168287">
    <ele>508.68</ele>
   </trkpt>
   <trkpt lat="49.6702" lon="9.07107">
    <ele>507.9100000000001</ele>
   </trkpt>
   <trkpt lat="49.669900000000005" lon="9.07149">
    <ele>507.26000000000005</ele>
   </trkpt>
   <trkpt lat="49.669630000000005" lon="9.071810000000001">
    <ele>507.2300000000001</ele>
   </trkpt>
   <trkpt lat="49.668943337012244" lon="9.072466685238695">
    <ele>507.97</ele>
   </trkpt>
   <trkpt lat="49.66825667031122" lon="9.07312335193786">
    <ele>509.05</ele>
   </trkpt>
   <trkpt lat="49.667570000000005" lon="9.073780000000001">
    <ele>509.68</ele>
   </trkpt>
   <trkpt lat="49.66684" lon="9.07435">
    <ele>511.76</ele>
   </trkpt>
   <trkpt lat="49.66657000000001" lon="9.07451">
    <ele>513.1</ele>
   </trkpt>
   <trkpt lat="49.66630000000001" lon="9.0747">
    <ele>513.97</ele>
   </trkpt>
   <trkpt lat="49.66577" lon="9.074900000000001">
    <ele>517.1300000000001</ele>
   </trkpt>
   <trkpt lat="49.66537" lon="9.07498">
    <ele>519.1999999999999</ele>
   </trkpt>
   <trkpt lat="49.664970000000004" lon="9.07501">
    <ele>521.17</ele>
   </trkpt>
   <trkpt lat="49.664444999915055" lon="9.074949999341058">
    <ele>523.21</ele>
   </trkpt>
   <trkpt lat="49.663920000000005" lon="9.07489">
    <ele>524.78</ele>
   </trkpt>
   <trkpt lat="49.663740000000004" lon="9.074850000000001">
    <ele>525.2900000000001</ele>
   </trkpt>
   <trkpt lat="49.6636" lon="9.074770000000001">
    <ele>525.4100000000001</ele>
   </trkpt>
   <trkpt lat="49.663160000000005" lon="9.07445">
    <ele>525.2900000000001</ele>
   </trkpt>
   <trkpt lat="49.662980000000005" lon="9.074290000000001">
    <ele>525.2900000000001</ele>
   </trkpt>
   <trkpt lat="49.66281000000001" lon="9.07409">
    <ele>525.2900000000001</ele>
   </trkpt>
   <trkpt lat="49.66232000272297" lon="9.07329499199639">
    <ele>525.0</ele>
   </trkpt>
   <trkpt lat="49.66183" lon="9.072500000000002">
    <ele>525.22</ele>
   </trkpt>
   <trkpt lat="49.66123" lon="9.071610000000002">
    <ele>525.93</ele>
   </trkpt>
   <trkpt lat="49.66083000129532" lon="9.071054995394572">
    <ele>527.1</ele>
   </trkpt>
   <trkpt lat="49.660430000000005" lon="9.070500000000001">
    <ele>528.52</ele>
   </trkpt>
   <trkpt lat="49.659745003098465" lon="9.069654988134292">
    <ele>531.4100000000001</ele>
   </trkpt>
   <trkpt lat="49.659060000000004" lon="9.068810000000001">
    <ele>533.9200000000001</ele>
   </trkpt>
   <trkpt lat="49.65874" lon="9.06846">
    <ele>535.0600000000001</ele>
   </trkpt>
   <trkpt lat="49.65843" lon="9.06822">
    <ele>536.32</ele>
   </trkpt>
   <trkpt lat="49.65785" lon="9.06793">
    <ele>538.18</ele>
   </trkpt>
   <trkpt lat="49.65713" lon="9.06761">
    <ele>536.72</ele>
   </trkpt>
   <trkpt lat="49.65697" lon="9.06755">
    <ele>536.72</ele>
   </trkpt>
   <trkpt lat="49.65688" lon="9.06756">
    <ele>536.47</ele>
   </trkpt>
   <trkpt lat="49.65679" lon="9.067630000000001">
    <ele>536.15</ele>
   </trkpt>
   <trkpt lat="49.65666" lon="9.06784">
    <ele>535.79</ele>
   </trkpt>
   <trkpt lat="49.65637" lon="9.06844">
    <ele>534.47</ele>
   </trkpt>
   <trkpt lat="49.65623" lon="9.068760000000001">
    <ele>533.82</ele>
   </trkpt>
   <trkpt lat="49.65614" lon="9.069">
    <ele>533.32</ele>
   </trkpt>
   <trkpt lat="49.656020000000005" lon="9.06944">
    <ele>532.34</ele>
   </trkpt>
   <trkpt lat="49.655910000000006" lon="9.06972">
    <ele>531.72</ele>
   </trkpt>
   <trkpt lat="49.655750000000005" lon="9.07008">
    <ele>530.78</ele>
   </trkpt>
   <trkpt lat="49.65540000000001" lon="9.0707">
    <ele>528.73</ele>
   </trkpt>
   <trkpt lat="49.65527" lon="9.07097">
    <ele>527.9</ele>
   </trkpt>
   <trkpt lat="49.65513000000001" lon="9.07137">
    <ele>527.2800000000001</ele>
   </trkpt>
   <trkpt lat="49.654970000000006" lon="9.072000000000001">
    <ele>526.25</ele>
   </trkpt>
   <trkpt lat="49.654700000000005" lon="9.07287">
    <ele>523.83</ele>
   </trkpt>
   <trkpt lat="49.654210000000006" lon="9.07366">
    <ele>522.05</ele>
   </trkpt>
   <trkpt lat="49.654180000000004" lon="9.07384">
    <ele>521.8900000000001</ele>
   </trkpt>
   <trkpt lat="49.654160000000005" lon="9.074440000000001">
    <ele>522.1300000000001</ele>
   </trkpt>
   <trkpt lat="49.65420000475113" lon="9.075489999240014">
    <ele>521.63</ele>
   </trkpt>
   <trkpt lat="49.65424" lon="9.076540000000001">
    <ele>520.34</ele>
   </trkpt>
   <trkpt lat="49.654250000000005" lon="9.077060000000001">
    <ele>519.6800000000001</ele>
   </trkpt>
   <trkpt lat="49.65424" lon="9.077580000000001">
    <ele>518.94</ele>
   </trkpt>
   <trkpt lat="49.654180000000004" lon="9.07826">
    <ele>517.71</ele>
   </trkpt>
   <trkpt lat="49.653980000000004" lon="9.07928">
    <ele>516.59</ele>
   </trkpt>
   <trkpt lat="49.653850000000006" lon="9.07985">
    <ele>516.1300000000001</ele>
   </trkpt>
   <trkpt lat="49.65377" lon="9.080070000000001">
    <ele>515.75</ele>
   </trkpt>
   <trkpt lat="49.6534950025031" lon="9.080835004369238">
    <ele>514.26</ele>
   </trkpt>
   <trkpt lat="49.653220000000005" lon="9.0816">
    <ele>513.87</ele>
   </trkpt>
   <trkpt lat="49.653110000000005" lon="9.08186">
    <ele>512.7</ele>
   </trkpt>
   <trkpt lat="49.65298000000001" lon="9.08206">
    <ele>512.7</ele>
   </trkpt>
   <trkpt lat="49.65288" lon="9.08216">
    <ele>512.29</ele>
   </trkpt>
   <trkpt lat="49.652710000000006" lon="9.082260000000002">
    <ele>511.93</ele>
   </trkpt>
   <trkpt lat="49.652620000000006" lon="9.08229">
    <ele>511.53000000000003</ele>
   </trkpt>
   <trkpt lat="49.652350000000006" lon="9.0823">
    <ele>510.77000000000004</ele>
   </trkpt>
   <trkpt lat="49.652300000000004" lon="9.08228">
    <ele>510.4200000000001</ele>
   </trkpt>
   <trkpt lat="49.65218" lon="9.082180000000001">
    <ele>510.09000000000003</ele>
   </trkpt>
   <trkpt lat="49.651990000000005" lon="9.08196">
    <ele>509.65000000000003</ele>
   </trkpt>
   <trkpt lat="49.651790000000005" lon="9.081620000000001">
    <ele>508.16</ele>
   </trkpt>
   <trkpt lat="49.65169" lon="9.08141">
    <ele>508.16</ele>
   </trkpt>
   <trkpt lat="49.65164000000001" lon="9.081320000000002">
    <ele>508.13000000000005</ele>
   </trkpt>
   <trkpt lat="49.65158" lon="9.08127">
    <ele>508.07</ele>
   </trkpt>
   <trkpt lat="49.65151" lon="9.08127">
    <ele>508.07</ele>
   </trkpt>
   <trkpt lat="49.65129" lon="9.081370000000001">
    <ele>507.51</ele>
   </trkpt>
   <trkpt lat="49.65077" lon="9.08146">
    <ele>505.89000000000004</ele>
   </trkpt>
   <trkpt lat="49.65016000000001" lon="9.08117">
    <ele>502.06000000000006</ele>
   </trkpt>
   <trkpt lat="49.649820000000005" lon="9.08106">
    <ele>500.87</ele>
   </trkpt>
   <trkpt lat="49.64922000000001" lon="9.08088">
    <ele>497.43</ele>
   </trkpt>
   <trkpt lat="49.648970000000006" lon="9.08087">
    <ele>496.57000000000005</ele>
   </trkpt>
   <trkpt lat="49.64828000000001" lon="9.08088">
    <ele>491.25</ele>
   </trkpt>
   <trkpt lat="49.64759" lon="9.080960000000001">
    <ele>487.68000000000006</ele>
   </trkpt>
   <trkpt lat="49.64706" lon="9.08099">
    <ele>487.76</ele>
   </trkpt>
   <trkpt lat="49.646890000000006" lon="9.081090000000001">
    <ele>487.92</ele>
   </trkpt>
   <trkpt lat="49.646510000000006" lon="9.0815">
    <ele>488.22</ele>
   </trkpt>
   <trkpt lat="49.645900000000005" lon="9.082260000000002">
    <ele>488.52000000000004</ele>
   </trkpt>
   <trkpt lat="49.64553500108777" lon="9.082770003868681">
    <ele>488.51000000000005</ele>
   </trkpt>
   <trkpt lat="49.64517000000001" lon="9.08328">
    <ele>488.34000000000003</ele>
   </trkpt>
   <trkpt lat="49.64509" lon="9.083480000000002">
    <ele>488.34000000000003</ele>
   </trkpt>
   <trkpt lat="49.64508000000001" lon="9.083590000000001">
    <ele>488.21000000000004</ele>
   </trkpt>
   <trkpt lat="49.645070000000004" lon="9.08413">
    <ele>488.28000000000003</ele>
   </trkpt>
   <trkpt lat="49.645" lon="9.08506">
    <ele>491.34000000000003</ele>
   </trkpt>
   <trkpt lat="49.64502000479579" lon="9.086114999725778">
    <ele>492.6</ele>
   </trkpt>
   <trkpt lat="49.64504" lon="9.08717">
    <ele>494.12000000000006</ele>
   </trkpt>
   <trkpt lat="49.645" lon="9.087280000000002">
    <ele>494.63</ele>
   </trkpt>
   <trkpt lat="49.64497" lon="9.08731">
    <ele>494.94000000000005</ele>
   </trkpt>
   <trkpt lat="49.644890000000004" lon="9.08732">
    <ele>495.28000000000003</ele>
   </trkpt>
   <trkpt lat="49.64452000000001" lon="9.087100000000001">
    <ele>499.93</ele>
   </trkpt>
   <trkpt lat="49.64417" lon="9.08694">
    <ele>503.28000000000003</ele>
   </trkpt>
   <trkpt lat="49.643930000000005" lon="9.08679">
    <ele>504.97</ele>
   </trkpt>
   <trkpt lat="49.643860000000004" lon="9.0867">
    <ele>505.73</ele>
   </trkpt>
   <trkpt lat="49.64336" lon="9.085700000000001">
    <ele>508.27</ele>
   </trkpt>
   <trkpt lat="49.64312" lon="9.08534">
    <ele>509.75</ele>
   </trkpt>
   <trkpt lat="49.6426" lon="9.084900000000001">
    <ele>511.32</ele>
   </trkpt>
   <trkpt lat="49.64219000000001" lon="9.08463">
    <ele>513.81</ele>
   </trkpt>
   <trkpt lat="49.641550001908485" lon="9.084156654208009">
    <ele>518.09</ele>
   </trkpt>
   <trkpt lat="49.64091000188736" lon="9.083683320859276">
    <ele>520.93</ele>
   </trkpt>
   <trkpt lat="49.64027" lon="9.083210000000001">
    <ele>522.0799999999999</ele>
   </trkpt>
   <trkpt lat="49.63972000059349" lon="9.082819995551352">
    <ele>521.4300000000001</ele>
   </trkpt>
   <trkpt lat="49.63917000000001" lon="9.08243">
    <ele>520.75</ele>
   </trkpt>
   <trkpt lat="49.63872000053858" lon="9.08215499758883">
    <ele>518.37</ele>
   </trkpt>
   <trkpt lat="49.638270000000006" lon="9.08188">
    <ele>516.61</ele>
   </trkpt>
   <trkpt lat="49.637510000000006" lon="9.08148">
    <ele>513.45</ele>
   </trkpt>
   <trkpt lat="49.637440000000005" lon="9.08145">
    <ele>512.78</ele>
   </trkpt>
   <trkpt lat="49.63734" lon="9.08146">
    <ele>512.78</ele>
   </trkpt>
   <trkpt lat="49.637220000000006" lon="9.0815">
    <ele>512.07</ele>
   </trkpt>
   <trkpt lat="49.637130000000006" lon="9.081560000000001">
    <ele>512.07</ele>
   </trkpt>
   <trkpt lat="49.63661333545371" lon="9.082060010641">
    <ele>509.87000000000006</ele>
   </trkpt>
   <trkpt lat="49.63609666875422" lon="9.082560010672605">
    <ele>508.28000000000003</ele>
   </trkpt>
   <trkpt lat="49.635580000000004" lon="9.083060000000001">
    <ele>506.4700000000001</ele>
   </trkpt>
   <trkpt lat="49.635270000000006" lon="9.083540000000001">
    <ele>506.3500000000001</ele>
   </trkpt>
   <trkpt lat="49.63476000000001" lon="9.08463">
    <ele>507.12</ele>
   </trkpt>
   <trkpt lat="49.634504023260405" lon="9.085792024423457">
    <ele>505.05</ele>
   </trkpt>
   <trkpt lat="49.63424803489119" lon="9.086954036631811">
    <ele>500.73</ele>
   </trkpt>
   <trkpt lat="49.63399203489259" lon="9.08811603662475">
    <ele>496.65000000000003</ele>
   </trkpt>
   <trkpt lat="49.63373602326483" lon="9.089278024401956">
    <ele>495.08</ele>
   </trkpt>
   <trkpt lat="49.633480000000006" lon="9.090440000000001">
    <ele>494.78000000000003</ele>
   </trkpt>
   <trkpt lat="49.63324251583487" lon="9.091547516253867">
    <ele>494.8</ele>
   </trkpt>
   <trkpt lat="49.6330050211055" lon="9.092655021707163">
    <ele>494.69</ele>
   </trkpt>
   <trkpt lat="49.63276751581206" lon="9.093762516359606">
    <ele>494.51000000000005</ele>
   </trkpt>
   <trkpt lat="49.63253" lon="9.09487">
    <ele>494.08</ele>
   </trkpt>
   <trkpt lat="49.632220006968225" lon="9.096145008248028">
    <ele>492.67</ele>
   </trkpt>
   <trkpt lat="49.631910000000005" lon="9.097420000000001">
    <ele>491.03000000000003</ele>
   </trkpt>
   <trkpt lat="49.631750000000004" lon="9.09792">
    <ele>490.50000000000006</ele>
   </trkpt>
   <trkpt lat="49.631400000000006" lon="9.098510000000001">
    <ele>489.33000000000004</ele>
   </trkpt>
   <trkpt lat="49.63083750706836" lon="9.099250025644942">
    <ele>487.64</ele>
   </trkpt>
   <trkpt lat="49.630275009420075" lon="9.099990034198468">
    <ele>486.75</ele>
   </trkpt>
   <trkpt lat="49.629712507055366" lon="9.10073002566117">
    <ele>487.40000000000003</ele>
   </trkpt>
   <trkpt lat="49.62915" lon="9.10147">
    <ele>490.02000000000004</ele>
   </trkpt>
   <trkpt lat="49.6287700013469" lon="9.102025004299682">
    <ele>491.57000000000005</ele>
   </trkpt>
   <trkpt lat="49.62839" lon="9.102580000000001">
    <ele>493.18000000000006</ele>
   </trkpt>
   <trkpt lat="49.62794500153982" lon="9.103195005740975">
    <ele>495.38000000000005</ele>
   </trkpt>
   <trkpt lat="49.627500000000005" lon="9.103810000000001">
    <ele>497.38000000000005</ele>
   </trkpt>
   <trkpt lat="49.627280000000006" lon="9.104280000000001">
    <ele>499.03000000000003</ele>
   </trkpt>
   <trkpt lat="49.626920000000005" lon="9.105360000000001">
    <ele>501.8</ele>
   </trkpt>
   <trkpt lat="49.6268" lon="9.10561">
    <ele>502.65999999999997</ele>
   </trkpt>
   <trkpt lat="49.626650000000005" lon="9.10584">
    <ele>503.9</ele>
   </trkpt>
   <trkpt lat="49.626430000000006" lon="9.10607">
    <ele>504.5900000000001</ele>
   </trkpt>
   <trkpt lat="49.6256000009872" lon="9.106545008083545">
    <ele>508.7900000000001</ele>
   </trkpt>
   <trkpt lat="49.624770000000005" lon="9.10702">
    <ele>510.6</ele>
   </trkpt>
   <trkpt lat="49.62449" lon="9.107230000000001">
    <ele>510.95</ele>
   </trkpt>
   <trkpt lat="49.62409" lon="9.10759">
    <ele>511.51</ele>
   </trkpt>
   <trkpt lat="49.623685000932305" lon="9.108015003370785">
    <ele>511.8400000000001</ele>
   </trkpt>
   <trkpt lat="49.62328" lon="9.10844">
    <ele>512.6200000000001</ele>
   </trkpt>
   <trkpt lat="49.623200000000004" lon="9.10853">
    <ele>512.93</ele>
   </trkpt>
   <trkpt lat="49.62301" lon="9.10867">
    <ele>513.73</ele>
   </trkpt>
   <trkpt lat="49.622820000000004" lon="9.10876">
    <ele>513.73</ele>
   </trkpt>
   <trkpt lat="49.622300000202586" lon="9.108955002066548">
    <ele>515.02</ele>
   </trkpt>
   <trkpt lat="49.62178" lon="9.109150000000001">
    <ele>515.3000000000001</ele>
   </trkpt>
   <trkpt lat="49.62097000000001" lon="9.109010000000001">
    <ele>514.8600000000001</ele>
   </trkpt>
   <trkpt lat="49.62071" lon="9.109010000000001">
    <ele>513.58</ele>
   </trkpt>
   <trkpt lat="49.62050000000001" lon="9.109110000000001">
    <ele>511.27</ele>
   </trkpt>
   <trkpt lat="49.620360000000005" lon="9.109290000000001">
    <ele>509.97999999999996</ele>
   </trkpt>
   <trkpt lat="49.62004" lon="9.109770000000001">
    <ele>506.90000000000003</ele>
   </trkpt>
   <trkpt lat="49.61974000000001" lon="9.11011">
    <ele>502.9800000000001</ele>
   </trkpt>
   <trkpt lat="49.61937" lon="9.110320000000002">
    <ele>500.48</ele>
   </trkpt>
   <trkpt lat="49.6193" lon="9.11041">
    <ele>500.48</ele>
   </trkpt>
   <trkpt lat="49.619260000000004" lon="9.110570000000001">
    <ele>499.49</ele>
   </trkpt>
   <trkpt lat="49.6193" lon="9.11077">
    <ele>497.91</ele>
   </trkpt>
   <trkpt lat="49.619580000000006" lon="9.11142">
    <ele>495.40000000000003</ele>
   </trkpt>
   <trkpt lat="49.619670000000006" lon="9.111650000000001">
    <ele>492.98</ele>
   </trkpt>
   <trkpt lat="49.61983000000001" lon="9.112250000000001">
    <ele>490.68000000000006</ele>
   </trkpt>
   <trkpt lat="49.61984" lon="9.112540000000001">
    <ele>488.29</ele>
   </trkpt>
   <trkpt lat="49.61974000000001" lon="9.11313">
    <ele>485.7</ele>
   </trkpt>
   <trkpt lat="49.61948" lon="9.114170000000001">
    <ele>479.92</ele>
   </trkpt>
   <trkpt lat="49.61941" lon="9.11461">
    <ele>477.5</ele>
   </trkpt>
   <trkpt lat="49.61937" lon="9.115250000000001">
    <ele>475.16</ele>
   </trkpt>
   <trkpt lat="49.61937" lon="9.11569">
    <ele>471.43</ele>
   </trkpt>
   <trkpt lat="49.619400000000006" lon="9.116010000000001">
    <ele>471.43</ele>
   </trkpt>
   <trkpt lat="49.61947000000001" lon="9.11631">
    <ele>466.70000000000005</ele>
   </trkpt>
   <trkpt lat="49.619510000000005" lon="9.116420000000002">
    <ele>466.70000000000005</ele>
   </trkpt>
   <trkpt lat="49.61961" lon="9.1166">
    <ele>466.70000000000005</ele>
   </trkpt>
   <trkpt lat="49.62006" lon="9.11716">
    <ele>459.41</ele>
   </trkpt>
   <trkpt lat="49.620290000000004" lon="9.11739">
    <ele>459.41</ele>
   </trkpt>
   <trkpt lat="49.62051" lon="9.11757">
    <ele>457.08000000000004</ele>
   </trkpt>
   <trkpt lat="49.62059000000001" lon="9.11761">
    <ele>457.08000000000004</ele>
   </trkpt>
   <trkpt lat="49.620760000000004" lon="9.117640000000002">
    <ele>454.90000000000003</ele>
   </trkpt>
   <trkpt lat="49.621030000000005" lon="9.11761">
    <ele>453.16</ele>
   </trkpt>
   <trkpt lat="49.621390000000005" lon="9.117650000000001">
    <ele>450.22</ele>
   </trkpt>
   <trkpt lat="49.62200000000001" lon="9.11761">
    <ele>445.34000000000003</ele>
   </trkpt>
   <trkpt lat="49.62232" lon="9.117560000000001">
    <ele>440.38000000000005</ele>
   </trkpt>
   <trkpt lat="49.622640000000004" lon="9.11743">
    <ele>439.65000000000003</ele>
   </trkpt>
   <trkpt lat="49.623020000000004" lon="9.11721">
    <ele>437.78000000000003</ele>
   </trkpt>
   <trkpt lat="49.62339" lon="9.117030000000002">
    <ele>431.65000000000003</ele>
   </trkpt>
   <trkpt lat="49.62359000000001" lon="9.11691">
    <ele>431.65000000000003</ele>
   </trkpt>
   <trkpt lat="49.62393" lon="9.116620000000001">
    <ele>427.23</ele>
   </trkpt>
   <trkpt lat="49.62436000050614" lon="9.116300002775784">
    <ele>423.58</ele>
   </trkpt>
   <trkpt lat="49.624790000000004" lon="9.11598">
    <ele>418.22</ele>
   </trkpt>
   <trkpt lat="49.62501" lon="9.11578">
    <ele>418.22</ele>
   </trkpt>
   <trkpt lat="49.62523" lon="9.11552">
    <ele>416.87</ele>
   </trkpt>
   <trkpt lat="49.62554" lon="9.115110000000001">
    <ele>413.06</ele>
   </trkpt>
   <trkpt lat="49.62601" lon="9.114640000000001">
    <ele>409.96000000000004</ele>
   </trkpt>
   <trkpt lat="49.626090000000005" lon="9.114590000000002">
    <ele>407.91</ele>
   </trkpt>
   <trkpt lat="49.62617" lon="9.11461">
    <ele>407.91</ele>
   </trkpt>
   <trkpt lat="49.62623000000001" lon="9.11467">
    <ele>407.16</ele>
   </trkpt>
   <trkpt lat="49.62646" lon="9.115020000000001">
    <ele>404.64000000000004</ele>
   </trkpt>
   <trkpt lat="49.626580000000004" lon="9.115160000000001">
    <ele>403.03000000000003</ele>
   </trkpt>
   <trkpt lat="49.626900000000006" lon="9.115400000000001">
    <ele>400.73</ele>
   </trkpt>
   <trkpt lat="49.62713" lon="9.11561">
    <ele>398.19000000000005</ele>
   </trkpt>
   <trkpt lat="49.627230000000004" lon="9.115680000000001">
    <ele>397.49</ele>
   </trkpt>
   <trkpt lat="49.627460000000006" lon="9.11576">
    <ele>395.44</ele>
   </trkpt>
   <trkpt lat="49.627570000000006" lon="9.11588">
    <ele>395.44</ele>
   </trkpt>
   <trkpt lat="49.6276" lon="9.115960000000001">
    <ele>395.44</ele>
   </trkpt>
   <trkpt lat="49.6276" lon="9.116100000000001">
    <ele>395.44</ele>
   </trkpt>
   <trkpt lat="49.62754" lon="9.116240000000001">
    <ele>389.72</ele>
   </trkpt>
   <trkpt lat="49.62745" lon="9.116280000000001">
    <ele>389.72</ele>
   </trkpt>
   <trkpt lat="49.627100000000006" lon="9.11622">
    <ele>388.61</ele>
   </trkpt>
   <trkpt lat="49.626990000000006" lon="9.11631">
    <ele>387.44</ele>
   </trkpt>
   <trkpt lat="49.626960000000004" lon="9.116520000000001">
    <ele>386.76000000000005</ele>
   </trkpt>
   <trkpt lat="49.62707" lon="9.116760000000001">
    <ele>386.13</ele>
   </trkpt>
   <trkpt lat="49.62736" lon="9.11712">
    <ele>383.18</ele>
   </trkpt>
   <trkpt lat="49.62749" lon="9.11739">
    <ele>382.02000000000004</ele>
   </trkpt>
   <trkpt lat="49.627680000000005" lon="9.118490000000001">
    <ele>379.91</ele>
   </trkpt>
   <trkpt lat="49.62767" lon="9.11866">
    <ele>379.46000000000004</ele>
   </trkpt>
   <trkpt lat="49.62763" lon="9.11879">
    <ele>378.93000000000006</ele>
   </trkpt>
   <trkpt lat="49.627570000000006" lon="9.11884">
    <ele>377.91</ele>
   </trkpt>
   <trkpt lat="49.62749" lon="9.118860000000002">
    <ele>377.91</ele>
   </trkpt>
   <trkpt lat="49.627410000000005" lon="9.118820000000001">
    <ele>377.18</ele>
   </trkpt>
   <trkpt lat="49.627340000000004" lon="9.118730000000001">
    <ele>377.18</ele>
   </trkpt>
   <trkpt lat="49.62724000000001" lon="9.118440000000001">
    <ele>373.25</ele>
   </trkpt>
   <trkpt lat="49.62716" lon="9.1181">
    <ele>372.49</ele>
   </trkpt>
   <trkpt lat="49.62709" lon="9.11796">
    <ele>371.77000000000004</ele>
   </trkpt>
   <trkpt lat="49.627030000000005" lon="9.1179">
    <ele>370.76000000000005</ele>
   </trkpt>
   <trkpt lat="49.62689" lon="9.11782">
    <ele>369.49</ele>
   </trkpt>
   <trkpt lat="49.62669" lon="9.117830000000001">
    <ele>369.49</ele>
   </trkpt>
   <trkpt lat="49.62651" lon="9.117880000000001">
    <ele>367.09000000000003</ele>
   </trkpt>
   <trkpt lat="49.626450000000006" lon="9.11794">
    <ele>366.11</ele>
   </trkpt>
   <trkpt lat="49.62637" lon="9.1181">
    <ele>365.39000000000004</ele>
   </trkpt>
   <trkpt lat="49.62624" lon="9.118970000000001">
    <ele>362.45000000000005</ele>
   </trkpt>
   <trkpt lat="49.6261" lon="9.119330000000001">
    <ele>359.35</ele>
   </trkpt>
   <trkpt lat="49.62595" lon="9.11954">
    <ele>357.39000000000004</ele>
   </trkpt>
   <trkpt lat="49.62566" lon="9.11973">
    <ele>355.01000000000005</ele>
   </trkpt>
   <trkpt lat="49.625260000000004" lon="9.12015">
    <ele>350.48</ele>
   </trkpt>
   <trkpt lat="49.624880000000005" lon="9.120330000000001">
    <ele>348.5</ele>
   </trkpt>
   <trkpt lat="49.62444000000001" lon="9.12096">
    <ele>342.83000000000004</ele>
   </trkpt>
   <trkpt lat="49.62433000000001" lon="9.121160000000001">
    <ele>342.12</ele>
   </trkpt>
   <trkpt lat="49.62431" lon="9.12134">
    <ele>341.07000000000005</ele>
   </trkpt>
   <trkpt lat="49.624340000000004" lon="9.121500000000001">
    <ele>341.07000000000005</ele>
   </trkpt>
   <trkpt lat="49.62456" lon="9.12207">
    <ele>337.56</ele>
   </trkpt>
   <trkpt lat="49.6246" lon="9.122390000000001">
    <ele>335.63000000000005</ele>
   </trkpt>
   <trkpt lat="49.624610000000004" lon="9.123090000000001">
    <ele>331.5</ele>
   </trkpt>
   <trkpt lat="49.62456" lon="9.123650000000001">
    <ele>328.79</ele>
   </trkpt>
   <trkpt lat="49.624550000000006" lon="9.12423">
    <ele>326.19000000000005</ele>
   </trkpt>
   <trkpt lat="49.624610000000004" lon="9.12523">
    <ele>320.64000000000004</ele>
   </trkpt>
   <trkpt lat="49.62480000000001" lon="9.12644">
    <ele>313.82000000000005</ele>
   </trkpt>
   <trkpt lat="49.62483" lon="9.126790000000002">
    <ele>313.09000000000003</ele>
   </trkpt>
   <trkpt lat="49.62482000000001" lon="9.12702">
    <ele>310.42</ele>
   </trkpt>
   <trkpt lat="49.62474" lon="9.12756">
    <ele>306.97</ele>
   </trkpt>
   <trkpt lat="49.624770000000005" lon="9.127880000000001">
    <ele>306.26000000000005</ele>
   </trkpt>
   <trkpt lat="49.62494" lon="9.128540000000001">
    <ele>300.85</ele>
   </trkpt>
   <trkpt lat="49.62514" lon="9.129190000000001">
    <ele>299.19</ele>
   </trkpt>
   <trkpt lat="49.625440000000005" lon="9.12993">
    <ele>293.62000000000006</ele>
   </trkpt>
   <trkpt lat="49.62588" lon="9.13077">
    <ele>289.39000000000004</ele>
   </trkpt>
   <trkpt lat="49.62604" lon="9.131160000000001">
    <ele>286.3</ele>
   </trkpt>
   <trkpt lat="49.626160000000006" lon="9.13155">
    <ele>284.56</ele>
   </trkpt>
   <trkpt lat="49.62619" lon="9.13184">
    <ele>282.87</ele>
   </trkpt>
   <trkpt lat="49.62626" lon="9.13312">
    <ele>276.57000000000005</ele>
   </trkpt>
   <trkpt lat="49.62633" lon="9.13335">
    <ele>275.15</ele>
   </trkpt>
   <trkpt lat="49.62679000000001" lon="9.134220000000001">
    <ele>269.77</ele>
   </trkpt>
   <trkpt lat="49.62698" lon="9.13452">
    <ele>267.44</ele>
   </trkpt>
   <trkpt lat="49.62715000000001" lon="9.13471">
    <ele>265.03000000000003</ele>
   </trkpt>
   <trkpt lat="49.62747" lon="9.13494">
    <ele>263.69000000000005</ele>
   </trkpt>
   <trkpt lat="49.627950000000006" lon="9.13554">
    <ele>259.04</ele>
   </trkpt>
   <trkpt lat="49.62812" lon="9.13606">
    <ele>257.81000000000006</ele>
   </trkpt>
   <trkpt lat="49.628280000000004" lon="9.13629">
    <ele>257.23</ele>
   </trkpt>
   <trkpt lat="49.62836" lon="9.13649">
    <ele>257.13</ele>
   </trkpt>
   <trkpt lat="49.628370000000004" lon="9.13662">
    <ele>257.13</ele>
   </trkpt>
   <trkpt lat="49.628240000000005" lon="9.137210000000001">
    <ele>256.46000000000004</ele>
   </trkpt>
   <trkpt lat="49.62823" lon="9.13747">
    <ele>256.36</ele>
   </trkpt>
   <trkpt lat="49.628280000000004" lon="9.137960000000001">
    <ele>256.37000000000006</ele>
   </trkpt>
   <trkpt lat="49.62827" lon="9.13821">
    <ele>256.15000000000003</ele>
   </trkpt>
   <trkpt lat="49.62823" lon="9.13846">
    <ele>255.92000000000004</ele>
   </trkpt>
   <trkpt lat="49.628150000000005" lon="9.138670000000001">
    <ele>255.68</ele>
   </trkpt>
   <trkpt lat="49.62807" lon="9.13883">
    <ele>255.01000000000002</ele>
   </trkpt>
   <trkpt lat="49.62798" lon="9.138940000000002">
    <ele>255.01000000000002</ele>
   </trkpt>
   <trkpt lat="49.6278" lon="9.139090000000001">
    <ele>254.15000000000003</ele>
   </trkpt>
   <trkpt lat="49.62755000000001" lon="9.13925">
    <ele>253.71000000000004</ele>
   </trkpt>
   <trkpt lat="49.627430000000004" lon="9.1393">
    <ele>253.54999999999998</ele>
   </trkpt>
   <trkpt lat="49.627140000000004" lon="9.139380000000001">
    <ele>253.26999999999998</ele>
   </trkpt>
   <trkpt lat="49.626960000000004" lon="9.1394">
    <ele>253.06</ele>
   </trkpt>
   <trkpt lat="49.626740000000005" lon="9.1394">
    <ele>253.06</ele>
   </trkpt>
   <trkpt lat="49.626340000000006" lon="9.13936">
    <ele>253.06</ele>
   </trkpt>
   <trkpt lat="49.626020000000004" lon="9.139370000000001">
    <ele>252.69000000000003</ele>
   </trkpt>
   <trkpt lat="49.62585000000001" lon="9.139410000000002">
    <ele>252.69000000000003</ele>
   </trkpt>
   <trkpt lat="49.62538000000001" lon="9.13963">
    <ele>252.39</ele>
   </trkpt>
   <trkpt lat="49.62464000000001" lon="9.140080000000001">
    <ele>252.10999999999999</ele>
   </trkpt>
   <trkpt lat="49.62431" lon="9.140320000000001">
    <ele>251.70000000000002</ele>
   </trkpt>
   <trkpt lat="49.62375" lon="9.140820000000001">
    <ele>250.89</ele>
   </trkpt>
   <trkpt lat="49.62306" lon="9.141240000000002">
    <ele>250.19000000000003</ele>
   </trkpt>
   <trkpt lat="49.62276000000001" lon="9.14152">
    <ele>249.74</ele>
   </trkpt>
   <trkpt lat="49.622530000000005" lon="9.141820000000001">
    <ele>248.97000000000003</ele>
   </trkpt>
   <trkpt lat="49.622260000000004" lon="9.142330000000001">
    <ele>248.45000000000002</ele>
   </trkpt>
   <trkpt lat="49.622130000000006" lon="9.14253">
    <ele>248.21</ele>
   </trkpt>
   <trkpt lat="49.621900000000004" lon="9.14277">
    <ele>247.77</ele>
   </trkpt>
   <trkpt lat="49.62154" lon="9.142990000000001">
    <ele>247.41000000000003</ele>
   </trkpt>
   <trkpt lat="49.621190000000006" lon="9.14301">
    <ele>246.38000000000002</ele>
   </trkpt>
   <trkpt lat="49.62098" lon="9.14296">
    <ele>246.06000000000003</ele>
   </trkpt>
   <trkpt lat="49.62053" lon="9.142900000000001">
    <ele>245.39000000000001</ele>
   </trkpt>
   <trkpt lat="49.62030000000001" lon="9.142940000000001">
    <ele>245.08</ele>
   </trkpt>
   <trkpt lat="49.61988" lon="9.143260000000001">
    <ele>244.6</ele>
   </trkpt>
   <trkpt lat="49.61934" lon="9.14372">
    <ele>243.70000000000002</ele>
   </trkpt>
   <trkpt lat="49.61919" lon="9.143820000000002">
    <ele>243.33</ele>
   </trkpt>
   <trkpt lat="49.618880000000004" lon="9.14394">
    <ele>242.99</ele>
   </trkpt>
   <trkpt lat="49.618370000000006" lon="9.144020000000001">
    <ele>242.35</ele>
   </trkpt>
   <trkpt lat="49.61824000000001" lon="9.14408">
    <ele>242.35</ele>
   </trkpt>
   <trkpt lat="49.618140000000004" lon="9.144160000000001">
    <ele>242.35</ele>
   </trkpt>
   <trkpt lat="49.618050000000004" lon="9.14427">
    <ele>241.37000000000003</ele>
   </trkpt>
   <trkpt lat="49.61793" lon="9.144490000000001">
    <ele>241.37000000000003</ele>
   </trkpt>
   <trkpt lat="49.617650000000005" lon="9.1456">
    <ele>240.33</ele>
   </trkpt>
   <trkpt lat="49.617430000000006" lon="9.146120000000002">
    <ele>239.55</ele>
   </trkpt>
   <trkpt lat="49.617290000000004" lon="9.14634">
    <ele>239.39000000000001</ele>
   </trkpt>
   <trkpt lat="49.61719" lon="9.14644">
    <ele>238.66</ele>
   </trkpt>
   <trkpt lat="49.617050000000006" lon="9.14653">
    <ele>238.66</ele>
   </trkpt>
   <trkpt lat="49.61677" lon="9.14663">
    <ele>238.23000000000002</ele>
   </trkpt>
   <trkpt lat="49.61645000000001" lon="9.146590000000002">
    <ele>237.63</ele>
   </trkpt>
   <trkpt lat="49.61625" lon="9.14653">
    <ele>237.63</ele>
   </trkpt>
   <trkpt lat="49.61594" lon="9.146360000000001">
    <ele>236.74</ele>
   </trkpt>
   <trkpt lat="49.615790000000004" lon="9.146260000000002">
    <ele>236.74</ele>
   </trkpt>
   <trkpt lat="49.61563" lon="9.14611">
    <ele>236.41</ele>
   </trkpt>
   <trkpt lat="49.61522" lon="9.14555">
    <ele>234.95000000000002</ele>
   </trkpt>
   <trkpt lat="49.615050000000004" lon="9.145420000000001">
    <ele>234.95000000000002</ele>
   </trkpt>
   <trkpt lat="49.61495000000001" lon="9.145380000000001">
    <ele>234.95000000000002</ele>
   </trkpt>
   <trkpt lat="49.61477000000001" lon="9.14532">
    <ele>234.04000000000002</ele>
   </trkpt>
   <trkpt lat="49.61415" lon="9.14518">
    <ele>232.20000000000002</ele>
   </trkpt>
   <trkpt lat="49.613890000000005" lon="9.145150000000001">
    <ele>231.89000000000001</ele>
   </trkpt>
   <trkpt lat="49.613550000000004" lon="9.145150000000001">
    <ele>230.94</ele>
   </trkpt>
   <trkpt lat="49.613420000000005" lon="9.14513">
    <ele>230.94</ele>
   </trkpt>
   <trkpt lat="49.61314" lon="9.14522">
    <ele>230.23000000000002</ele>
   </trkpt>
   <trkpt lat="49.61274" lon="9.14553">
    <ele>229.65</ele>
   </trkpt>
   <trkpt lat="49.61260000000001" lon="9.14567">
    <ele>229.13000000000002</ele>
   </trkpt>
   <trkpt lat="49.612480000000005" lon="9.14587">
    <ele>229.13000000000002</ele>
   </trkpt>
   <trkpt lat="49.612030000000004" lon="9.146780000000001">
    <ele>227.65</ele>
   </trkpt>
   <trkpt lat="49.61178" lon="9.147210000000001">
    <ele>227.65</ele>
   </trkpt>
   <trkpt lat="49.61162" lon="9.147440000000001">
    <ele>226.16000000000003</ele>
   </trkpt>
   <trkpt lat="49.610910000000004" lon="9.14826">
    <ele>225.09</ele>
   </trkpt>
   <trkpt lat="49.610600000000005" lon="9.14878">
    <ele>224.62</ele>
   </trkpt>
   <trkpt lat="49.61052" lon="9.14897">
    <ele>224.62</ele>
   </trkpt>
   <trkpt lat="49.610340001891" lon="9.149630002382604">
    <ele>223.46</ele>
   </trkpt>
   <trkpt lat="49.61016000000001" lon="9.15029">
    <ele>222.60000000000002</ele>
   </trkpt>
   <trkpt lat="49.609970000000004" lon="9.150830000000001">
    <ele>222.60000000000002</ele>
   </trkpt>
   <trkpt lat="49.60983" lon="9.15116">
    <ele>222.08</ele>
   </trkpt>
   <trkpt lat="49.60972" lon="9.151330000000002">
    <ele>221.76000000000002</ele>
   </trkpt>
   <trkpt lat="49.60961" lon="9.151480000000001">
    <ele>221.05</ele>
   </trkpt>
   <trkpt lat="49.609370000000006" lon="9.15173">
    <ele>219.78000000000003</ele>
   </trkpt>
   <trkpt lat="49.608900000000006" lon="9.15212">
    <ele>218.82000000000002</ele>
   </trkpt>
   <trkpt lat="49.60862" lon="9.1524">
    <ele>217.61</ele>
   </trkpt>
   <trkpt lat="49.60851" lon="9.15254">
    <ele>217.61</ele>
   </trkpt>
   <trkpt lat="49.608360000000005" lon="9.152790000000001">
    <ele>216.73</ele>
   </trkpt>
   <trkpt lat="49.60826" lon="9.153020000000001">
    <ele>216.47000000000003</ele>
   </trkpt>
   <trkpt lat="49.60817" lon="9.15361">
    <ele>215.66000000000003</ele>
   </trkpt>
   <trkpt lat="49.608170002201845" lon="9.154324999843064">
    <ele>214.22000000000003</ele>
   </trkpt>
   <trkpt lat="49.60817" lon="9.155040000000001">
    <ele>212.99</ele>
   </trkpt>
   <trkpt lat="49.60815" lon="9.155700000000001">
    <ele>212.33</ele>
   </trkpt>
   <trkpt lat="49.608070000000005" lon="9.15676">
    <ele>209.78000000000003</ele>
   </trkpt>
   <trkpt lat="49.608090000000004" lon="9.1574">
    <ele>209.20000000000002</ele>
   </trkpt>
   <trkpt lat="49.608140000000006" lon="9.15773">
    <ele>209.20000000000002</ele>
   </trkpt>
   <trkpt lat="49.60819000000001" lon="9.15794">
    <ele>208.68</ele>
   </trkpt>
   <trkpt lat="49.608380000000004" lon="9.158510000000001">
    <ele>208.25</ele>
   </trkpt>
   <trkpt lat="49.60850000000001" lon="9.15877">
    <ele>208.25</ele>
   </trkpt>
   <trkpt lat="49.60884" lon="9.1593">
    <ele>207.71</ele>
   </trkpt>
   <trkpt lat="49.60909" lon="9.159600000000001">
    <ele>207.26000000000002</ele>
   </trkpt>
   <trkpt lat="49.609320000000004" lon="9.15981">
    <ele>206.97</ele>
   </trkpt>
   <trkpt lat="49.60945" lon="9.1599">
    <ele>206.97</ele>
   </trkpt>
   <trkpt lat="49.61001" lon="9.16019">
    <ele>206.49</ele>
   </trkpt>
   <trkpt lat="49.61052500027422" lon="9.16037499809097">
    <ele>206.11</ele>
   </trkpt>
   <trkpt lat="49.61104" lon="9.16056">
    <ele>205.49</ele>
   </trkpt>
   <trkpt lat="49.61142" lon="9.160770000000001">
    <ele>205.11</ele>
   </trkpt>
   <trkpt lat="49.611790000000006" lon="9.161090000000002">
    <ele>204.23000000000002</ele>
   </trkpt>
   <trkpt lat="49.61231" lon="9.161660000000001">
    <ele>203.08</ele>
   </trkpt>
   <trkpt lat="49.61262000000001" lon="9.162080000000001">
    <ele>202.73000000000002</ele>
   </trkpt>
   <trkpt lat="49.613110000000006" lon="9.162920000000002">
    <ele>202.52</ele>
   </trkpt>
   <trkpt lat="49.61338000000001" lon="9.163450000000001">
    <ele>202.23000000000002</ele>
   </trkpt>
   <trkpt lat="49.61361" lon="9.16402">
    <ele>202.15000000000003</ele>
   </trkpt>
   <trkpt lat="49.613690000000005" lon="9.16435">
    <ele>202.15000000000003</ele>
   </trkpt>
   <trkpt lat="49.61374000000001" lon="9.16488">
    <ele>202.36</ele>
   </trkpt>
   <trkpt lat="49.61372" lon="9.166020000000001">
    <ele>203.42000000000002</ele>
   </trkpt>
   <trkpt lat="49.61384" lon="9.16675">
    <ele>203.87000000000003</ele>
   </trkpt>
   <trkpt lat="49.614110000000004" lon="9.167570000000001">
    <ele>204.19</ele>
   </trkpt>
   <trkpt lat="49.614090000000004" lon="9.16769">
    <ele>204.07000000000002</ele>
   </trkpt>
   <trkpt lat="49.61397" lon="9.167910000000001">
    <ele>203.90000000000003</ele>
   </trkpt>
   <trkpt lat="49.61395" lon="9.16789">
    <ele>203.8</ele>
   </trkpt>
   <trkpt lat="49.61379" lon="9.167750000000002">
    <ele>203.11</ele>
   </trkpt>
   <trkpt lat="49.613640000000004" lon="9.16765">
    <ele>202.75</ele>
   </trkpt>
   <trkpt lat="49.613260000000004" lon="9.16756">
    <ele>202.21000000000004</ele>
   </trkpt>
   <trkpt lat="49.612660000000005" lon="9.167520000000001">
    <ele>202.42000000000002</ele>
   </trkpt>
   <trkpt lat="49.61243" lon="9.167470000000002">
    <ele>202.48000000000002</ele>
   </trkpt>
   <trkpt lat="49.612230000000004" lon="9.167390000000001">
    <ele>202.82000000000002</ele>
   </trkpt>
   <trkpt lat="49.61197000000001" lon="9.16723">
    <ele>202.92000000000002</ele>
   </trkpt>
   <trkpt lat="49.611740000000005" lon="9.16695">
    <ele>203.36</ele>
   </trkpt>
   <trkpt lat="49.611560000000004" lon="9.16666">
    <ele>204.1</ele>
   </trkpt>
   <trkpt lat="49.6114" lon="9.166300000000001">
    <ele>204.1</ele>
   </trkpt>
   <trkpt lat="49.61122" lon="9.165650000000001">
    <ele>205.06</ele>
   </trkpt>
   <trkpt lat="49.611140000000006" lon="9.165230000000001">
    <ele>205.28</ele>
   </trkpt>
   <trkpt lat="49.611090000000004" lon="9.16445">
    <ele>206.04000000000002</ele>
   </trkpt>
   <trkpt lat="49.61099" lon="9.163820000000001">
    <ele>207.1</ele>
   </trkpt>
   <trkpt lat="49.61068" lon="9.162930000000001">
    <ele>207.8</ele>
   </trkpt>
   <trkpt lat="49.6105" lon="9.16266">
    <ele>207.8</ele>
   </trkpt>
   <trkpt lat="49.61025" lon="9.16244">
    <ele>208.34000000000003</ele>
   </trkpt>
   <trkpt lat="49.610110000000006" lon="9.16239">
    <ele>208.34000000000003</ele>
   </trkpt>
   <trkpt lat="49.60998000000001" lon="9.1623">
    <ele>208.59000000000003</ele>
   </trkpt>
   <trkpt lat="49.609790000000004" lon="9.16225">
    <ele>209.19</ele>
   </trkpt>
   <trkpt lat="49.60936" lon="9.16221">
    <ele>209.70000000000002</ele>
   </trkpt>
   <trkpt lat="49.60904000000001" lon="9.162130000000001">
    <ele>210.4</ele>
   </trkpt>
   <trkpt lat="49.60851" lon="9.16178">
    <ele>211.38</ele>
   </trkpt>
   <trkpt lat="49.60801000000001" lon="9.16132">
    <ele>211.89000000000001</ele>
   </trkpt>
   <trkpt lat="49.607400000000005" lon="9.1607">
    <ele>212.55</ele>
   </trkpt>
   <trkpt lat="49.60685" lon="9.159970000000001">
    <ele>213.27</ele>
   </trkpt>
   <trkpt lat="49.606350000000006" lon="9.159600000000001">
    <ele>214.34000000000003</ele>
   </trkpt>
   <trkpt lat="49.605830000000005" lon="9.15928">
    <ele>214.98</ele>
   </trkpt>
   <trkpt lat="49.60533" lon="9.15911">
    <ele>215.48</ele>
   </trkpt>
   <trkpt lat="49.604820000000004" lon="9.1591">
    <ele>216.59</ele>
   </trkpt>
   <trkpt lat="49.604380000000006" lon="9.159220000000001">
    <ele>216.93</ele>
   </trkpt>
   <trkpt lat="49.60423" lon="9.159310000000001">
    <ele>217.60000000000002</ele>
   </trkpt>
   <trkpt lat="49.60405" lon="9.159460000000001">
    <ele>217.60000000000002</ele>
   </trkpt>
   <trkpt lat="49.60358" lon="9.160010000000002">
    <ele>218.32000000000002</ele>
   </trkpt>
   <trkpt lat="49.60324000000001" lon="9.160490000000001">
    <ele>219.25000000000003</ele>
   </trkpt>
   <trkpt lat="49.60296" lon="9.16074">
    <ele>219.25000000000003</ele>
   </trkpt>
   <trkpt lat="49.60284000000001" lon="9.160810000000001">
    <ele>219.46</ele>
   </trkpt>
   <trkpt lat="49.60262" lon="9.16083">
    <ele>219.94000000000003</ele>
   </trkpt>
   <trkpt lat="49.60237" lon="9.160770000000001">
    <ele>220.01000000000002</ele>
   </trkpt>
   <trkpt lat="49.60179" lon="9.16038">
    <ele>220.43</ele>
   </trkpt>
   <trkpt lat="49.601200000000006" lon="9.159930000000001">
    <ele>221.37</ele>
   </trkpt>
   <trkpt lat="49.600970000000004" lon="9.159820000000002">
    <ele>221.69000000000003</ele>
   </trkpt>
   <trkpt lat="49.60072" lon="9.159790000000001">
    <ele>222.03</ele>
   </trkpt>
   <trkpt lat="49.6000899998186" lon="9.159749999471256">
    <ele>223.42000000000002</ele>
   </trkpt>
   <trkpt lat="49.59946" lon="9.15971">
    <ele>224.34</ele>
   </trkpt>
   <trkpt lat="49.59917" lon="9.15962">
    <ele>225.22000000000003</ele>
   </trkpt>
   <trkpt lat="49.59890000000001" lon="9.15949">
    <ele>225.75</ele>
   </trkpt>
   <trkpt lat="49.598600000000005" lon="9.1593">
    <ele>225.97000000000003</ele>
   </trkpt>
   <trkpt lat="49.598180000000006" lon="9.159">
    <ele>226.38000000000002</ele>
   </trkpt>
   <trkpt lat="49.597480000000004" lon="9.158320000000002">
    <ele>226.38000000000002</ele>
   </trkpt>
   <trkpt lat="49.597280000000005" lon="9.158150000000001">
    <ele>226.44000000000003</ele>
   </trkpt>
   <trkpt lat="49.596900000000005" lon="9.15789">
    <ele>226.67000000000002</ele>
   </trkpt>
   <trkpt lat="49.59677000000001" lon="9.15784">
    <ele>226.67000000000002</ele>
   </trkpt>
   <trkpt lat="49.59644" lon="9.15778">
    <ele>226.84</ele>
   </trkpt>
   <trkpt lat="49.596270000000004" lon="9.157810000000001">
    <ele>226.84</ele>
   </trkpt>
   <trkpt lat="49.596160000000005" lon="9.15787">
    <ele>226.84</ele>
   </trkpt>
   <trkpt lat="49.595650000000006" lon="9.15834">
    <ele>227.04000000000002</ele>
   </trkpt>
   <trkpt lat="49.59546" lon="9.15848">
    <ele>227.22</ele>
   </trkpt>
   <trkpt lat="49.595130000000005" lon="9.15859">
    <ele>227.54000000000002</ele>
   </trkpt>
   <trkpt lat="49.59489000000001" lon="9.158610000000001">
    <ele>227.81</ele>
   </trkpt>
   <trkpt lat="49.594530000000006" lon="9.15848">
    <ele>228.83</ele>
   </trkpt>
   <trkpt lat="49.594030000000004" lon="9.15822">
    <ele>229.55000000000004</ele>
   </trkpt>
   <trkpt lat="49.59331" lon="9.157770000000001">
    <ele>231.06</ele>
   </trkpt>
   <trkpt lat="49.59301000000001" lon="9.157530000000001">
    <ele>231.32000000000002</ele>
   </trkpt>
   <trkpt lat="49.59246333575088" lon="9.156999988117477">
    <ele>232.63000000000002</ele>
   </trkpt>
   <trkpt lat="49.591916669081826" lon="9.156469988115337">
    <ele>233.77</ele>
   </trkpt>
   <trkpt lat="49.591370000000005" lon="9.155940000000001">
    <ele>234.82000000000002</ele>
   </trkpt>
   <trkpt lat="49.590770000000006" lon="9.15548">
    <ele>236.19</ele>
   </trkpt>
   <trkpt lat="49.59046000000001" lon="9.155330000000001">
    <ele>236.94</ele>
   </trkpt>
   <trkpt lat="49.589920000000006" lon="9.155190000000001">
    <ele>237.40000000000003</ele>
   </trkpt>
   <trkpt lat="49.58935500016365" lon="9.155069998631696">
    <ele>238.08</ele>
   </trkpt>
   <trkpt lat="49.58879" lon="9.154950000000001">
    <ele>238.49</ele>
   </trkpt>
   <trkpt lat="49.58838" lon="9.15475">
    <ele>239.54000000000002</ele>
   </trkpt>
   <trkpt lat="49.587860000000006" lon="9.15445">
    <ele>240.19</ele>
   </trkpt>
   <trkpt lat="49.587450000000004" lon="9.15418">
    <ele>241.44</ele>
   </trkpt>
   <trkpt lat="49.586980000000004" lon="9.153720000000002">
    <ele>242.33</ele>
   </trkpt>
   <trkpt lat="49.58661000000001" lon="9.153300000000002">
    <ele>243.28000000000003</ele>
   </trkpt>
   <trkpt lat="49.58609000215665" lon="9.152599992600777">
    <ele>244.34000000000003</ele>
   </trkpt>
   <trkpt lat="49.585570000000004" lon="9.151900000000001">
    <ele>245.53000000000003</ele>
   </trkpt>
   <trkpt lat="49.58509" lon="9.15132">
    <ele>246.82</ele>
   </trkpt>
   <trkpt lat="49.584810000000004" lon="9.15104">
    <ele>246.82</ele>
   </trkpt>
   <trkpt lat="49.58433" lon="9.150720000000002">
    <ele>247.64000000000001</ele>
   </trkpt>
   <trkpt lat="49.58382" lon="9.15047">
    <ele>248.8</ele>
   </trkpt>
   <trkpt lat="49.583040000000004" lon="9.1502">
    <ele>250.10999999999999</ele>
   </trkpt>
   <trkpt lat="49.582355000027604" lon="9.150004997223641">
    <ele>251.17</ele>
   </trkpt>
   <trkpt lat="49.58167" lon="9.14981">
    <ele>251.88000000000005</ele>
   </trkpt>
   <trkpt lat="49.5810250001438" lon="9.149589997069867">
    <ele>252.99000000000004</ele>
   </trkpt>
   <trkpt lat="49.580380000000005" lon="9.149370000000001">
    <ele>254.28</ele>
   </trkpt>
   <trkpt lat="49.57984500039371" lon="9.14909999708001">
    <ele>254.93000000000004</ele>
   </trkpt>
   <trkpt lat="49.57931000000001" lon="9.14883">
    <ele>256.0</ele>
   </trkpt>
   <trkpt lat="49.578900000000004" lon="9.14869">
    <ele>256.98</ele>
   </trkpt>
   <trkpt lat="49.578680000000006" lon="9.148570000000001">
    <ele>257.41</ele>
   </trkpt>
   <trkpt lat="49.578450000000004" lon="9.14836">
    <ele>258.55</ele>
   </trkpt>
   <trkpt lat="49.57826000000001" lon="9.14807">
    <ele>260.38</ele>
   </trkpt>
   <trkpt lat="49.578160000000004" lon="9.14788">
    <ele>260.74</ele>
   </trkpt>
   <trkpt lat="49.578050000000005" lon="9.14752">
    <ele>262.39</ele>
   </trkpt>
   <trkpt lat="49.578" lon="9.1471">
    <ele>263.28000000000003</ele>
   </trkpt>
   <trkpt lat="49.57802" lon="9.146410000000001">
    <ele>264.63000000000005</ele>
   </trkpt>
   <trkpt lat="49.57808500205728" lon="9.145720000851423">
    <ele>266.73</ele>
   </trkpt>
   <trkpt lat="49.57815" lon="9.14503">
    <ele>267.57000000000005</ele>
   </trkpt>
   <trkpt lat="49.57811" lon="9.1447">
    <ele>267.97</ele>
   </trkpt>
   <trkpt lat="49.578010000000006" lon="9.14441">
    <ele>267.97</ele>
   </trkpt>
   <trkpt lat="49.577890000000004" lon="9.144200000000001">
    <ele>268.37</ele>
   </trkpt>
   <trkpt lat="49.577600000000004" lon="9.144">
    <ele>268.37</ele>
   </trkpt>
   <trkpt lat="49.577150000361584" lon="9.143734997591235">
    <ele>269.04</ele>
   </trkpt>
   <trkpt lat="49.5767" lon="9.14347">
    <ele>269.11</ele>
   </trkpt>
   <trkpt lat="49.57649000000001" lon="9.143310000000001">
    <ele>269.19000000000005</ele>
   </trkpt>
   <trkpt lat="49.57616" lon="9.142980000000001">
    <ele>269.61</ele>
   </trkpt>
   <trkpt lat="49.575710001149154" lon="9.142444994967363">
    <ele>271.19000000000005</ele>
   </trkpt>
   <trkpt lat="49.57526000000001" lon="9.141910000000001">
    <ele>271.91</ele>
   </trkpt>
   <trkpt lat="49.57464333623611" lon="9.141326651898513">
    <ele>273.45000000000005</ele>
   </trkpt>
   <trkpt lat="49.574026669540444" lon="9.140743318537995">
    <ele>274.90000000000003</ele>
   </trkpt>
   <trkpt lat="49.57341" lon="9.140160000000002">
    <ele>275.92</ele>
   </trkpt>
   <trkpt lat="49.572880001734774" lon="9.139709990218876">
    <ele>276.36000000000007</ele>
   </trkpt>
   <trkpt lat="49.572350001724814" lon="9.139259990210565">
    <ele>276.90000000000003</ele>
   </trkpt>
   <trkpt lat="49.57182" lon="9.138810000000001">
    <ele>277.28000000000003</ele>
   </trkpt>
   <trkpt lat="49.571490000000004" lon="9.138620000000001">
    <ele>277.62</ele>
   </trkpt>
   <trkpt lat="49.571220000000004" lon="9.13854">
    <ele>278.15</ele>
   </trkpt>
   <trkpt lat="49.57059666666941" lon="9.138566667347863">
    <ele>278.88</ele>
   </trkpt>
   <trkpt lat="49.569973333332676" lon="9.138593334014665">
    <ele>280.72</ele>
   </trkpt>
   <trkpt lat="49.56935000000001" lon="9.138620000000001">
    <ele>282.58</ele>
   </trkpt>
   <trkpt lat="49.56895" lon="9.13855">
    <ele>283.65000000000003</ele>
   </trkpt>
   <trkpt lat="49.56848" lon="9.138290000000001">
    <ele>285.43</ele>
   </trkpt>
   <trkpt lat="49.567910000000005" lon="9.13804">
    <ele>288.6</ele>
   </trkpt>
   <trkpt lat="49.56777" lon="9.138010000000001">
    <ele>288.6</ele>
   </trkpt>
   <trkpt lat="49.567600000000006" lon="9.138020000000001">
    <ele>289.66</ele>
   </trkpt>
   <trkpt lat="49.56736" lon="9.138100000000001">
    <ele>289.66</ele>
   </trkpt>
   <trkpt lat="49.56714" lon="9.13822">
    <ele>291.88</ele>
   </trkpt>
   <trkpt lat="49.566930000000006" lon="9.13836">
    <ele>291.88</ele>
   </trkpt>
   <trkpt lat="49.56673000000001" lon="9.137880000000001">
    <ele>292.38</ele>
   </trkpt>
   <trkpt lat="49.566700000000004" lon="9.13765">
    <ele>292.73</ele>
   </trkpt>
   <trkpt lat="49.5668" lon="9.13685">
    <ele>293.44000000000005</ele>
   </trkpt>
   <trkpt lat="49.5668" lon="9.13649">
    <ele>293.31</ele>
   </trkpt>
   <trkpt lat="49.56674" lon="9.13606">
    <ele>292.50000000000006</ele>
   </trkpt>
   <trkpt lat="49.56665" lon="9.135610000000002">
    <ele>291.82</ele>
   </trkpt>
   <trkpt lat="49.566400002783574" lon="9.134799995713099">
    <ele>290.40999999999997</ele>
   </trkpt>
   <trkpt lat="49.56615000000001" lon="9.13399">
    <ele>290.19</ele>
   </trkpt>
   <trkpt lat="49.566100000000006" lon="9.133600000000001">
    <ele>290.33000000000004</ele>
   </trkpt>
   <trkpt lat="49.56575000174009" lon="9.132994995944973">
    <ele>291.09000000000003</ele>
   </trkpt>
   <trkpt lat="49.565400000000004" lon="9.132390000000001">
    <ele>292.38</ele>
   </trkpt>
   <trkpt lat="49.565010003133956" lon="9.131539993256784">
    <ele>294.46</ele>
   </trkpt>
   <trkpt lat="49.564620000000005" lon="9.130690000000001">
    <ele>296.66</ele>
   </trkpt>
   <trkpt lat="49.56463" lon="9.130700000000001">
    <ele>296.64</ele>
   </trkpt>
   <trkpt lat="49.56445000247251" lon="9.129954997590438">
    <ele>297.92</ele>
   </trkpt>
   <trkpt lat="49.56427000000001" lon="9.12921">
    <ele>300.07</ele>
   </trkpt>
   <trkpt lat="49.56401" lon="9.12832">
    <ele>301.65000000000003</ele>
   </trkpt>
   <trkpt lat="49.56391000000001" lon="9.127880000000001">
    <ele>302.94000000000005</ele>
   </trkpt>
   <trkpt lat="49.563880000000005" lon="9.127550000000001">
    <ele>303.79</ele>
   </trkpt>
   <trkpt lat="49.56392" lon="9.12701">
    <ele>305.39000000000004</ele>
   </trkpt>
   <trkpt lat="49.56406500316675" lon="9.126155002436278">
    <ele>307.42</ele>
   </trkpt>
   <trkpt lat="49.56421" lon="9.125300000000001">
    <ele>311.45</ele>
   </trkpt>
   <trkpt lat="49.56441" lon="9.12472">
    <ele>311.45</ele>
   </trkpt>
   <trkpt lat="49.564960000000006" lon="9.12401">
    <ele>314.98</ele>
   </trkpt>
   <trkpt lat="49.56512000000001" lon="9.12363">
    <ele>316.56</ele>
   </trkpt>
   <trkpt lat="49.56521000000001" lon="9.123370000000001">
    <ele>316.89</ele>
   </trkpt>
   <trkpt lat="49.56535" lon="9.123080000000002">
    <ele>318.23</ele>
   </trkpt>
   <trkpt lat="49.5662" lon="9.12282">
    <ele>321.57</ele>
   </trkpt>
   <trkpt lat="49.56633" lon="9.122760000000001">
    <ele>322.25000000000006</ele>
   </trkpt>
   <trkpt lat="49.566570000000006" lon="9.122470000000002">
    <ele>323.41</ele>
   </trkpt>
   <trkpt lat="49.566880000000005" lon="9.12193">
    <ele>325.33</ele>
   </trkpt>
   <trkpt lat="49.5671" lon="9.121210000000001">
    <ele>327.23</ele>
   </trkpt>
   <trkpt lat="49.5673" lon="9.120830000000002">
    <ele>329.3</ele>
   </trkpt>
   <trkpt lat="49.56763" lon="9.120470000000001">
    <ele>330.98</ele>
   </trkpt>
   <trkpt lat="49.56808" lon="9.12016">
    <ele>332.27</ele>
   </trkpt>
   <trkpt lat="49.568220000000004" lon="9.119950000000001">
    <ele>333.03000000000003</ele>
   </trkpt>
   <trkpt lat="49.568470000000005" lon="9.119380000000001">
    <ele>334.13000000000005</ele>
   </trkpt>
   <trkpt lat="49.56897000000001" lon="9.118540000000001">
    <ele>336.69000000000005</ele>
   </trkpt>
   <trkpt lat="49.56917000000001" lon="9.118030000000001">
    <ele>338.34000000000003</ele>
   </trkpt>
   <trkpt lat="49.56935000000001" lon="9.117230000000001">
    <ele>341.01000000000005</ele>
   </trkpt>
   <trkpt lat="49.569390000000006" lon="9.116760000000001">
    <ele>343.03</ele>
   </trkpt>
   <trkpt lat="49.569370000000006" lon="9.11646">
    <ele>343.85</ele>
   </trkpt>
   <trkpt lat="49.569280000000006" lon="9.116190000000001">
    <ele>345.08000000000004</ele>
   </trkpt>
   <trkpt lat="49.56884000756191" lon="9.11525331645417">
    <ele>347.09</ele>
   </trkpt>
   <trkpt lat="49.568400007564556" lon="9.114316649793421">
    <ele>350.80000000000007</ele>
   </trkpt>
   <trkpt lat="49.56796000000001" lon="9.113380000000001">
    <ele>354.48</ele>
   </trkpt>
   <trkpt lat="49.5677" lon="9.11306">
    <ele>356.99</ele>
   </trkpt>
   <trkpt lat="49.56757" lon="9.112950000000001">
    <ele>357.22</ele>
   </trkpt>
   <trkpt lat="49.567400000000006" lon="9.11292">
    <ele>358.33000000000004</ele>
   </trkpt>
   <trkpt lat="49.56729000000001" lon="9.11293">
    <ele>358.33000000000004</ele>
   </trkpt>
   <trkpt lat="49.567240000000005" lon="9.11334">
    <ele>359.76</ele>
   </trkpt>
   <trkpt lat="49.56725" lon="9.11358">
    <ele>360.19</ele>
   </trkpt>
   <trkpt lat="49.56732500411849" lon="9.114559998247229">
    <ele>363.76000000000005</ele>
   </trkpt>
   <trkpt lat="49.567400000000006" lon="9.115540000000001">
    <ele>367.16</ele>
   </trkpt>
   <trkpt lat="49.567600000000006" lon="9.11632">
    <ele>367.51</ele>
   </trkpt>
   <trkpt lat="49.567660000000004" lon="9.11677">
    <ele>366.99</ele>
   </trkpt>
   <trkpt lat="49.56765000000001" lon="9.117090000000001">
    <ele>366.01000000000005</ele>
   </trkpt>
   <trkpt lat="49.56761" lon="9.11725">
    <ele>366.01000000000005</ele>
   </trkpt>
   <trkpt lat="49.56727" lon="9.11818">
    <ele>364.51000000000005</ele>
   </trkpt>
   <trkpt lat="49.56678" lon="9.11932">
    <ele>364.1</ele>
   </trkpt>
   <trkpt lat="49.56671000000001" lon="9.119430000000001">
    <ele>364.25</ele>
   </trkpt>
   <trkpt lat="49.56664000000001" lon="9.11949">
    <ele>364.51000000000005</ele>
   </trkpt>
   <trkpt lat="49.566480000000006" lon="9.11955">
    <ele>365.07</ele>
   </trkpt>
   <trkpt lat="49.566390000000006" lon="9.11956">
    <ele>365.34000000000003</ele>
   </trkpt>
   <trkpt lat="49.56633" lon="9.119530000000001">
    <ele>365.68</ele>
   </trkpt>
   <trkpt lat="49.566300000000005" lon="9.11949">
    <ele>365.68</ele>
   </trkpt>
   <trkpt lat="49.56629" lon="9.11941">
    <ele>365.68</ele>
   </trkpt>
   <trkpt lat="49.566480000000006" lon="9.118640000000001">
    <ele>370.78000000000003</ele>
   </trkpt>
   <trkpt lat="49.56653000000001" lon="9.11834">
    <ele>372.57</ele>
   </trkpt>
   <trkpt lat="49.566520000000004" lon="9.11829">
    <ele>372.57</ele>
   </trkpt>
   <trkpt lat="49.566500000000005" lon="9.11827">
    <ele>373.36</ele>
   </trkpt>
   <trkpt lat="49.566460000000006" lon="9.11829">
    <ele>373.36</ele>
   </trkpt>
   <trkpt lat="49.566250000000004" lon="9.11862">
    <ele>376.3</ele>
   </trkpt>
   <trkpt lat="49.566210000000005" lon="9.11865">
    <ele>376.3</ele>
   </trkpt>
   <trkpt lat="49.56618" lon="9.118640000000001">
    <ele>376.3</ele>
   </trkpt>
   <trkpt lat="49.56615000000001" lon="9.11861">
    <ele>377.25</ele>
   </trkpt>
   <trkpt lat="49.566140000000004" lon="9.118530000000002">
    <ele>377.25</ele>
   </trkpt>
   <trkpt lat="49.566280000000006" lon="9.11799">
    <ele>383.81000000000006</ele>
   </trkpt>
   <trkpt lat="49.566390000000006" lon="9.1174">
    <ele>385.05000000000007</ele>
   </trkpt>
   <trkpt lat="49.56642" lon="9.117030000000002">
    <ele>387.62</ele>
   </trkpt>
   <trkpt lat="49.566410000000005" lon="9.11668">
    <ele>389.01</ele>
   </trkpt>
   <trkpt lat="49.566390000000006" lon="9.116430000000001">
    <ele>389.56</ele>
   </trkpt>
   <trkpt lat="49.5662" lon="9.115820000000001">
    <ele>392.37000000000006</ele>
   </trkpt>
   <trkpt lat="49.565960000000004" lon="9.11524">
    <ele>397.39</ele>
   </trkpt>
   <trkpt lat="49.56591" lon="9.11519">
    <ele>397.39</ele>
   </trkpt>
   <trkpt lat="49.56586" lon="9.11518">
    <ele>399.07000000000005</ele>
   </trkpt>
   <trkpt lat="49.56582" lon="9.11522">
    <ele>399.07000000000005</ele>
   </trkpt>
   <trkpt lat="49.5658" lon="9.11536">
    <ele>399.4800000000001</ele>
   </trkpt>
   <trkpt lat="49.565810000000006" lon="9.11541">
    <ele>399.70000000000005</ele>
   </trkpt>
   <trkpt lat="49.56588000000001" lon="9.11578">
    <ele>401.55</ele>
   </trkpt>
   <trkpt lat="49.56589" lon="9.116150000000001">
    <ele>402.66</ele>
   </trkpt>
   <trkpt lat="49.565740000000005" lon="9.11616">
    <ele>406.26</ele>
   </trkpt>
   <trkpt lat="49.565560000000005" lon="9.11541">
    <ele>410.24000000000007</ele>
   </trkpt>
   <trkpt lat="49.565450000000006" lon="9.11515">
    <ele>410.24000000000007</ele>
   </trkpt>
   <trkpt lat="49.56495" lon="9.1142">
    <ele>418.69</ele>
   </trkpt>
   <trkpt lat="49.56472" lon="9.11386">
    <ele>420.28000000000003</ele>
   </trkpt>
   <trkpt lat="49.56430000090569" lon="9.113394995971326">
    <ele>424.18000000000006</ele>
   </trkpt>
   <trkpt lat="49.563880000000005" lon="9.11293">
    <ele>428.63</ele>
   </trkpt>
   <trkpt lat="49.563570000000006" lon="9.11231">
    <ele>433.34000000000003</ele>
   </trkpt>
   <trkpt lat="49.56336" lon="9.11203">
    <ele>434.44000000000005</ele>
   </trkpt>
   <trkpt lat="49.562760000000004" lon="9.11134">
    <ele>441.45</ele>
   </trkpt>
   <trkpt lat="49.56221000000001" lon="9.110600000000002">
    <ele>446.04</ele>
   </trkpt>
   <trkpt lat="49.561870000000006" lon="9.11007">
    <ele>450.39</ele>
   </trkpt>
   <trkpt lat="49.56163" lon="9.10965">
    <ele>452.8</ele>
   </trkpt>
   <trkpt lat="49.56141" lon="9.109520000000002">
    <ele>455.83</ele>
   </trkpt>
   <trkpt lat="49.56094" lon="9.109390000000001">
    <ele>459.57000000000005</ele>
   </trkpt>
   <trkpt lat="49.56062000000001" lon="9.10928">
    <ele>461.49</ele>
   </trkpt>
   <trkpt lat="49.560280000000006" lon="9.109390000000001">
    <ele>464.58000000000004</ele>
   </trkpt>
   <trkpt lat="49.56007" lon="9.109490000000001">
    <ele>466.16</ele>
   </trkpt>
   <trkpt lat="49.559920000000005" lon="9.10951">
    <ele>467.20000000000005</ele>
   </trkpt>
   <trkpt lat="49.56056" lon="9.109010000000001">
    <ele>468.6</ele>
   </trkpt>
   <trkpt lat="49.56065" lon="9.10889">
    <ele>469.53000000000003</ele>
   </trkpt>
   <trkpt lat="49.56071000000001" lon="9.10876">
    <ele>469.53000000000003</ele>
   </trkpt>
   <trkpt lat="49.56078" lon="9.108460000000001">
    <ele>471.29</ele>
   </trkpt>
   <trkpt lat="49.56078" lon="9.108130000000001">
    <ele>473.75000000000006</ele>
   </trkpt>
   <trkpt lat="49.56071000000001" lon="9.107370000000001">
    <ele>477.47</ele>
   </trkpt>
   <trkpt lat="49.56071500530827" lon="9.106260000070202">
    <ele>482.04</ele>
   </trkpt>
   <trkpt lat="49.56072" lon="9.10515">
    <ele>486.46000000000004</ele>
   </trkpt>
   <trkpt lat="49.560610000000004" lon="9.10457">
    <ele>487.7</ele>
   </trkpt>
   <trkpt lat="49.5606" lon="9.10424">
    <ele>487.9100000000001</ele>
   </trkpt>
   <trkpt lat="49.56064000000001" lon="9.10393">
    <ele>488.30000000000007</ele>
   </trkpt>
   <trkpt lat="49.560880000000004" lon="9.10309">
    <ele>490.72</ele>
   </trkpt>
   <trkpt lat="49.560900000000004" lon="9.101970000000001">
    <ele>494.7900000000001</ele>
   </trkpt>
   <trkpt lat="49.560950000000005" lon="9.10168">
    <ele>494.98</ele>
   </trkpt>
   <trkpt lat="49.56120000000001" lon="9.101140000000001">
    <ele>496.19</ele>
   </trkpt>
   <trkpt lat="49.5613" lon="9.10083">
    <ele>497.32000000000005</ele>
   </trkpt>
   <trkpt lat="49.56154" lon="9.09989">
    <ele>498.99</ele>
   </trkpt>
   <trkpt lat="49.56194000000001" lon="9.098880000000001">
    <ele>501.11000000000007</ele>
   </trkpt>
   <trkpt lat="49.561930000000004" lon="9.0989">
    <ele>501.12</ele>
   </trkpt>
   <trkpt lat="49.562020000000004" lon="9.09877">
    <ele>501.0300000000001</ele>
   </trkpt>
   <trkpt lat="49.56219" lon="9.09863">
    <ele>500.63</ele>
   </trkpt>
   <trkpt lat="49.56233" lon="9.09858">
    <ele>500.63</ele>
   </trkpt>
   <trkpt lat="49.562540000000006" lon="9.09856">
    <ele>500.19</ele>
   </trkpt>
   <trkpt lat="49.56275" lon="9.098640000000001">
    <ele>499.93</ele>
   </trkpt>
   <trkpt lat="49.562960000000004" lon="9.098650000000001">
    <ele>499.7900000000001</ele>
   </trkpt>
   <trkpt lat="49.563100000000006" lon="9.09861">
    <ele>499.59000000000003</ele>
   </trkpt>
   <trkpt lat="49.563250000000004" lon="9.098510000000001">
    <ele>499.3</ele>
   </trkpt>
   <trkpt lat="49.5634" lon="9.09833">
    <ele>499.15000000000003</ele>
   </trkpt>
   <trkpt lat="49.56353000000001" lon="9.098260000000002">
    <ele>499.15000000000003</ele>
   </trkpt>
   <trkpt lat="49.563900000000004" lon="9.098180000000001">
    <ele>498.58000000000004</ele>
   </trkpt>
   <trkpt lat="49.56416" lon="9.098220000000001">
    <ele>498.21000000000004</ele>
   </trkpt>
   <trkpt lat="49.56481" lon="9.09848">
    <ele>497.63</ele>
   </trkpt>
   <trkpt lat="49.56505000000001" lon="9.098550000000001">
    <ele>497.63</ele>
   </trkpt>
   <trkpt lat="49.565270000000005" lon="9.098590000000002">
    <ele>497.63</ele>
   </trkpt>
   <trkpt lat="49.56548" lon="9.09857">
    <ele>497.03000000000003</ele>
   </trkpt>
   <trkpt lat="49.565670000000004" lon="9.09853">
    <ele>497.03000000000003</ele>
   </trkpt>
   <trkpt lat="49.565990000000006" lon="9.098370000000001">
    <ele>496.62000000000006</ele>
   </trkpt>
   <trkpt lat="49.566320000000005" lon="9.09806">
    <ele>496.35</ele>
   </trkpt>
   <trkpt lat="49.56655000000001" lon="9.09791">
    <ele>496.39000000000004</ele>
   </trkpt>
   <trkpt lat="49.567190000000004" lon="9.097380000000001">
    <ele>496.52</ele>
   </trkpt>
   <trkpt lat="49.567420000000006" lon="9.09717">
    <ele>496.37</ele>
   </trkpt>
   <trkpt lat="49.56756000000001" lon="9.097010000000001">
    <ele>496.25</ele>
   </trkpt>
   <trkpt lat="49.56776000000001" lon="9.096580000000001">
    <ele>496.02</ele>
   </trkpt>
   <trkpt lat="49.56788" lon="9.096250000000001">
    <ele>495.76000000000005</ele>
   </trkpt>
   <trkpt lat="49.56794000000001" lon="9.09595">
    <ele>495.76000000000005</ele>
   </trkpt>
   <trkpt lat="49.56795" lon="9.095780000000001">
    <ele>495.76000000000005</ele>
   </trkpt>
   <trkpt lat="49.56792" lon="9.09548">
    <ele>495.43</ele>
   </trkpt>
   <trkpt lat="49.56785000000001" lon="9.095180000000001">
    <ele>495.32000000000005</ele>
   </trkpt>
   <trkpt lat="49.567620000000005" lon="9.09469">
    <ele>495.25</ele>
   </trkpt>
   <trkpt lat="49.567550000000004" lon="9.09439">
    <ele>495.16</ele>
   </trkpt>
   <trkpt lat="49.567550000000004" lon="9.09408">
    <ele>495.05</ele>
   </trkpt>
   <trkpt lat="49.56757" lon="9.09392">
    <ele>494.81</ele>
   </trkpt>
   <trkpt lat="49.567620000000005" lon="9.09374">
    <ele>494.81</ele>
   </trkpt>
   <trkpt lat="49.56772" lon="9.093530000000001">
    <ele>494.6</ele>
   </trkpt>
   <trkpt lat="49.56783" lon="9.0934">
    <ele>494.46000000000004</ele>
   </trkpt>
   <trkpt lat="49.56859000126427" lon="9.092840008782222">
    <ele>494.08</ele>
   </trkpt>
   <trkpt lat="49.56935000000001" lon="9.09228">
    <ele>493.90000000000003</ele>
   </trkpt>
   <trkpt lat="49.569590000000005" lon="9.092120000000001">
    <ele>493.86</ele>
   </trkpt>
   <trkpt lat="49.569990000000004" lon="9.09197">
    <ele>493.50000000000006</ele>
   </trkpt>
   <trkpt lat="49.57063" lon="9.09183">
    <ele>493.2</ele>
   </trkpt>
   <trkpt lat="49.571000000000005" lon="9.09171">
    <ele>492.97</ele>
   </trkpt>
   <trkpt lat="49.57177" lon="9.0914">
    <ele>492.67</ele>
   </trkpt>
   <trkpt lat="49.57240000065912" lon="9.091133340197509">
    <ele>492.46000000000004</ele>
   </trkpt>
   <trkpt lat="49.573030000705586" lon="9.090866673511286">
    <ele>492.00000000000006</ele>
   </trkpt>
   <trkpt lat="49.573660000000004" lon="9.0906">
    <ele>491.75</ele>
   </trkpt>
   <trkpt lat="49.57397" lon="9.09045">
    <ele>491.42</ele>
   </trkpt>
   <trkpt lat="49.57414000000001" lon="9.090340000000001">
    <ele>491.07000000000005</ele>
   </trkpt>
   <trkpt lat="49.57424" lon="9.09022">
    <ele>490.89000000000004</ele>
   </trkpt>
   <trkpt lat="49.574470000000005" lon="9.089910000000001">
    <ele>489.57000000000005</ele>
   </trkpt>
   <trkpt lat="49.57464" lon="9.08965">
    <ele>488.72</ele>
   </trkpt>
   <trkpt lat="49.57468" lon="9.08951">
    <ele>487.00000000000006</ele>
   </trkpt>
   <trkpt lat="49.57471" lon="9.08887">
    <ele>482.62000000000006</ele>
   </trkpt>
   <trkpt lat="49.57475" lon="9.088650000000001">
    <ele>482.08000000000004</ele>
   </trkpt>
   <trkpt lat="49.57497000000001" lon="9.088000000000001">
    <ele>477.90000000000003</ele>
   </trkpt>
   <trkpt lat="49.57499000000001" lon="9.08788">
    <ele>475.34000000000003</ele>
   </trkpt>
   <trkpt lat="49.574980000000004" lon="9.087660000000001">
    <ele>474.35</ele>
   </trkpt>
   <trkpt lat="49.57495" lon="9.08756">
    <ele>473.5</ele>
   </trkpt>
   <trkpt lat="49.57489" lon="9.08745">
    <ele>473.5</ele>
   </trkpt>
   <trkpt lat="49.57446" lon="9.0869">
    <ele>468.77000000000004</ele>
   </trkpt>
   <trkpt lat="49.57437" lon="9.086630000000001">
    <ele>468.74</ele>
   </trkpt>
   <trkpt lat="49.57438500296831" lon="9.085800000218857">
    <ele>471.90000000000003</ele>
   </trkpt>
   <trkpt lat="49.574400000000004" lon="9.08497">
    <ele>474.59</ele>
   </trkpt>
   <trkpt lat="49.57444" lon="9.08389">
    <ele>480.76</ele>
   </trkpt>
   <trkpt lat="49.57450000000001" lon="9.08324">
    <ele>482.19000000000005</ele>
   </trkpt>
   <trkpt lat="49.57450000000001" lon="9.08294">
    <ele>482.65000000000003</ele>
   </trkpt>
   <trkpt lat="49.5744000030212" lon="9.082099998124361">
    <ele>483.17</ele>
   </trkpt>
   <trkpt lat="49.5743" lon="9.08126">
    <ele>481.61</ele>
   </trkpt>
   <trkpt lat="49.574290000000005" lon="9.08112">
    <ele>481.61</ele>
   </trkpt>
   <trkpt lat="49.57434000000001" lon="9.08089">
    <ele>480.93</ele>
   </trkpt>
   <trkpt lat="49.57450000000001" lon="9.08066">
    <ele>480.26</ele>
   </trkpt>
   <trkpt lat="49.57468" lon="9.080490000000001">
    <ele>479.07000000000005</ele>
   </trkpt>
   <trkpt lat="49.57488000000001" lon="9.080350000000001">
    <ele>478.01000000000005</ele>
   </trkpt>
   <trkpt lat="49.57518" lon="9.08018">
    <ele>477.27000000000004</ele>
   </trkpt>
   <trkpt lat="49.57577500055907" lon="9.079825004318346">
    <ele>474.23</ele>
   </trkpt>
   <trkpt lat="49.576370000000004" lon="9.07947">
    <ele>471.46000000000004</ele>
   </trkpt>
   <trkpt lat="49.576970000836376" lon="9.079085004606425">
    <ele>468.9800000000001</ele>
   </trkpt>
   <trkpt lat="49.57757" lon="9.078700000000001">
    <ele>465.88</ele>
   </trkpt>
   <trkpt lat="49.578140000000005" lon="9.078370000000001">
    <ele>464.24</ele>
   </trkpt>
   <trkpt lat="49.578935001313056" lon="9.077825008855797">
    <ele>461.58000000000004</ele>
   </trkpt>
   <trkpt lat="49.579730000000005" lon="9.07728">
    <ele>458.18</ele>
   </trkpt>
   <trkpt lat="49.5799" lon="9.077150000000001">
    <ele>458.18</ele>
   </trkpt>
   <trkpt lat="49.580330000000004" lon="9.07671">
    <ele>456.55</ele>
   </trkpt>
   <trkpt lat="49.580715000801945" lon="9.07626500357012">
    <ele>454.95</ele>
   </trkpt>
   <trkpt lat="49.581100000000006" lon="9.07582">
    <ele>453.55000000000007</ele>
   </trkpt>
   <trkpt lat="49.58153" lon="9.075420000000001">
    <ele>451.18</ele>
   </trkpt>
   <trkpt lat="49.581720000000004" lon="9.07529">
    <ele>449.94000000000005</ele>
   </trkpt>
   <trkpt lat="49.58203" lon="9.07511">
    <ele>449.55000000000007</ele>
   </trkpt>
   <trkpt lat="49.58263" lon="9.074800000000002">
    <ele>445.53000000000003</ele>
   </trkpt>
   <trkpt lat="49.58314500024556" lon="9.074570002419774">
    <ele>443.63</ele>
   </trkpt>
   <trkpt lat="49.58366" lon="9.074340000000001">
    <ele>441.99000000000007</ele>
   </trkpt>
   <trkpt lat="49.584320000305276" lon="9.074115003013956">
    <ele>438.04</ele>
   </trkpt>
   <trkpt lat="49.58498" lon="9.07389">
    <ele>435.26000000000005</ele>
   </trkpt>
   <trkpt lat="49.58567000000001" lon="9.07375">
    <ele>432.78000000000003</ele>
   </trkpt>
   <trkpt lat="49.58605000000001" lon="9.073720000000002">
    <ele>431.61</ele>
   </trkpt>
   <trkpt lat="49.586600000000004" lon="9.07371">
    <ele>430.24</ele>
   </trkpt>
   <trkpt lat="49.58711000006905" lon="9.073839998640016">
    <ele>427.48</ele>
   </trkpt>
   <trkpt lat="49.58762" lon="9.073970000000001">
    <ele>426.12000000000006</ele>
   </trkpt>
   <trkpt lat="49.58809" lon="9.074160000000001">
    <ele>424.82000000000005</ele>
   </trkpt>
   <trkpt lat="49.58845" lon="9.07437">
    <ele>424.38000000000005</ele>
   </trkpt>
   <trkpt lat="49.58847" lon="9.074340000000001">
    <ele>424.38000000000005</ele>
   </trkpt>
   <trkpt lat="49.58847" lon="9.074300000000001">
    <ele>424.15000000000003</ele>
   </trkpt>
   <trkpt lat="49.58847" lon="9.07427">
    <ele>424.15000000000003</ele>
   </trkpt>
   <trkpt lat="49.588370000000005" lon="9.074160000000001">
    <ele>423.07000000000005</ele>
   </trkpt>
   <trkpt lat="49.587925000453964" lon="9.073814996807377">
    <ele>419.56000000000006</ele>
   </trkpt>
   <trkpt lat="49.587480000000006" lon="9.07347">
    <ele>414.91</ele>
   </trkpt>
   <trkpt lat="49.58713" lon="9.073220000000001">
    <ele>411.74000000000007</ele>
   </trkpt>
   <trkpt lat="49.586870000000005" lon="9.073070000000001">
    <ele>409.83000000000004</ele>
   </trkpt>
   <trkpt lat="49.586650000000006" lon="9.072970000000002">
    <ele>406.67</ele>
   </trkpt>
   <trkpt lat="49.586330000000004" lon="9.07286">
    <ele>404.5</ele>
   </trkpt>
   <trkpt lat="49.58603" lon="9.0728">
    <ele>402.16</ele>
   </trkpt>
   <trkpt lat="49.5852750001391" lon="9.07269499838785">
    <ele>395.71</ele>
   </trkpt>
   <trkpt lat="49.584520000000005" lon="9.07259">
    <ele>389.89</ele>
   </trkpt>
   <trkpt lat="49.583755000070546" lon="9.072554999454212">
    <ele>385.6</ele>
   </trkpt>
   <trkpt lat="49.58299" lon="9.07252">
    <ele>379.32000000000005</ele>
   </trkpt>
   <trkpt lat="49.58261" lon="9.072550000000001">
    <ele>378.71000000000004</ele>
   </trkpt>
   <trkpt lat="49.582190000000004" lon="9.072650000000001">
    <ele>375.34</ele>
   </trkpt>
   <trkpt lat="49.58174" lon="9.072790000000001">
    <ele>371.99</ele>
   </trkpt>
   <trkpt lat="49.58122500013509" lon="9.072860000723317">
    <ele>367.83000000000004</ele>
   </trkpt>
   <trkpt lat="49.58071" lon="9.072930000000001">
    <ele>364.57</ele>
   </trkpt>
   <trkpt lat="49.58019000010072" lon="9.073125002101664">
    <ele>361.29</ele>
   </trkpt>
   <trkpt lat="49.57967000000001" lon="9.07332">
    <ele>357.42</ele>
   </trkpt>
   <trkpt lat="49.579330000000006" lon="9.07343">
    <ele>348.75</ele>
   </trkpt>
   <trkpt lat="49.578880000000005" lon="9.073500000000001">
    <ele>348.75</ele>
   </trkpt>
   <trkpt lat="49.578410000000005" lon="9.0736">
    <ele>340.75000000000006</ele>
   </trkpt>
   <trkpt lat="49.578100000000006" lon="9.07361">
    <ele>340.75000000000006</ele>
   </trkpt>
   <trkpt lat="49.57795" lon="9.073580000000002">
    <ele>337.21</ele>
   </trkpt>
   <trkpt lat="49.577580000000005" lon="9.073360000000001">
    <ele>332.04</ele>
   </trkpt>
   <trkpt lat="49.57743000000001" lon="9.073310000000001">
    <ele>332.04</ele>
   </trkpt>
   <trkpt lat="49.577020000000005" lon="9.07333">
    <ele>327.49</ele>
   </trkpt>
   <trkpt lat="49.57685000000001" lon="9.07337">
    <ele>325.73</ele>
   </trkpt>
   <trkpt lat="49.5767" lon="9.07343">
    <ele>325.41</ele>
   </trkpt>
   <trkpt lat="49.576240000000006" lon="9.07402">
    <ele>323.23</ele>
   </trkpt>
   <trkpt lat="49.576130000000006" lon="9.074110000000001">
    <ele>323.18</ele>
   </trkpt>
   <trkpt lat="49.575700000000005" lon="9.074290000000001">
    <ele>323.11</ele>
   </trkpt>
   <trkpt lat="49.57490000000001" lon="9.07469">
    <ele>322.68</ele>
   </trkpt>
   <trkpt lat="49.574670000000005" lon="9.07479">
    <ele>322.47</ele>
   </trkpt>
   <trkpt lat="49.574510000000004" lon="9.07479">
    <ele>322.25000000000006</ele>
   </trkpt>
   <trkpt lat="49.574250000000006" lon="9.07474">
    <ele>321.94</ele>
   </trkpt>
   <trkpt lat="49.574020000000004" lon="9.07475">
    <ele>321.40000000000003</ele>
   </trkpt>
   <trkpt lat="49.57332" lon="9.07489">
    <ele>320.26000000000005</ele>
   </trkpt>
   <trkpt lat="49.572664999921315" lon="9.074985001291902">
    <ele>318.71999999999997</ele>
   </trkpt>
   <trkpt lat="49.572010000000006" lon="9.075080000000002">
    <ele>317.38000000000005</ele>
   </trkpt>
   <trkpt lat="49.57157" lon="9.07507">
    <ele>316.06</ele>
   </trkpt>
   <trkpt lat="49.5711" lon="9.07517">
    <ele>314.37</ele>
   </trkpt>
   <trkpt lat="49.57062999998681" lon="9.07518500014488">
    <ele>313.61</ele>
   </trkpt>
   <trkpt lat="49.57016" lon="9.0752">
    <ele>313.55000000000007</ele>
   </trkpt>
   <trkpt lat="49.57000000000001" lon="9.075190000000001">
    <ele>313.66</ele>
   </trkpt>
   <trkpt lat="49.56927" lon="9.07503">
    <ele>312.37</ele>
   </trkpt>
   <trkpt lat="49.56885000042382" lon="9.07467499684503">
    <ele>308.96</ele>
   </trkpt>
   <trkpt lat="49.568430000000006" lon="9.07432">
    <ele>305.19</ele>
   </trkpt>
   <trkpt lat="49.568220000000004" lon="9.074200000000001">
    <ele>303.66</ele>
   </trkpt>
   <trkpt lat="49.568000000000005" lon="9.07412">
    <ele>302.47</ele>
   </trkpt>
   <trkpt lat="49.567420000000006" lon="9.073970000000001">
    <ele>298.09000000000003</ele>
   </trkpt>
   <trkpt lat="49.56725" lon="9.07388">
    <ele>297.54</ele>
   </trkpt>
   <trkpt lat="49.56701" lon="9.07357">
    <ele>295.28000000000003</ele>
   </trkpt>
   <trkpt lat="49.56667" lon="9.072740000000001">
    <ele>291.13</ele>
   </trkpt>
   <trkpt lat="49.56649" lon="9.07198">
    <ele>290.90000000000003</ele>
   </trkpt>
   <trkpt lat="49.566300000000005" lon="9.07155">
    <ele>290.79</ele>
   </trkpt>
   <trkpt lat="49.56615000000001" lon="9.0714">
    <ele>291.04</ele>
   </trkpt>
   <trkpt lat="49.566140000000004" lon="9.07131">
    <ele>291.15000000000003</ele>
   </trkpt>
   <trkpt lat="49.566230000000004" lon="9.07074">
    <ele>292.06000000000006</ele>
   </trkpt>
   <trkpt lat="49.566190000000006" lon="9.070540000000001">
    <ele>292.06000000000006</ele>
   </trkpt>
   <trkpt lat="49.566300000000005" lon="9.07036">
    <ele>292.46</ele>
   </trkpt>
   <trkpt lat="49.566370000000006" lon="9.070160000000001">
    <ele>292.78000000000003</ele>
   </trkpt>
   <trkpt lat="49.56650500272895" lon="9.069365002161978">
    <ele>293.45000000000005</ele>
   </trkpt>
   <trkpt lat="49.56664000000001" lon="9.068570000000001">
    <ele>294.64</ele>
   </trkpt>
   <trkpt lat="49.56671000000001" lon="9.0683">
    <ele>294.89000000000004</ele>
   </trkpt>
   <trkpt lat="49.56682000000001" lon="9.068050000000001">
    <ele>295.14</ele>
   </trkpt>
   <trkpt lat="49.56698" lon="9.06784">
    <ele>295.14</ele>
   </trkpt>
   <trkpt lat="49.567260000000005" lon="9.06757">
    <ele>295.65000000000003</ele>
   </trkpt>
   <trkpt lat="49.56781250550477" lon="9.06691752215138">
    <ele>297.06000000000006</ele>
   </trkpt>
   <trkpt lat="49.56836500734141" lon="9.066265029533616">
    <ele>298.43</ele>
   </trkpt>
   <trkpt lat="49.56891750550977" lon="9.065612522146184">
    <ele>301.38000000000005</ele>
   </trkpt>
   <trkpt lat="49.56947" lon="9.064960000000001">
    <ele>303.33000000000004</ele>
   </trkpt>
   <trkpt lat="49.569790000000005" lon="9.06479">
    <ele>305.19</ele>
   </trkpt>
   <trkpt lat="49.57033500021412" lon="9.064565002513744">
    <ele>306.85</ele>
   </trkpt>
   <trkpt lat="49.57088" lon="9.064340000000001">
    <ele>308.20000000000005</ele>
   </trkpt>
   <trkpt lat="49.571090000000005" lon="9.06417">
    <ele>308.20000000000005</ele>
   </trkpt>
   <trkpt lat="49.571180000000005" lon="9.06404">
    <ele>308.20000000000005</ele>
   </trkpt>
   <trkpt lat="49.57141000000001" lon="9.06361">
    <ele>310.24</ele>
   </trkpt>
   <trkpt lat="49.57169500166378" lon="9.062995003516574">
    <ele>312.35</ele>
   </trkpt>
   <trkpt lat="49.57198" lon="9.062380000000001">
    <ele>313.85</ele>
   </trkpt>
   <trkpt lat="49.572160000000004" lon="9.062130000000002">
    <ele>314.86</ele>
   </trkpt>
   <trkpt lat="49.57231" lon="9.06197">
    <ele>314.86</ele>
   </trkpt>
   <trkpt lat="49.57251" lon="9.06184">
    <ele>315.94</ele>
   </trkpt>
   <trkpt lat="49.572680000000005" lon="9.061760000000001">
    <ele>316.88000000000005</ele>
   </trkpt>
   <trkpt lat="49.573060000000005" lon="9.061660000000002">
    <ele>318.04</ele>
   </trkpt>
   <trkpt lat="49.57318" lon="9.06161">
    <ele>318.04</ele>
   </trkpt>
   <trkpt lat="49.57340000000001" lon="9.061430000000001">
    <ele>319.41</ele>
   </trkpt>
   <trkpt lat="49.57399667126308" lon="9.060696684641929">
    <ele>320.74</ele>
   </trkpt>
   <trkpt lat="49.574593337892956" lon="9.059963351354119">
    <ele>323.06</ele>
   </trkpt>
   <trkpt lat="49.575190000000006" lon="9.059230000000001">
    <ele>323.65000000000003</ele>
   </trkpt>
   <trkpt lat="49.575390000000006" lon="9.059040000000001">
    <ele>323.82000000000005</ele>
   </trkpt>
   <trkpt lat="49.57579500026266" lon="9.058730002688353">
    <ele>324.02000000000004</ele>
   </trkpt>
   <trkpt lat="49.57620000000001" lon="9.05842">
    <ele>324.65000000000003</ele>
   </trkpt>
   <trkpt lat="49.576350000000005" lon="9.05826">
    <ele>325.3</ele>
   </trkpt>
   <trkpt lat="49.576510000000006" lon="9.058010000000001">
    <ele>326.04</ele>
   </trkpt>
   <trkpt lat="49.57661" lon="9.05775">
    <ele>326.70000000000005</ele>
   </trkpt>
   <trkpt lat="49.576710000000006" lon="9.05738">
    <ele>329.02000000000004</ele>
   </trkpt>
   <trkpt lat="49.576940010955525" lon="9.05625334385896">
    <ele>331.70000000000005</ele>
   </trkpt>
   <trkpt lat="49.57717001097482" lon="9.055126677098">
    <ele>336.86</ele>
   </trkpt>
   <trkpt lat="49.577400000000004" lon="9.054">
    <ele>339.58000000000004</ele>
   </trkpt>
   <trkpt lat="49.57757" lon="9.05344">
    <ele>342.51000000000005</ele>
   </trkpt>
   <trkpt lat="49.57776000188746" lon="9.052810001863529">
    <ele>345.33000000000004</ele>
   </trkpt>
   <trkpt lat="49.57795" lon="9.05218">
    <ele>347.32</ele>
   </trkpt>
   <trkpt lat="49.57813500452855" lon="9.051155003870585">
    <ele>350.92</ele>
   </trkpt>
   <trkpt lat="49.578320000000005" lon="9.050130000000001">
    <ele>353.09000000000003</ele>
   </trkpt>
   <trkpt lat="49.57837000000001" lon="9.049900000000001">
    <ele>356.75</ele>
   </trkpt>
   <trkpt lat="49.57846000000001" lon="9.04962">
    <ele>356.75</ele>
   </trkpt>
   <trkpt lat="49.57891000000001" lon="9.04875">
    <ele>359.47</ele>
   </trkpt>
   <trkpt lat="49.57920000000001" lon="9.048240000000002">
    <ele>361.65000000000003</ele>
   </trkpt>
   <trkpt lat="49.57947" lon="9.047600000000001">
    <ele>364.51000000000005</ele>
   </trkpt>
   <trkpt lat="49.57963" lon="9.047350000000002">
    <ele>364.51000000000005</ele>
   </trkpt>
   <trkpt lat="49.58006500117199" lon="9.046855004280102">
    <ele>368.41</ele>
   </trkpt>
   <trkpt lat="49.5805" lon="9.04636">
    <ele>372.01</ele>
   </trkpt>
   <trkpt lat="49.58057" lon="9.046240000000001">
    <ele>372.01</ele>
   </trkpt>
   <trkpt lat="49.580630000000006" lon="9.04606">
    <ele>372.69</ele>
   </trkpt>
   <trkpt lat="49.580630000000006" lon="9.045860000000001">
    <ele>373.52000000000004</ele>
   </trkpt>
   <trkpt lat="49.58059" lon="9.045720000000001">
    <ele>373.52000000000004</ele>
   </trkpt>
   <trkpt lat="49.580560000000006" lon="9.045660000000002">
    <ele>374.77000000000004</ele>
   </trkpt>
   <trkpt lat="49.580470000000005" lon="9.045570000000001">
    <ele>374.77000000000004</ele>
   </trkpt>
   <trkpt lat="49.58043000000001" lon="9.04555">
    <ele>374.77000000000004</ele>
   </trkpt>
   <trkpt lat="49.580290000000005" lon="9.04554">
    <ele>375.26000000000005</ele>
   </trkpt>
   <trkpt lat="49.57997" lon="9.045570000000001">
    <ele>376.47</ele>
   </trkpt>
   <trkpt lat="49.579820000000005" lon="9.04556">
    <ele>377.93000000000006</ele>
   </trkpt>
   <trkpt lat="49.57974" lon="9.045520000000002">
    <ele>377.93000000000006</ele>
   </trkpt>
   <trkpt lat="49.579660000000004" lon="9.04545">
    <ele>378.62</ele>
   </trkpt>
   <trkpt lat="49.57959" lon="9.04528">
    <ele>379.06</ele>
   </trkpt>
   <trkpt lat="49.579550000000005" lon="9.04512">
    <ele>379.06</ele>
   </trkpt>
   <trkpt lat="49.579580022178284" lon="9.043810002371862">
    <ele>383.68</ele>
   </trkpt>
   <trkpt lat="49.57961002957174" lon="9.042500003132197">
    <ele>388.32000000000005</ele>
   </trkpt>
   <trkpt lat="49.57964002218035" lon="9.041190002281805">
    <ele>392.74</ele>
   </trkpt>
   <trkpt lat="49.57967000000001" lon="9.03988">
    <ele>396.83</ele>
   </trkpt>
   <trkpt lat="49.579710000000006" lon="9.039670000000001">
    <ele>398.05</ele>
   </trkpt>
   <trkpt lat="49.57976000000001" lon="9.039520000000001">
    <ele>398.05</ele>
   </trkpt>
   <trkpt lat="49.57985000000001" lon="9.039390000000001">
    <ele>399.61</ele>
   </trkpt>
   <trkpt lat="49.57994" lon="9.03931">
    <ele>399.61</ele>
   </trkpt>
   <trkpt lat="49.580070000000006" lon="9.03926">
    <ele>401.31000000000006</ele>
   </trkpt>
   <trkpt lat="49.580220000000004" lon="9.03927">
    <ele>401.31000000000006</ele>
   </trkpt>
   <trkpt lat="49.580420000000004" lon="9.03936">
    <ele>402.91</ele>
   </trkpt>
   <trkpt lat="49.580490000000005" lon="9.03937">
    <ele>402.91</ele>
   </trkpt>
   <trkpt lat="49.58064" lon="9.03931">
    <ele>404.12</ele>
   </trkpt>
   <trkpt lat="49.580690000000004" lon="9.039240000000001">
    <ele>404.12</ele>
   </trkpt>
   <trkpt lat="49.580740000000006" lon="9.03912">
    <ele>404.95000000000005</ele>
   </trkpt>
   <trkpt lat="49.580760000000005" lon="9.038960000000001">
    <ele>404.95000000000005</ele>
   </trkpt>
   <trkpt lat="49.580740000000006" lon="9.03879">
    <ele>404.95000000000005</ele>
   </trkpt>
   <trkpt lat="49.580580000000005" lon="9.03829">
    <ele>406.65</ele>
   </trkpt>
   <trkpt lat="49.58059" lon="9.03794">
    <ele>408.25000000000006</ele>
   </trkpt>
   <trkpt lat="49.580630000000006" lon="9.037790000000001">
    <ele>408.69000000000005</ele>
   </trkpt>
   <trkpt lat="49.58070000000001" lon="9.03763">
    <ele>408.69000000000005</ele>
   </trkpt>
   <trkpt lat="49.58091" lon="9.037270000000001">
    <ele>410.32</ele>
   </trkpt>
   <trkpt lat="49.58115" lon="9.037">
    <ele>412.66</ele>
   </trkpt>
   <trkpt lat="49.58144" lon="9.036760000000001">
    <ele>413.86000000000007</ele>
   </trkpt>
   <trkpt lat="49.58158" lon="9.036610000000001">
    <ele>414.99</ele>
   </trkpt>
   <trkpt lat="49.581830000000004" lon="9.036290000000001">
    <ele>417.50000000000006</ele>
   </trkpt>
   <trkpt lat="49.58205" lon="9.03597">
    <ele>418.23</ele>
   </trkpt>
   <trkpt lat="49.58214" lon="9.03588">
    <ele>419.57000000000005</ele>
   </trkpt>
   <trkpt lat="49.582280000000004" lon="9.035820000000001">
    <ele>419.57000000000005</ele>
   </trkpt>
   <trkpt lat="49.58243" lon="9.03583">
    <ele>420.78000000000003</ele>
   </trkpt>
   <trkpt lat="49.58259" lon="9.03593">
    <ele>421.48</ele>
   </trkpt>
   <trkpt lat="49.582950000000004" lon="9.036280000000001">
    <ele>424.29</ele>
   </trkpt>
   <trkpt lat="49.58305000000001" lon="9.03635">
    <ele>424.29</ele>
   </trkpt>
   <trkpt lat="49.58316000000001" lon="9.036370000000002">
    <ele>425.1</ele>
   </trkpt>
   <trkpt lat="49.583220000000004" lon="9.03636">
    <ele>425.1</ele>
   </trkpt>
   <trkpt lat="49.58332" lon="9.036280000000001">
    <ele>425.47</ele>
   </trkpt>
   <trkpt lat="49.583380000000005" lon="9.036140000000001">
    <ele>425.87</ele>
   </trkpt>
   <trkpt lat="49.5835" lon="9.035670000000001">
    <ele>428.32000000000005</ele>
   </trkpt>
   <trkpt lat="49.58366" lon="9.03542">
    <ele>428.32000000000005</ele>
   </trkpt>
   <trkpt lat="49.58382" lon="9.03527">
    <ele>429.55</ele>
   </trkpt>
   <trkpt lat="49.58433000053927" lon="9.034920003650615">
    <ele>432.6700000000001</ele>
   </trkpt>
   <trkpt lat="49.58484000000001" lon="9.03457">
    <ele>435.56000000000006</ele>
   </trkpt>
   <trkpt lat="49.584970000000006" lon="9.03444">
    <ele>435.56000000000006</ele>
   </trkpt>
   <trkpt lat="49.585060000000006" lon="9.03428">
    <ele>437.69</ele>
   </trkpt>
   <trkpt lat="49.585080000000005" lon="9.03421">
    <ele>437.69</ele>
   </trkpt>
   <trkpt lat="49.585100000000004" lon="9.034040000000001">
    <ele>438.37</ele>
   </trkpt>
   <trkpt lat="49.58507" lon="9.033560000000001">
    <ele>439.92</ele>
   </trkpt>
   <trkpt lat="49.585190000000004" lon="9.03279">
    <ele>442.54</ele>
   </trkpt>
   <trkpt lat="49.58518" lon="9.03255">
    <ele>443.45</ele>
   </trkpt>
   <trkpt lat="49.58514" lon="9.03242">
    <ele>444.27000000000004</ele>
   </trkpt>
   <trkpt lat="49.585080000000005" lon="9.03233">
    <ele>444.27000000000004</ele>
   </trkpt>
   <trkpt lat="49.58498" lon="9.03226">
    <ele>445.14000000000004</ele>
   </trkpt>
   <trkpt lat="49.58485" lon="9.03226">
    <ele>445.14000000000004</ele>
   </trkpt>
   <trkpt lat="49.58469" lon="9.03231">
    <ele>446.40000000000003</ele>
   </trkpt>
   <trkpt lat="49.58415" lon="9.03265">
    <ele>448.78000000000003</ele>
   </trkpt>
   <trkpt lat="49.584" lon="9.032670000000001">
    <ele>450.41</ele>
   </trkpt>
   <trkpt lat="49.58386" lon="9.03261">
    <ele>450.41</ele>
   </trkpt>
   <trkpt lat="49.583760000000005" lon="9.032490000000001">
    <ele>451.38000000000005</ele>
   </trkpt>
   <trkpt lat="49.58371" lon="9.03238">
    <ele>452.28000000000003</ele>
   </trkpt>
   <trkpt lat="49.583670000000005" lon="9.032210000000001">
    <ele>452.28000000000003</ele>
   </trkpt>
   <trkpt lat="49.58366" lon="9.032060000000001">
    <ele>453.69000000000005</ele>
   </trkpt>
   <trkpt lat="49.583740000000006" lon="9.031360000000001">
    <ele>455.63000000000005</ele>
   </trkpt>
   <trkpt lat="49.58381000000001" lon="9.03105">
    <ele>457.41</ele>
   </trkpt>
   <trkpt lat="49.583960000000005" lon="9.03057">
    <ele>459.13000000000005</ele>
   </trkpt>
   <trkpt lat="49.5842" lon="9.03002">
    <ele>462.13000000000005</ele>
   </trkpt>
   <trkpt lat="49.58444" lon="9.0297">
    <ele>462.13000000000005</ele>
   </trkpt>
   <trkpt lat="49.58467" lon="9.02951">
    <ele>464.16</ele>
   </trkpt>
   <trkpt lat="49.58476" lon="9.0294">
    <ele>464.16</ele>
   </trkpt>
   <trkpt lat="49.58484000000001" lon="9.029240000000001">
    <ele>465.08000000000004</ele>
   </trkpt>
   <trkpt lat="49.584900000000005" lon="9.029020000000001">
    <ele>465.08000000000004</ele>
   </trkpt>
   <trkpt lat="49.584950000000006" lon="9.028400000000001">
    <ele>467.4200000000001</ele>
   </trkpt>
   <trkpt lat="49.584950000000006" lon="9.028210000000001">
    <ele>468.40000000000003</ele>
   </trkpt>
   <trkpt lat="49.58491" lon="9.02801">
    <ele>468.40000000000003</ele>
   </trkpt>
   <trkpt lat="49.584830000000004" lon="9.027800000000001">
    <ele>469.53000000000003</ele>
   </trkpt>
   <trkpt lat="49.58467" lon="9.027460000000001">
    <ele>470.78000000000003</ele>
   </trkpt>
   <trkpt lat="49.58457000000001" lon="9.02716">
    <ele>471.69000000000005</ele>
   </trkpt>
   <trkpt lat="49.584450000000004" lon="9.02636">
    <ele>474.75000000000006</ele>
   </trkpt>
   <trkpt lat="49.5844" lon="9.02612">
    <ele>475.4200000000001</ele>
   </trkpt>
   <trkpt lat="49.584340000000005" lon="9.02595">
    <ele>475.4200000000001</ele>
   </trkpt>
   <trkpt lat="49.584230000000005" lon="9.02575">
    <ele>476.57000000000005</ele>
   </trkpt>
   <trkpt lat="49.58417000000001" lon="9.0257">
    <ele>476.85</ele>
   </trkpt>
   <trkpt lat="49.58399000000001" lon="9.02555">
    <ele>478.48</ele>
   </trkpt>
   <trkpt lat="49.583870000000005" lon="9.02551">
    <ele>478.48</ele>
   </trkpt>
   <trkpt lat="49.58375" lon="9.025500000000001">
    <ele>479.21000000000004</ele>
   </trkpt>
   <trkpt lat="49.58308" lon="9.025540000000001">
    <ele>482.17</ele>
   </trkpt>
   <trkpt lat="49.58294" lon="9.025500000000001">
    <ele>483.55</ele>
   </trkpt>
   <trkpt lat="49.58281" lon="9.02541">
    <ele>483.55</ele>
   </trkpt>
   <trkpt lat="49.58267000000001" lon="9.02523">
    <ele>485.36</ele>
   </trkpt>
   <trkpt lat="49.582300000000004" lon="9.02457">
    <ele>488.8</ele>
   </trkpt>
   <trkpt lat="49.5820250013162" lon="9.024004996694625">
    <ele>489.90000000000003</ele>
   </trkpt>
   <trkpt lat="49.58175000000001" lon="9.02344">
    <ele>492.55</ele>
   </trkpt>
   <trkpt lat="49.58164000000001" lon="9.023280000000002">
    <ele>493.25</ele>
   </trkpt>
   <trkpt lat="49.5814" lon="9.023090000000002">
    <ele>494.14</ele>
   </trkpt>
   <trkpt lat="49.581250000000004" lon="9.023010000000001">
    <ele>496.50000000000006</ele>
   </trkpt>
   <trkpt lat="49.581" lon="9.022920000000001">
    <ele>497.1700000000001</ele>
   </trkpt>
   <trkpt lat="49.58072000000001" lon="9.022910000000001">
    <ele>498.43</ele>
   </trkpt>
   <trkpt lat="49.580360000000006" lon="9.022950000000002">
    <ele>499.34000000000003</ele>
   </trkpt>
   <trkpt lat="49.579930000000004" lon="9.022860000000001">
    <ele>502.57000000000005</ele>
   </trkpt>
   <trkpt lat="49.579730000000005" lon="9.02285">
    <ele>504.4200000000001</ele>
   </trkpt>
   <trkpt lat="49.57958000000001" lon="9.022910000000001">
    <ele>504.93</ele>
   </trkpt>
   <trkpt lat="49.57945" lon="9.023010000000001">
    <ele>504.93</ele>
   </trkpt>
   <trkpt lat="49.57922000000001" lon="9.023340000000001">
    <ele>507.62000000000006</ele>
   </trkpt>
   <trkpt lat="49.57912" lon="9.02344">
    <ele>508.16</ele>
   </trkpt>
   <trkpt lat="49.57896" lon="9.023470000000001">
    <ele>509.09000000000003</ele>
   </trkpt>
   <trkpt lat="49.57884000000001" lon="9.02341">
    <ele>510.43000000000006</ele>
   </trkpt>
   <trkpt lat="49.57873000000001" lon="9.02326">
    <ele>510.43000000000006</ele>
   </trkpt>
   <trkpt lat="49.57838667279698" lon="9.02241665480719">
    <ele>513.4300000000001</ele>
   </trkpt>
   <trkpt lat="49.57804333946649" lon="9.021573321480979">
    <ele>518.36</ele>
   </trkpt>
   <trkpt lat="49.57770000000001" lon="9.02073">
    <ele>520.99</ele>
   </trkpt>
   <trkpt lat="49.57720500441871" lon="9.019714989665331">
    <ele>517.6700000000001</ele>
   </trkpt>
   <trkpt lat="49.576710000000006" lon="9.0187">
    <ele>513.08</ele>
   </trkpt>
   <trkpt lat="49.576600000000006" lon="9.01844">
    <ele>511.59</ele>
   </trkpt>
   <trkpt lat="49.57658000000001" lon="9.018260000000001">
    <ele>511.59</ele>
   </trkpt>
   <trkpt lat="49.576620000000005" lon="9.017900000000001">
    <ele>509.97999999999996</ele>
   </trkpt>
   <trkpt lat="49.576840000000004" lon="9.01697">
    <ele>506.07</ele>
   </trkpt>
   <trkpt lat="49.57685000000001" lon="9.01684">
    <ele>506.07</ele>
   </trkpt>
   <trkpt lat="49.576820000000005" lon="9.0166">
    <ele>504.84000000000003</ele>
   </trkpt>
   <trkpt lat="49.57653500296219" lon="9.015779995400226">
    <ele>502.27</ele>
   </trkpt>
   <trkpt lat="49.57625" lon="9.01496">
    <ele>498.35</ele>
   </trkpt>
   <trkpt lat="49.57621" lon="9.01477">
    <ele>497.70000000000005</ele>
   </trkpt>
   <trkpt lat="49.576190000000004" lon="9.014550000000002">
    <ele>496.97</ele>
   </trkpt>
   <trkpt lat="49.57621" lon="9.014330000000001">
    <ele>496.97</ele>
   </trkpt>
   <trkpt lat="49.576240000000006" lon="9.0142">
    <ele>496.19</ele>
   </trkpt>
   <trkpt lat="49.57574" lon="9.013990000000002">
    <ele>493.74000000000007</ele>
   </trkpt>
   <trkpt lat="49.57562" lon="9.013990000000002">
    <ele>492.96000000000004</ele>
   </trkpt>
   <trkpt lat="49.57553" lon="9.01401">
    <ele>491.71000000000004</ele>
   </trkpt>
   <trkpt lat="49.575410000000005" lon="9.01408">
    <ele>491.71000000000004</ele>
   </trkpt>
   <trkpt lat="49.574850000000005" lon="9.01463">
    <ele>483.32</ele>
   </trkpt>
   <trkpt lat="49.57455" lon="9.014790000000001">
    <ele>479.72</ele>
   </trkpt>
   <trkpt lat="49.574360000000006" lon="9.01482">
    <ele>478.12000000000006</ele>
   </trkpt>
   <trkpt lat="49.57399" lon="9.01477">
    <ele>475.03000000000003</ele>
   </trkpt>
   <trkpt lat="49.57354" lon="9.014600000000002">
    <ele>472.1</ele>
   </trkpt>
   <trkpt lat="49.573080000000004" lon="9.014460000000001">
    <ele>468.41</ele>
   </trkpt>
   <trkpt lat="49.572480000000006" lon="9.01435">
    <ele>465.86000000000007</ele>
   </trkpt>
   <trkpt lat="49.57184" lon="9.01434">
    <ele>463.37000000000006</ele>
   </trkpt>
   <trkpt lat="49.57102999997867" lon="9.014376667885053">
    <ele>457.18</ele>
   </trkpt>
   <trkpt lat="49.57021999994578" lon="9.014413334553183">
    <ele>452.94000000000005</ele>
   </trkpt>
   <trkpt lat="49.569410000000005" lon="9.01445">
    <ele>449.97</ele>
   </trkpt>
   <trkpt lat="49.569100000000006" lon="9.014460000000001">
    <ele>449.0</ele>
   </trkpt>
   <trkpt lat="49.56882" lon="9.014510000000001">
    <ele>448.3</ele>
   </trkpt>
   <trkpt lat="49.56850000000001" lon="9.014600000000002">
    <ele>447.53000000000003</ele>
   </trkpt>
   <trkpt lat="49.56772500047046" lon="9.014915004983227">
    <ele>445.17</ele>
   </trkpt>
   <trkpt lat="49.566950000000006" lon="9.01523">
    <ele>443.82000000000005</ele>
   </trkpt>
   <trkpt lat="49.56658" lon="9.01533">
    <ele>443.47</ele>
   </trkpt>
   <trkpt lat="49.56616" lon="9.015400000000001">
    <ele>442.76000000000005</ele>
   </trkpt>
   <trkpt lat="49.56547499996085" lon="9.01540500007044">
    <ele>441.55000000000007</ele>
   </trkpt>
   <trkpt lat="49.56479" lon="9.015410000000001">
    <ele>439.91</ele>
   </trkpt>
   <trkpt lat="49.56392666665346" lon="9.015406666548735">
    <ele>439.29</ele>
   </trkpt>
   <trkpt lat="49.56306333330684" lon="9.015403333215353">
    <ele>434.07</ele>
   </trkpt>
   <trkpt lat="49.562200000000004" lon="9.015400000000001">
    <ele>427.96000000000004</ele>
   </trkpt>
   <trkpt lat="49.561930000000004" lon="9.015360000000001">
    <ele>425.68000000000006</ele>
   </trkpt>
   <trkpt lat="49.5617" lon="9.01529">
    <ele>424.2</ele>
   </trkpt>
   <trkpt lat="49.561440000000005" lon="9.01514">
    <ele>423.58</ele>
   </trkpt>
   <trkpt lat="49.56132" lon="9.01504">
    <ele>423.41</ele>
   </trkpt>
   <trkpt lat="49.560885001050316" lon="9.01458499611236">
    <ele>423.12000000000006</ele>
   </trkpt>
   <trkpt lat="49.56045" lon="9.014130000000002">
    <ele>422.96000000000004</ele>
   </trkpt>
   <trkpt lat="49.560010000000005" lon="9.01361">
    <ele>422.64</ele>
   </trkpt>
   <trkpt lat="49.55957" lon="9.013200000000001">
    <ele>422.13000000000005</ele>
   </trkpt>
   <trkpt lat="49.55923000000001" lon="9.012970000000001">
    <ele>421.6</ele>
   </trkpt>
   <trkpt lat="49.55908" lon="9.0129">
    <ele>421.22</ele>
   </trkpt>
   <trkpt lat="49.55875" lon="9.0128">
    <ele>420.6</ele>
   </trkpt>
   <trkpt lat="49.55845" lon="9.01276">
    <ele>420.21000000000004</ele>
   </trkpt>
   <trkpt lat="49.557990000000004" lon="9.012770000000002">
    <ele>419.83000000000004</ele>
   </trkpt>
   <trkpt lat="49.557274999849255" lon="9.01284000104168">
    <ele>418.6</ele>
   </trkpt>
   <trkpt lat="49.556560000000005" lon="9.012910000000002">
    <ele>415.18000000000006</ele>
   </trkpt>
   <trkpt lat="49.555960000000006" lon="9.01293">
    <ele>411.94</ele>
   </trkpt>
   <trkpt lat="49.555640000000004" lon="9.012880000000001">
    <ele>410.96000000000004</ele>
   </trkpt>
   <trkpt lat="49.555240000000005" lon="9.01274">
    <ele>410.28000000000003</ele>
   </trkpt>
   <trkpt lat="49.554590000000005" lon="9.012360000000001">
    <ele>406.40000000000003</ele>
   </trkpt>
   <trkpt lat="49.55424000000001" lon="9.012210000000001">
    <ele>405.0</ele>
   </trkpt>
   <trkpt lat="49.55388000000001" lon="9.01215">
    <ele>404.39000000000004</ele>
   </trkpt>
   <trkpt lat="49.553200000000004" lon="9.01213">
    <ele>400.96000000000004</ele>
   </trkpt>
   <trkpt lat="49.552800000000005" lon="9.01204">
    <ele>399.75000000000006</ele>
   </trkpt>
   <trkpt lat="49.55257" lon="9.011930000000001">
    <ele>399.75000000000006</ele>
   </trkpt>
   <trkpt lat="49.551950000000005" lon="9.01154">
    <ele>397.81000000000006</ele>
   </trkpt>
   <trkpt lat="49.551680000000005" lon="9.01138">
    <ele>397.47</ele>
   </trkpt>
   <trkpt lat="49.551550000000006" lon="9.011330000000001">
    <ele>397.24</ele>
   </trkpt>
   <trkpt lat="49.55129" lon="9.01126">
    <ele>396.63000000000005</ele>
   </trkpt>
   <trkpt lat="49.55106000000001" lon="9.01124">
    <ele>396.28000000000003</ele>
   </trkpt>
   <trkpt lat="49.55033" lon="9.01126">
    <ele>393.66</ele>
   </trkpt>
   <trkpt lat="49.55008" lon="9.0113">
    <ele>393.11</ele>
   </trkpt>
   <trkpt lat="49.54997" lon="9.0112">
    <ele>392.84000000000003</ele>
   </trkpt>
   <trkpt lat="49.549850000000006" lon="9.011040000000001">
    <ele>392.66</ele>
   </trkpt>
   <trkpt lat="49.54979" lon="9.01091">
    <ele>392.78000000000003</ele>
   </trkpt>
   <trkpt lat="49.54979" lon="9.010890000000002">
    <ele>392.79</ele>
   </trkpt>
   <trkpt lat="49.549760000000006" lon="9.01031">
    <ele>393.42</ele>
   </trkpt>
   <trkpt lat="49.54981" lon="9.00988">
    <ele>394.63000000000005</ele>
   </trkpt>
   <trkpt lat="49.55016501651142" lon="9.008750024613102">
    <ele>399.53000000000003</ele>
   </trkpt>
   <trkpt lat="49.55052002202037" lon="9.007620032801691">
    <ele>405.83000000000004</ele>
   </trkpt>
   <trkpt lat="49.550875016526554" lon="9.006490024565828">
    <ele>410.47</ele>
   </trkpt>
   <trkpt lat="49.551230000000004" lon="9.005360000000001">
    <ele>416.69000000000005</ele>
   </trkpt>
   <trkpt lat="49.55136" lon="9.00506">
    <ele>418.57000000000005</ele>
   </trkpt>
   <trkpt lat="49.55156" lon="9.00473">
    <ele>420.11</ele>
   </trkpt>
   <trkpt lat="49.55199" lon="9.004230000000002">
    <ele>424.17</ele>
   </trkpt>
   <trkpt lat="49.552080000000004" lon="9.00398">
    <ele>425.52</ele>
   </trkpt>
   <trkpt lat="49.55209000000001" lon="9.00379">
    <ele>425.52</ele>
   </trkpt>
   <trkpt lat="49.552080000000004" lon="9.00371">
    <ele>427.73</ele>
   </trkpt>
   <trkpt lat="49.55201" lon="9.003490000000001">
    <ele>427.73</ele>
   </trkpt>
   <trkpt lat="49.55191000000001" lon="9.00336">
    <ele>428.63</ele>
   </trkpt>
   <trkpt lat="49.551820000000006" lon="9.00328">
    <ele>428.63</ele>
   </trkpt>
   <trkpt lat="49.55167" lon="9.00305">
    <ele>430.58</ele>
   </trkpt>
   <trkpt lat="49.551570000000005" lon="9.0028">
    <ele>431.7900000000001</ele>
   </trkpt>
   <trkpt lat="49.55151000000001" lon="9.002540000000002">
    <ele>433.06000000000006</ele>
   </trkpt>
   <trkpt lat="49.551500000000004" lon="9.00238">
    <ele>434.38000000000005</ele>
   </trkpt>
   <trkpt lat="49.55152667702924" lon="9.001283334554847">
    <ele>438.50000000000006</ele>
   </trkpt>
   <trkpt lat="49.55155334369533" lon="9.00018666791205">
    <ele>444.70000000000005</ele>
   </trkpt>
   <trkpt lat="49.55158" lon="8.99909">
    <ele>448.75</ele>
   </trkpt>
   <trkpt lat="49.551640000000006" lon="8.998650000000001">
    <ele>450.88000000000005</ele>
   </trkpt>
   <trkpt lat="49.551680000000005" lon="8.998510000000001">
    <ele>452.06</ele>
   </trkpt>
   <trkpt lat="49.551880000000004" lon="8.998090000000001">
    <ele>455.25000000000006</ele>
   </trkpt>
   <trkpt lat="49.552080000000004" lon="8.997850000000001">
    <ele>456.92</ele>
   </trkpt>
   <trkpt lat="49.55223" lon="8.99761">
    <ele>458.3</ele>
   </trkpt>
   <trkpt lat="49.552260000000004" lon="8.99751">
    <ele>458.3</ele>
   </trkpt>
   <trkpt lat="49.552260000000004" lon="8.99735">
    <ele>458.95</ele>
   </trkpt>
   <trkpt lat="49.552240000000005" lon="8.99722">
    <ele>459.8</ele>
   </trkpt>
   <trkpt lat="49.55219" lon="8.997100000000001">
    <ele>460.28000000000003</ele>
   </trkpt>
   <trkpt lat="49.5521" lon="8.997">
    <ele>460.28000000000003</ele>
   </trkpt>
   <trkpt lat="49.55199" lon="8.996960000000001">
    <ele>460.28000000000003</ele>
   </trkpt>
   <trkpt lat="49.551590000000004" lon="8.99712">
    <ele>463.29</ele>
   </trkpt>
   <trkpt lat="49.551410000000004" lon="8.99712">
    <ele>464.66</ele>
   </trkpt>
   <trkpt lat="49.55118" lon="8.99704">
    <ele>467.05</ele>
   </trkpt>
   <trkpt lat="49.551080000000006" lon="8.99695">
    <ele>467.05</ele>
   </trkpt>
   <trkpt lat="49.55097000000001" lon="8.99684">
    <ele>467.05</ele>
   </trkpt>
   <trkpt lat="49.5508" lon="8.99656">
    <ele>469.81000000000006</ele>
   </trkpt>
   <trkpt lat="49.550670000000004" lon="8.996210000000001">
    <ele>472.35</ele>
   </trkpt>
   <trkpt lat="49.55049" lon="8.995610000000001">
    <ele>474.05</ele>
   </trkpt>
   <trkpt lat="49.550430000000006" lon="8.99549">
    <ele>474.48</ele>
   </trkpt>
   <trkpt lat="49.55035" lon="8.99538">
    <ele>474.9200000000001</ele>
   </trkpt>
   <trkpt lat="49.550250000000005" lon="8.99534">
    <ele>475.18000000000006</ele>
   </trkpt>
   <trkpt lat="49.550160000000005" lon="8.995370000000001">
    <ele>475.18000000000006</ele>
   </trkpt>
   <trkpt lat="49.55010000000001" lon="8.995410000000001">
    <ele>475.45000000000005</ele>
   </trkpt>
   <trkpt lat="49.55004" lon="8.99549">
    <ele>475.45000000000005</ele>
   </trkpt>
   <trkpt lat="49.549980000000005" lon="8.99562">
    <ele>475.58000000000004</ele>
   </trkpt>
   <trkpt lat="49.549960000000006" lon="8.99581">
    <ele>475.90000000000003</ele>
   </trkpt>
   <trkpt lat="49.550000000000004" lon="8.996730000000001">
    <ele>478.28000000000003</ele>
   </trkpt>
   <trkpt lat="49.54999" lon="8.997110000000001">
    <ele>480.99</ele>
   </trkpt>
   <trkpt lat="49.54984" lon="8.99775">
    <ele>483.41</ele>
   </trkpt>
   <trkpt lat="49.549655002425425" lon="8.998495002683905">
    <ele>486.71000000000004</ele>
   </trkpt>
   <trkpt lat="49.54947000000001" lon="8.99924">
    <ele>489.90000000000003</ele>
   </trkpt>
   <trkpt lat="49.54943" lon="8.999350000000002">
    <ele>490.86</ele>
   </trkpt>
   <trkpt lat="49.54936000000001" lon="8.999450000000001">
    <ele>491.36</ele>
   </trkpt>
   <trkpt lat="49.54928" lon="8.999490000000002">
    <ele>491.89000000000004</ele>
   </trkpt>
   <trkpt lat="49.549220000000005" lon="8.999490000000002">
    <ele>491.89000000000004</ele>
   </trkpt>
   <trkpt lat="49.549150000000004" lon="8.999450000000001">
    <ele>492.76000000000005</ele>
   </trkpt>
   <trkpt lat="49.54912" lon="8.999400000000001">
    <ele>492.76000000000005</ele>
   </trkpt>
   <trkpt lat="49.549040000000005" lon="8.99924">
    <ele>493.77000000000004</ele>
   </trkpt>
   <trkpt lat="49.54903" lon="8.999130000000001">
    <ele>493.77000000000004</ele>
   </trkpt>
   <trkpt lat="49.54925" lon="8.99829">
    <ele>497.74</ele>
   </trkpt>
   <trkpt lat="49.549290000000006" lon="8.99807">
    <ele>497.74</ele>
   </trkpt>
   <trkpt lat="49.549290000000006" lon="8.99769">
    <ele>499.42</ele>
   </trkpt>
   <trkpt lat="49.549220000000005" lon="8.997190000000002">
    <ele>502.09999999999997</ele>
   </trkpt>
   <trkpt lat="49.54899000600891" lon="8.99600999449481">
    <ele>507.77000000000004</ele>
   </trkpt>
   <trkpt lat="49.54876" lon="8.99483">
    <ele>511.0800000000001</ele>
   </trkpt>
   <trkpt lat="49.548700000000004" lon="8.99437">
    <ele>515.2500000000001</ele>
   </trkpt>
   <trkpt lat="49.54869" lon="8.993960000000001">
    <ele>515.2500000000001</ele>
   </trkpt>
   <trkpt lat="49.548730000000006" lon="8.993490000000001">
    <ele>517.99</ele>
   </trkpt>
   <trkpt lat="49.548820000000006" lon="8.993060000000002">
    <ele>519.75</ele>
   </trkpt>
   <trkpt lat="49.54917500524154" lon="8.991955008089825">
    <ele>523.7400000000001</ele>
   </trkpt>
   <trkpt lat="49.549530000000004" lon="8.99085">
    <ele>521.09</ele>
   </trkpt>
   <trkpt lat="49.54988" lon="8.99009">
    <ele>517.6700000000001</ele>
   </trkpt>
   <trkpt lat="49.55010000000001" lon="8.98976">
    <ele>512.2500000000001</ele>
   </trkpt>
   <trkpt lat="49.550290000000004" lon="8.98957">
    <ele>512.2500000000001</ele>
   </trkpt>
   <trkpt lat="49.550470000000004" lon="8.989450000000001">
    <ele>511.31000000000006</ele>
   </trkpt>
   <trkpt lat="49.550700000000006" lon="8.989370000000001">
    <ele>509.7900000000001</ele>
   </trkpt>
   <trkpt lat="49.550810000000006" lon="8.989360000000001">
    <ele>508.53999999999996</ele>
   </trkpt>
   <trkpt lat="49.55107" lon="8.989400000000002">
    <ele>507.57000000000005</ele>
   </trkpt>
   <trkpt lat="49.5512" lon="8.989450000000001">
    <ele>505.70000000000005</ele>
   </trkpt>
   <trkpt lat="49.55153000000001" lon="8.98971">
    <ele>503.37000000000006</ele>
   </trkpt>
   <trkpt lat="49.5519" lon="8.99004">
    <ele>499.61000000000007</ele>
   </trkpt>
   <trkpt lat="49.552130000000005" lon="8.99013">
    <ele>498.98</ele>
   </trkpt>
   <trkpt lat="49.55228" lon="8.990110000000001">
    <ele>496.40000000000003</ele>
   </trkpt>
   <trkpt lat="49.552400000000006" lon="8.99005">
    <ele>496.40000000000003</ele>
   </trkpt>
   <trkpt lat="49.55256000000001" lon="8.98991">
    <ele>495.46000000000004</ele>
   </trkpt>
   <trkpt lat="49.552990001509855" lon="8.989330005024451">
    <ele>491.63000000000005</ele>
   </trkpt>
   <trkpt lat="49.55342" lon="8.988750000000001">
    <ele>487.9100000000001</ele>
   </trkpt>
   <trkpt lat="49.55355" lon="8.988610000000001">
    <ele>487.35</ele>
   </trkpt>
   <trkpt lat="49.553650000000005" lon="8.98853">
    <ele>485.75</ele>
   </trkpt>
   <trkpt lat="49.553830000000005" lon="8.988480000000001">
    <ele>485.75</ele>
   </trkpt>
   <trkpt lat="49.55393" lon="8.98849">
    <ele>484.19000000000005</ele>
   </trkpt>
   <trkpt lat="49.55413" lon="8.98858">
    <ele>483.06000000000006</ele>
   </trkpt>
   <trkpt lat="49.55422" lon="8.988650000000002">
    <ele>483.06000000000006</ele>
   </trkpt>
   <trkpt lat="49.554790000000004" lon="8.989320000000001">
    <ele>479.83000000000004</ele>
   </trkpt>
   <trkpt lat="49.55489000000001" lon="8.989360000000001">
    <ele>479.83000000000004</ele>
   </trkpt>
   <trkpt lat="49.555040000000005" lon="8.989320000000001">
    <ele>476.5</ele>
   </trkpt>
   <trkpt lat="49.55518000000001" lon="8.98919">
    <ele>476.5</ele>
   </trkpt>
   <trkpt lat="49.55528" lon="8.98901">
    <ele>476.5</ele>
   </trkpt>
   <trkpt lat="49.55556000000001" lon="8.98808">
    <ele>472.03000000000003</ele>
   </trkpt>
   <trkpt lat="49.555690000000006" lon="8.98788">
    <ele>470.59000000000003</ele>
   </trkpt>
   <trkpt lat="49.555800000000005" lon="8.98778">
    <ele>470.59000000000003</ele>
   </trkpt>
   <trkpt lat="49.556020000000004" lon="8.987680000000001">
    <ele>469.02000000000004</ele>
   </trkpt>
   <trkpt lat="49.556140000000006" lon="8.987680000000001">
    <ele>469.02000000000004</ele>
   </trkpt>
   <trkpt lat="49.55622" lon="8.9877">
    <ele>466.63000000000005</ele>
   </trkpt>
   <trkpt lat="49.55637" lon="8.987770000000001">
    <ele>466.63000000000005</ele>
   </trkpt>
   <trkpt lat="49.556560000000005" lon="8.987960000000001">
    <ele>465.4800000000001</ele>
   </trkpt>
   <trkpt lat="49.556810000000006" lon="8.98826">
    <ele>463.3</ele>
   </trkpt>
   <trkpt lat="49.55689" lon="8.9883">
    <ele>462.33</ele>
   </trkpt>
   <trkpt lat="49.557010000000005" lon="8.9883">
    <ele>461.91</ele>
   </trkpt>
   <trkpt lat="49.557140000000004" lon="8.988240000000001">
    <ele>461.91</ele>
   </trkpt>
   <trkpt lat="49.55727" lon="8.988040000000002">
    <ele>460.89</ele>
   </trkpt>
   <trkpt lat="49.557320000000004" lon="8.98785">
    <ele>460.03000000000003</ele>
   </trkpt>
   <trkpt lat="49.557530004572754" lon="8.986820004418556">
    <ele>455.72</ele>
   </trkpt>
   <trkpt lat="49.55774" lon="8.985790000000001">
    <ele>452.44000000000005</ele>
   </trkpt>
   <trkpt lat="49.55794" lon="8.98525">
    <ele>447.35</ele>
   </trkpt>
   <trkpt lat="49.55816" lon="8.984810000000001">
    <ele>446.27000000000004</ele>
   </trkpt>
   <trkpt lat="49.55855000115184" lon="8.984310003897226">
    <ele>443.75</ele>
   </trkpt>
   <trkpt lat="49.55894000000001" lon="8.98381">
    <ele>441.89000000000004</ele>
   </trkpt>
   <trkpt lat="49.559180000000005" lon="8.98344">
    <ele>441.89000000000004</ele>
   </trkpt>
   <trkpt lat="49.55951000153625" lon="8.98285500384362">
    <ele>440.52000000000004</ele>
   </trkpt>
   <trkpt lat="49.55984" lon="8.982270000000002">
    <ele>439.8</ele>
   </trkpt>
   <trkpt lat="49.55978" lon="8.982140000000001">
    <ele>439.44000000000005</ele>
   </trkpt>
   <trkpt lat="49.55964" lon="8.98161">
    <ele>438.53000000000003</ele>
   </trkpt>
   <trkpt lat="49.5595650033496" lon="8.980729998804959">
    <ele>437.96</ele>
   </trkpt>
   <trkpt lat="49.559490000000004" lon="8.97985">
    <ele>438.64000000000004</ele>
   </trkpt>
   <trkpt lat="49.559490000000004" lon="8.97958">
    <ele>438.64000000000004</ele>
   </trkpt>
   <trkpt lat="49.559610000000006" lon="8.978570000000001">
    <ele>436.92</ele>
   </trkpt>
   <trkpt lat="49.55962" lon="8.977580000000001">
    <ele>431.26000000000005</ele>
   </trkpt>
   <trkpt lat="49.55959000000001" lon="8.976830000000001">
    <ele>429.88000000000005</ele>
   </trkpt>
   <trkpt lat="49.55997000000001" lon="8.97682">
    <ele>429.87</ele>
   </trkpt>
   <trkpt lat="49.560677500122814" lon="8.976735003691168">
    <ele>431.34000000000003</ele>
   </trkpt>
   <trkpt lat="49.561385000183385" lon="8.97665000491929">
    <ele>431.90000000000003</ele>
   </trkpt>
   <trkpt lat="49.56209250018169" lon="8.976565003684227">
    <ele>430.96</ele>
   </trkpt>
   <trkpt lat="49.5628" lon="8.97648">
    <ele>430.25</ele>
   </trkpt>
   <trkpt lat="49.56335000000001" lon="8.976270000000001">
    <ele>430.08</ele>
   </trkpt>
   <trkpt lat="49.56381500008367" lon="8.976070001942892">
    <ele>430.15000000000003</ele>
   </trkpt>
   <trkpt lat="49.564280000000004" lon="8.97587">
    <ele>430.14</ele>
   </trkpt>
   <trkpt lat="49.56429000000001" lon="8.97587">
    <ele>430.14</ele>
   </trkpt>
   <trkpt lat="49.56492" lon="8.975560000000002">
    <ele>429.36</ele>
   </trkpt>
   <trkpt lat="49.56561000000001" lon="8.97512">
    <ele>427.54</ele>
   </trkpt>
   <trkpt lat="49.56633" lon="8.97464">
    <ele>424.99</ele>
   </trkpt>
   <trkpt lat="49.56689000082287" lon="8.974215004841124">
    <ele>420.05</ele>
   </trkpt>
   <trkpt lat="49.56745" lon="8.973790000000001">
    <ele>416.07000000000005</ele>
   </trkpt>
   <trkpt lat="49.5675" lon="8.973780000000001">
    <ele>416.07000000000005</ele>
   </trkpt>
   <trkpt lat="49.56756000000001" lon="8.973790000000001">
    <ele>415.91</ele>
   </trkpt>
   <trkpt lat="49.5675" lon="8.973650000000001">
    <ele>416.88</ele>
   </trkpt>
   <trkpt lat="49.567350000000005" lon="8.97353">
    <ele>417.82</ele>
   </trkpt>
   <trkpt lat="49.566900000000004" lon="8.97329">
    <ele>422.59000000000003</ele>
   </trkpt>
   <trkpt lat="49.566570000000006" lon="8.97302">
    <ele>425.50000000000006</ele>
   </trkpt>
   <trkpt lat="49.56620000155529" lon="8.972409995298275">
    <ele>427.64</ele>
   </trkpt>
   <trkpt lat="49.565830000000005" lon="8.9718">
    <ele>430.13</ele>
   </trkpt>
   <trkpt lat="49.565690000000004" lon="8.97147">
    <ele>430.36</ele>
   </trkpt>
   <trkpt lat="49.56548" lon="8.97103">
    <ele>430.71000000000004</ele>
   </trkpt>
   <trkpt lat="49.565360000000005" lon="8.97089">
    <ele>430.82000000000005</ele>
   </trkpt>
   <trkpt lat="49.56512000000001" lon="8.9707">
    <ele>431.12000000000006</ele>
   </trkpt>
   <trkpt lat="49.56441250054381" lon="8.970492490975797">
    <ele>432.59000000000003</ele>
   </trkpt>
   <trkpt lat="49.56370500071664" lon="8.970284987965469">
    <ele>435.6</ele>
   </trkpt>
   <trkpt lat="49.56299750051845" lon="8.970077490968688">
    <ele>439.74</ele>
   </trkpt>
   <trkpt lat="49.562290000000004" lon="8.96987">
    <ele>444.1</ele>
   </trkpt>
   <trkpt lat="49.561840000000004" lon="8.969710000000001">
    <ele>447.90000000000003</ele>
   </trkpt>
   <trkpt lat="49.56176000000001" lon="8.969660000000001">
    <ele>448.17</ele>
   </trkpt>
   <trkpt lat="49.561640000000004" lon="8.96955">
    <ele>449.29</ele>
   </trkpt>
   <trkpt lat="49.561460000000004" lon="8.96931">
    <ele>450.69</ele>
   </trkpt>
   <trkpt lat="49.561035001830994" lon="8.968639994006262">
    <ele>452.43000000000006</ele>
   </trkpt>
   <trkpt lat="49.560610000000004" lon="8.967970000000001">
    <ele>454.22</ele>
   </trkpt>
   <trkpt lat="49.560360006049386" lon="8.966784993932013">
    <ele>456.65000000000003</ele>
   </trkpt>
   <trkpt lat="49.56011" lon="8.9656">
    <ele>458.41</ele>
   </trkpt>
   <trkpt lat="49.559960000000004" lon="8.96479">
    <ele>459.92</ele>
   </trkpt>
   <trkpt lat="49.55984" lon="8.963890000000001">
    <ele>461.22</ele>
   </trkpt>
   <trkpt lat="49.55974000728927" lon="8.96296999619868">
    <ele>461.82000000000005</ele>
   </trkpt>
   <trkpt lat="49.55964000728562" lon="8.962049996165254">
    <ele>462.76000000000005</ele>
   </trkpt>
   <trkpt lat="49.559540000000005" lon="8.96113">
    <ele>463.29</ele>
   </trkpt>
   <trkpt lat="49.55930500564247" lon="8.959984994462214">
    <ele>463.81000000000006</ele>
   </trkpt>
   <trkpt lat="49.559070000000006" lon="8.95884">
    <ele>464.41</ele>
   </trkpt>
   <trkpt lat="49.55883000000001" lon="8.957740000000001">
    <ele>464.03000000000003</ele>
   </trkpt>
   <trkpt lat="49.55858500254495" lon="8.956984996486945">
    <ele>461.44</ele>
   </trkpt>
   <trkpt lat="49.55834" lon="8.956230000000001">
    <ele>458.17</ele>
   </trkpt>
   <trkpt lat="49.55810000225667" lon="8.955524996874226">
    <ele>455.63000000000005</ele>
   </trkpt>
   <trkpt lat="49.557860000000005" lon="8.954820000000002">
    <ele>450.84000000000003</ele>
   </trkpt>
   <trkpt lat="49.557430000000004" lon="8.953840000000001">
    <ele>447.01</ele>
   </trkpt>
   <trkpt lat="49.557205002344546" lon="8.953114996917652">
    <ele>446.03000000000003</ele>
   </trkpt>
   <trkpt lat="49.55698" lon="8.952390000000001">
    <ele>441.57</ele>
   </trkpt>
   <trkpt lat="49.55691" lon="8.95209">
    <ele>441.57</ele>
   </trkpt>
   <trkpt lat="49.556740003464405" lon="8.95118999673334">
    <ele>438.09000000000003</ele>
   </trkpt>
   <trkpt lat="49.55657" lon="8.95029">
    <ele>433.69</ele>
   </trkpt>
   <trkpt lat="49.556450000000005" lon="8.949440000000001">
    <ele>429.41</ele>
   </trkpt>
   <trkpt lat="49.55641000000001" lon="8.94848">
    <ele>427.82000000000005</ele>
   </trkpt>
   <trkpt lat="49.55644" lon="8.947830000000002">
    <ele>425.72</ele>
   </trkpt>
   <trkpt lat="49.55653" lon="8.94702">
    <ele>423.63000000000005</ele>
   </trkpt>
   <trkpt lat="49.55669000405506" lon="8.946050003169173">
    <ele>419.55</ele>
   </trkpt>
   <trkpt lat="49.556850000000004" lon="8.94508">
    <ele>417.25</ele>
   </trkpt>
   <trkpt lat="49.55686000000001" lon="8.944780000000002">
    <ele>415.82</ele>
   </trkpt>
   <trkpt lat="49.556810000000006" lon="8.94439">
    <ele>413.61</ele>
   </trkpt>
   <trkpt lat="49.55662" lon="8.943950000000001">
    <ele>413.05</ele>
   </trkpt>
   <trkpt lat="49.55650000000001" lon="8.943800000000001">
    <ele>412.24000000000007</ele>
   </trkpt>
   <trkpt lat="49.55639000000001" lon="8.943700000000002">
    <ele>411.96000000000004</ele>
   </trkpt>
   <trkpt lat="49.55617" lon="8.94358">
    <ele>411.04</ele>
   </trkpt>
   <trkpt lat="49.55557500035647" lon="8.94335999737448">
    <ele>407.63000000000005</ele>
   </trkpt>
   <trkpt lat="49.55498000000001" lon="8.943140000000001">
    <ele>404.78000000000003</ele>
   </trkpt>
   <trkpt lat="49.55482000000001" lon="8.94307">
    <ele>404.39000000000004</ele>
   </trkpt>
   <trkpt lat="49.554660000000005" lon="8.942950000000002">
    <ele>403.25000000000006</ele>
   </trkpt>
   <trkpt lat="49.55445" lon="8.942720000000001">
    <ele>402.03000000000003</ele>
   </trkpt>
   <trkpt lat="49.55436" lon="8.942580000000001">
    <ele>400.84000000000003</ele>
   </trkpt>
   <trkpt lat="49.55416" lon="8.942110000000001">
    <ele>398.49</ele>
   </trkpt>
   <trkpt lat="49.553940000000004" lon="8.94139">
    <ele>395.25000000000006</ele>
   </trkpt>
   <trkpt lat="49.55378" lon="8.941120000000002">
    <ele>395.25000000000006</ele>
   </trkpt>
   <trkpt lat="49.55359000000001" lon="8.940940000000001">
    <ele>393.20000000000005</ele>
   </trkpt>
   <trkpt lat="49.55344" lon="8.94087">
    <ele>393.20000000000005</ele>
   </trkpt>
   <trkpt lat="49.553290000000004" lon="8.940850000000001">
    <ele>391.32000000000005</ele>
   </trkpt>
   <trkpt lat="49.55312000000001" lon="8.94088">
    <ele>391.32000000000005</ele>
   </trkpt>
   <trkpt lat="49.552960000000006" lon="8.94097">
    <ele>391.32000000000005</ele>
   </trkpt>
   <trkpt lat="49.552870000000006" lon="8.94105">
    <ele>387.89</ele>
   </trkpt>
   <trkpt lat="49.552780000000006" lon="8.941170000000001">
    <ele>387.89</ele>
   </trkpt>
   <trkpt lat="49.552670000000006" lon="8.941360000000001">
    <ele>387.89</ele>
   </trkpt>
   <trkpt lat="49.55256000000001" lon="8.941590000000001">
    <ele>386.81000000000006</ele>
   </trkpt>
   <trkpt lat="49.552115005463065" lon="8.942715010223194">
    <ele>383.11</ele>
   </trkpt>
   <trkpt lat="49.55167" lon="8.943840000000002">
    <ele>378.93000000000006</ele>
   </trkpt>
   <trkpt lat="49.551590000000004" lon="8.94396">
    <ele>378.93000000000006</ele>
   </trkpt>
   <trkpt lat="49.551520000000004" lon="8.94402">
    <ele>378.87</ele>
   </trkpt>
   <trkpt lat="49.55143" lon="8.944040000000001">
    <ele>378.50000000000006</ele>
   </trkpt>
   <trkpt lat="49.551350000000006" lon="8.94405">
    <ele>378.50000000000006</ele>
   </trkpt>
   <trkpt lat="49.55125" lon="8.944030000000001">
    <ele>377.6</ele>
   </trkpt>
   <trkpt lat="49.550900000000006" lon="8.94391">
    <ele>376.28</ele>
   </trkpt>
   <trkpt lat="49.55075" lon="8.943810000000001">
    <ele>374.88000000000005</ele>
   </trkpt>
   <trkpt lat="49.55069" lon="8.94374">
    <ele>374.88000000000005</ele>
   </trkpt>
   <trkpt lat="49.55053" lon="8.943470000000001">
    <ele>373.29</ele>
   </trkpt>
   <trkpt lat="49.550070000000005" lon="8.94236">
    <ele>367.24</ele>
   </trkpt>
   <trkpt lat="49.549820000000004" lon="8.941930000000001">
    <ele>366.31</ele>
   </trkpt>
   <trkpt lat="49.54957" lon="8.941650000000001">
    <ele>363.37</ele>
   </trkpt>
   <trkpt lat="49.54918000000001" lon="8.941320000000001">
    <ele>362.17</ele>
   </trkpt>
   <trkpt lat="49.5491" lon="8.941180000000001">
    <ele>361.39000000000004</ele>
   </trkpt>
   <trkpt lat="49.549060000000004" lon="8.941030000000001">
    <ele>361.1</ele>
   </trkpt>
   <trkpt lat="49.54905" lon="8.94081">
    <ele>360.84000000000003</ele>
   </trkpt>
   <trkpt lat="49.5491" lon="8.9406">
    <ele>360.84000000000003</ele>
   </trkpt>
   <trkpt lat="49.549310000000006" lon="8.94003">
    <ele>356.62000000000006</ele>
   </trkpt>
   <trkpt lat="49.54934" lon="8.939630000000001">
    <ele>355.69</ele>
   </trkpt>
   <trkpt lat="49.5493" lon="8.93942">
    <ele>355.69</ele>
   </trkpt>
   <trkpt lat="49.54921" lon="8.939210000000001">
    <ele>353.89000000000004</ele>
   </trkpt>
   <trkpt lat="49.548770000000005" lon="8.93866">
    <ele>351.08</ele>
   </trkpt>
   <trkpt lat="49.54872" lon="8.938540000000001">
    <ele>351.08</ele>
   </trkpt>
   <trkpt lat="49.54869" lon="8.93833">
    <ele>350.87</ele>
   </trkpt>
   <trkpt lat="49.548700000000004" lon="8.93819">
    <ele>350.41</ele>
   </trkpt>
   <trkpt lat="49.54878" lon="8.93796">
    <ele>349.91</ele>
   </trkpt>
   <trkpt lat="49.54924500379392" lon="8.937015009104323">
    <ele>346.44</ele>
   </trkpt>
   <trkpt lat="49.549710000000005" lon="8.93607">
    <ele>340.41</ele>
   </trkpt>
   <trkpt lat="49.550165003785146" lon="8.935130008800606">
    <ele>337.90000000000003</ele>
   </trkpt>
   <trkpt lat="49.55062" lon="8.934190000000001">
    <ele>333.33</ele>
   </trkpt>
   <trkpt lat="49.55071" lon="8.93397">
    <ele>333.33</ele>
   </trkpt>
   <trkpt lat="49.55077000000001" lon="8.93373">
    <ele>331.89</ele>
   </trkpt>
   <trkpt lat="49.55082" lon="8.93342">
    <ele>331.89</ele>
   </trkpt>
   <trkpt lat="49.55084" lon="8.93313">
    <ele>329.97</ele>
   </trkpt>
   <trkpt lat="49.55082" lon="8.932870000000001">
    <ele>328.64000000000004</ele>
   </trkpt>
   <trkpt lat="49.55077000000001" lon="8.93261">
    <ele>328.64000000000004</ele>
   </trkpt>
   <trkpt lat="49.550670000000004" lon="8.93228">
    <ele>327.35</ele>
   </trkpt>
   <trkpt lat="49.550540000000005" lon="8.932020000000001">
    <ele>326.71</ele>
   </trkpt>
   <trkpt lat="49.55051" lon="8.93201">
    <ele>326.71</ele>
   </trkpt>
   <trkpt lat="49.550520000000006" lon="8.93199">
    <ele>326.28000000000003</ele>
   </trkpt>
   <trkpt lat="49.55046" lon="8.931890000000001">
    <ele>325.49</ele>
   </trkpt>
   <trkpt lat="49.54981000262499" lon="8.931129990046772">
    <ele>322.05</ele>
   </trkpt>
   <trkpt lat="49.54916" lon="8.93037">
    <ele>317.75</ele>
   </trkpt>
   <trkpt lat="49.54887" lon="8.93011">
    <ele>316.52000000000004</ele>
   </trkpt>
   <trkpt lat="49.54876" lon="8.93007">
    <ele>315.8</ele>
   </trkpt>
   <trkpt lat="49.54858" lon="8.930050000000001">
    <ele>314.70000000000005</ele>
   </trkpt>
   <trkpt lat="49.54836" lon="8.93012">
    <ele>314.15000000000003</ele>
   </trkpt>
   <trkpt lat="49.54787" lon="8.930340000000001">
    <ele>312.05000000000007</ele>
   </trkpt>
   <trkpt lat="49.54778" lon="8.93031">
    <ele>310.35</ele>
   </trkpt>
   <trkpt lat="49.54768000000001" lon="8.93023">
    <ele>310.35</ele>
   </trkpt>
   <trkpt lat="49.54757000000001" lon="8.93007">
    <ele>310.35</ele>
   </trkpt>
   <trkpt lat="49.54751" lon="8.92993">
    <ele>308.50000000000006</ele>
   </trkpt>
   <trkpt lat="49.547250000000005" lon="8.92885">
    <ele>305.52</ele>
   </trkpt>
   <trkpt lat="49.54717" lon="8.92866">
    <ele>304.35</ele>
   </trkpt>
   <trkpt lat="49.54648000150472" lon="8.928054991391916">
    <ele>299.28000000000003</ele>
   </trkpt>
   <trkpt lat="49.545790000000004" lon="8.92745">
    <ele>295.3</ele>
   </trkpt>
   <trkpt lat="49.54539500056476" lon="8.927069996872545">
    <ele>292.39000000000004</ele>
   </trkpt>
   <trkpt lat="49.545" lon="8.92669">
    <ele>291.09000000000003</ele>
   </trkpt>
   <trkpt lat="49.54478" lon="8.92651">
    <ele>288.57000000000005</ele>
   </trkpt>
   <trkpt lat="49.54406000187637" lon="8.925854990373123">
    <ele>284.90999999999997</ele>
   </trkpt>
   <trkpt lat="49.54334" lon="8.9252">
    <ele>279.18</ele>
   </trkpt>
   <trkpt lat="49.54301" lon="8.92502">
    <ele>277.97</ele>
   </trkpt>
   <trkpt lat="49.54287" lon="8.92488">
    <ele>276.84000000000003</ele>
   </trkpt>
   <trkpt lat="49.542770000000004" lon="8.92469">
    <ele>274.90000000000003</ele>
   </trkpt>
   <trkpt lat="49.54274" lon="8.92458">
    <ele>273.77</ele>
   </trkpt>
   <trkpt lat="49.5427" lon="8.92412">
    <ele>272.71</ele>
   </trkpt>
   <trkpt lat="49.542660000000005" lon="8.923860000000001">
    <ele>271.05</ele>
   </trkpt>
   <trkpt lat="49.542590000000004" lon="8.923630000000001">
    <ele>271.05</ele>
   </trkpt>
   <trkpt lat="49.542530000000006" lon="8.923490000000001">
    <ele>271.05</ele>
   </trkpt>
   <trkpt lat="49.542440000000006" lon="8.923350000000001">
    <ele>268.81000000000006</ele>
   </trkpt>
   <trkpt lat="49.542060000000006" lon="8.922880000000001">
    <ele>266.38</ele>
   </trkpt>
   <trkpt lat="49.541850000000004" lon="8.92271">
    <ele>264.62</ele>
   </trkpt>
   <trkpt lat="49.541070000000005" lon="8.922310000000001">
    <ele>262.26000000000005</ele>
   </trkpt>
   <trkpt lat="49.540820000000004" lon="8.922220000000001">
    <ele>260.06</ele>
   </trkpt>
   <trkpt lat="49.54021" lon="8.922170000000001">
    <ele>256.63</ele>
   </trkpt>
   <trkpt lat="49.54007000000001" lon="8.9221">
    <ele>256.32000000000005</ele>
   </trkpt>
   <trkpt lat="49.53979" lon="8.921840000000001">
    <ele>254.93000000000004</ele>
   </trkpt>
   <trkpt lat="49.539660000000005" lon="8.921740000000002">
    <ele>253.82000000000005</ele>
   </trkpt>
   <trkpt lat="49.53952" lon="8.92168">
    <ele>253.82000000000005</ele>
   </trkpt>
   <trkpt lat="49.53876999997157" lon="8.92174000092436">
    <ele>249.28000000000003</ele>
   </trkpt>
   <trkpt lat="49.53802" lon="8.921800000000001">
    <ele>243.69000000000003</ele>
   </trkpt>
   <trkpt lat="49.537870000000005" lon="8.92178">
    <ele>243.69000000000003</ele>
   </trkpt>
   <trkpt lat="49.53717" lon="8.92159">
    <ele>242.70000000000002</ele>
   </trkpt>
   <trkpt lat="49.53679" lon="8.92148">
    <ele>242.66</ele>
   </trkpt>
   <trkpt lat="49.53651000000001" lon="8.921330000000001">
    <ele>242.44</ele>
   </trkpt>
   <trkpt lat="49.53604500061903" lon="8.921004997022361">
    <ele>241.97000000000003</ele>
   </trkpt>
   <trkpt lat="49.53558" lon="8.92068">
    <ele>241.59000000000003</ele>
   </trkpt>
   <trkpt lat="49.53530000000001" lon="8.92042">
    <ele>240.99</ele>
   </trkpt>
   <trkpt lat="49.53473000327409" lon="8.919544989757329">
    <ele>237.35000000000002</ele>
   </trkpt>
   <trkpt lat="49.53416000000001" lon="8.91867">
    <ele>235.88</ele>
   </trkpt>
   <trkpt lat="49.53390000168715" lon="8.918029996404178">
    <ele>235.47</ele>
   </trkpt>
   <trkpt lat="49.533640000000005" lon="8.917390000000001">
    <ele>235.29000000000002</ele>
   </trkpt>
   <trkpt lat="49.53352" lon="8.91721">
    <ele>235.02</ele>
   </trkpt>
   <trkpt lat="49.53345" lon="8.91717">
    <ele>234.71000000000004</ele>
   </trkpt>
   <trkpt lat="49.533350000000006" lon="8.917150000000001">
    <ele>234.71000000000004</ele>
   </trkpt>
   <trkpt lat="49.53313000000001" lon="8.91716">
    <ele>234.20000000000002</ele>
   </trkpt>
   <trkpt lat="49.5324249999781" lon="8.917290001892498">
    <ele>232.62</ele>
   </trkpt>
   <trkpt lat="49.53172000000001" lon="8.91742">
    <ele>231.31</ele>
   </trkpt>
   <trkpt lat="49.53136000000001" lon="8.91746">
    <ele>230.77000000000004</ele>
   </trkpt>
   <trkpt lat="49.530730000000005" lon="8.917300000000001">
    <ele>229.53</ele>
   </trkpt>
   <trkpt lat="49.52988750069904" lon="8.917064987845402">
    <ele>228.11</ele>
   </trkpt>
   <trkpt lat="49.529045000922125" lon="8.91682998379145">
    <ele>227.20000000000002</ele>
   </trkpt>
   <trkpt lat="49.528202500669295" lon="8.91659498783763">
    <ele>226.53</ele>
   </trkpt>
   <trkpt lat="49.52736" lon="8.916360000000001">
    <ele>226.05</ele>
   </trkpt>
   <trkpt lat="49.52678" lon="8.916160000000001">
    <ele>225.72000000000003</ele>
   </trkpt>
   <trkpt lat="49.52656" lon="8.91604">
    <ele>226.44000000000003</ele>
   </trkpt>
   <trkpt lat="49.52610500040401" lon="8.91575999743488">
    <ele>228.53</ele>
   </trkpt>
   <trkpt lat="49.525650000000006" lon="8.91548">
    <ele>231.86</ele>
   </trkpt>
   <trkpt lat="49.525120000957926" lon="8.915009994910456">
    <ele>234.01000000000002</ele>
   </trkpt>
   <trkpt lat="49.52459" lon="8.91454">
    <ele>234.69</ele>
   </trkpt>
   <trkpt lat="49.524175000525155" lon="8.914239997552917">
    <ele>235.02</ele>
   </trkpt>
   <trkpt lat="49.52376" lon="8.91394">
    <ele>234.23000000000002</ele>
   </trkpt>
   <trkpt lat="49.523250000000004" lon="8.9136">
    <ele>232.9</ele>
   </trkpt>
   <trkpt lat="49.523" lon="8.91346">
    <ele>232.41</ele>
   </trkpt>
   <trkpt lat="49.522940000000006" lon="8.91352">
    <ele>232.67000000000002</ele>
   </trkpt>
   <trkpt lat="49.522870000000005" lon="8.91352">
    <ele>232.96000000000004</ele>
   </trkpt>
   <trkpt lat="49.52232" lon="8.913300000000001">
    <ele>235.35000000000002</ele>
   </trkpt>
   <trkpt lat="49.52212" lon="8.91329">
    <ele>236.70000000000002</ele>
   </trkpt>
   <trkpt lat="49.521860000000004" lon="8.913390000000001">
    <ele>238.81000000000003</ele>
   </trkpt>
   <trkpt lat="49.52158000000001" lon="8.91356">
    <ele>241.34000000000003</ele>
   </trkpt>
   <trkpt lat="49.52147" lon="8.91365">
    <ele>242.72000000000003</ele>
   </trkpt>
   <trkpt lat="49.52127" lon="8.913870000000001">
    <ele>246.38000000000002</ele>
   </trkpt>
   <trkpt lat="49.521170000000005" lon="8.914010000000001">
    <ele>248.17000000000002</ele>
   </trkpt>
   <trkpt lat="49.521100000000004" lon="8.914050000000001">
    <ele>248.17000000000002</ele>
   </trkpt>
   <trkpt lat="49.521060000000006" lon="8.91404">
    <ele>249.63000000000002</ele>
   </trkpt>
   <trkpt lat="49.52098" lon="8.91389">
    <ele>250.53000000000003</ele>
   </trkpt>
   <trkpt lat="49.52082" lon="8.91329">
    <ele>255.08</ele>
   </trkpt>
   <trkpt lat="49.520630000000004" lon="8.912930000000001">
    <ele>255.88</ele>
   </trkpt>
   <trkpt lat="49.519940000000005" lon="8.91228">
    <ele>263.6</ele>
   </trkpt>
   <trkpt lat="49.51937000058775" lon="8.91192999595716">
    <ele>268.69000000000005</ele>
   </trkpt>
   <trkpt lat="49.518800000000006" lon="8.91158">
    <ele>271.94</ele>
   </trkpt>
   <trkpt lat="49.51836" lon="8.91136">
    <ele>274.77</ele>
   </trkpt>
   <trkpt lat="49.518170000000005" lon="8.9113">
    <ele>276.85</ele>
   </trkpt>
   <trkpt lat="49.51802000000001" lon="8.91131">
    <ele>276.85</ele>
   </trkpt>
   <trkpt lat="49.517900000000004" lon="8.9114">
    <ele>278.46000000000004</ele>
   </trkpt>
   <trkpt lat="49.51776" lon="8.9116">
    <ele>279.6</ele>
   </trkpt>
   <trkpt lat="49.51747000165614" lon="8.912205003423024">
    <ele>282.64</ele>
   </trkpt>
   <trkpt lat="49.51718" lon="8.91281">
    <ele>285.31</ele>
   </trkpt>
   <trkpt lat="49.516870000000004" lon="8.91314">
    <ele>289.56000000000006</ele>
   </trkpt>
   <trkpt lat="49.51673" lon="8.91323">
    <ele>290.83000000000004</ele>
   </trkpt>
   <trkpt lat="49.51664" lon="8.913250000000001">
    <ele>291.54</ele>
   </trkpt>
   <trkpt lat="49.516580000000005" lon="8.91322">
    <ele>291.84000000000003</ele>
   </trkpt>
   <trkpt lat="49.51652000000001" lon="8.91314">
    <ele>292.34000000000003</ele>
   </trkpt>
   <trkpt lat="49.5163" lon="8.912500000000001">
    <ele>294.90000000000003</ele>
   </trkpt>
   <trkpt lat="49.51605000000001" lon="8.91169">
    <ele>299.24</ele>
   </trkpt>
   <trkpt lat="49.515980000000006" lon="8.91155">
    <ele>300.38000000000005</ele>
   </trkpt>
   <trkpt lat="49.515890000000006" lon="8.91144">
    <ele>301.71000000000004</ele>
   </trkpt>
   <trkpt lat="49.51577" lon="8.91135">
    <ele>302.29</ele>
   </trkpt>
   <trkpt lat="49.515620000000006" lon="8.911290000000001">
    <ele>303.57</ele>
   </trkpt>
   <trkpt lat="49.51534" lon="8.911240000000001">
    <ele>305.00000000000006</ele>
   </trkpt>
   <trkpt lat="49.51482000000001" lon="8.911240000000001">
    <ele>309.45</ele>
   </trkpt>
   <trkpt lat="49.51427" lon="8.9113">
    <ele>313.28</ele>
   </trkpt>
   <trkpt lat="49.513640000570966" lon="8.911610003915737">
    <ele>321.28000000000003</ele>
   </trkpt>
   <trkpt lat="49.51301" lon="8.91192">
    <ele>325.24</ele>
   </trkpt>
   <trkpt lat="49.51279" lon="8.911940000000001">
    <ele>326.74</ele>
   </trkpt>
   <trkpt lat="49.512370000000004" lon="8.91188">
    <ele>330.54</ele>
   </trkpt>
   <trkpt lat="49.512130000000006" lon="8.91196">
    <ele>331.15</ele>
   </trkpt>
   <trkpt lat="49.51189" lon="8.912170000000001">
    <ele>332.74</ele>
   </trkpt>
   <trkpt lat="49.511810000000004" lon="8.912460000000001">
    <ele>334.07000000000005</ele>
   </trkpt>
   <trkpt lat="49.51174" lon="8.912830000000001">
    <ele>335.49</ele>
   </trkpt>
   <trkpt lat="49.51165" lon="8.914140000000002">
    <ele>341.14000000000004</ele>
   </trkpt>
   <trkpt lat="49.511540000000004" lon="8.914390000000001">
    <ele>341.14000000000004</ele>
   </trkpt>
   <trkpt lat="49.511230000000005" lon="8.914710000000001">
    <ele>343.30000000000007</ele>
   </trkpt>
   <trkpt lat="49.51099000000001" lon="8.915040000000001">
    <ele>346.24000000000007</ele>
   </trkpt>
   <trkpt lat="49.510690000000004" lon="8.915690000000001">
    <ele>348.26</ele>
   </trkpt>
   <trkpt lat="49.51027500552542" lon="8.916820009524441">
    <ele>351.36</ele>
   </trkpt>
   <trkpt lat="49.50986" lon="8.917950000000001">
    <ele>358.62000000000006</ele>
   </trkpt>
   <trkpt lat="49.509710000000005" lon="8.91825">
    <ele>359.62000000000006</ele>
   </trkpt>
   <trkpt lat="49.509620000000005" lon="8.91839">
    <ele>360.16</ele>
   </trkpt>
   <trkpt lat="49.509530000000005" lon="8.918460000000001">
    <ele>360.74</ele>
   </trkpt>
   <trkpt lat="49.509460000000004" lon="8.91848">
    <ele>361.36</ele>
   </trkpt>
   <trkpt lat="49.50936" lon="8.918460000000001">
    <ele>362.34000000000003</ele>
   </trkpt>
   <trkpt lat="49.509310000000006" lon="8.91843">
    <ele>363.05</ele>
   </trkpt>
   <trkpt lat="49.50891000161144" lon="8.91782499510469">
    <ele>368.61</ele>
   </trkpt>
   <trkpt lat="49.50851" lon="8.91722">
    <ele>372.92</ele>
   </trkpt>
   <trkpt lat="49.508390000000006" lon="8.916960000000001">
    <ele>372.92</ele>
   </trkpt>
   <trkpt lat="49.50813" lon="8.916300000000001">
    <ele>380.3</ele>
   </trkpt>
   <trkpt lat="49.50764" lon="8.915420000000001">
    <ele>386.48</ele>
   </trkpt>
   <trkpt lat="49.50752000000001" lon="8.915280000000001">
    <ele>387.82000000000005</ele>
   </trkpt>
   <trkpt lat="49.50741000000001" lon="8.91519">
    <ele>390.24</ele>
   </trkpt>
   <trkpt lat="49.507290000000005" lon="8.91515">
    <ele>391.13000000000005</ele>
   </trkpt>
   <trkpt lat="49.507160000000006" lon="8.91515">
    <ele>391.96000000000004</ele>
   </trkpt>
   <trkpt lat="49.50706" lon="8.915170000000002">
    <ele>393.49</ele>
   </trkpt>
   <trkpt lat="49.50688" lon="8.915280000000001">
    <ele>393.49</ele>
   </trkpt>
   <trkpt lat="49.506800000000005" lon="8.915360000000002">
    <ele>396.71</ele>
   </trkpt>
   <trkpt lat="49.50667000000001" lon="8.91553">
    <ele>396.71</ele>
   </trkpt>
   <trkpt lat="49.50620000000001" lon="8.91634">
    <ele>400.74</ele>
   </trkpt>
   <trkpt lat="49.50589" lon="8.9168">
    <ele>403.4200000000001</ele>
   </trkpt>
   <trkpt lat="49.50547500082571" lon="8.917255003932285">
    <ele>403.66</ele>
   </trkpt>
   <trkpt lat="49.50506000000001" lon="8.917710000000001">
    <ele>402.52000000000004</ele>
   </trkpt>
   <trkpt lat="49.50482" lon="8.91792">
    <ele>401.91</ele>
   </trkpt>
   <trkpt lat="49.504400000000004" lon="8.91843">
    <ele>400.26000000000005</ele>
   </trkpt>
   <trkpt lat="49.50406" lon="8.91871">
    <ele>398.88</ele>
   </trkpt>
   <trkpt lat="49.503870000000006" lon="8.918790000000001">
    <ele>398.65000000000003</ele>
   </trkpt>
   <trkpt lat="49.50367000000001" lon="8.918800000000001">
    <ele>398.70000000000005</ele>
   </trkpt>
   <trkpt lat="49.5035" lon="8.91878">
    <ele>398.91</ele>
   </trkpt>
   <trkpt lat="49.50285500021026" lon="8.918534996752012">
    <ele>401.24</ele>
   </trkpt>
   <trkpt lat="49.502210000000005" lon="8.91829">
    <ele>403.4200000000001</ele>
   </trkpt>
   <trkpt lat="49.50177000000001" lon="8.91815">
    <ele>402.71</ele>
   </trkpt>
   <trkpt lat="49.50146" lon="8.91807">
    <ele>402.4200000000001</ele>
   </trkpt>
   <trkpt lat="49.501090000000005" lon="8.91801">
    <ele>402.93</ele>
   </trkpt>
   <trkpt lat="49.50043" lon="8.91802">
    <ele>405.21</ele>
   </trkpt>
   <trkpt lat="49.50021" lon="8.91796">
    <ele>404.91</ele>
   </trkpt>
   <trkpt lat="49.49983" lon="8.917800000000002">
    <ele>405.12</ele>
   </trkpt>
   <trkpt lat="49.49980000000001" lon="8.917760000000001">
    <ele>405.12</ele>
   </trkpt>
   <trkpt lat="49.49963" lon="8.917800000000002">
    <ele>406.28000000000003</ele>
   </trkpt>
   <trkpt lat="49.49931" lon="8.917810000000001">
    <ele>409.34000000000003</ele>
   </trkpt>
   <trkpt lat="49.499300000000005" lon="8.91844">
    <ele>414.25</ele>
   </trkpt>
   <trkpt lat="49.499230000000004" lon="8.91839">
    <ele>413.73</ele>
   </trkpt>
   <trkpt lat="49.499140000000004" lon="8.91838">
    <ele>413.55</ele>
   </trkpt>
   <trkpt lat="49.49911" lon="8.91838">
    <ele>413.01000000000005</ele>
   </trkpt>
   <trkpt lat="49.49902" lon="8.918460000000001">
    <ele>412.81</ele>
   </trkpt>
   <trkpt lat="49.49859000000001" lon="8.91928">
    <ele>406.88</ele>
   </trkpt>
   <trkpt lat="49.498400000000004" lon="8.919490000000001">
    <ele>406.18</ele>
   </trkpt>
   <trkpt lat="49.49822" lon="8.91958">
    <ele>405.84000000000003</ele>
   </trkpt>
   <trkpt lat="49.49773500031069" lon="8.91974500156941">
    <ele>405.69000000000005</ele>
   </trkpt>
   <trkpt lat="49.49725" lon="8.919910000000002">
    <ele>405.57000000000005</ele>
   </trkpt>
   <trkpt lat="49.49705" lon="8.919970000000001">
    <ele>405.58000000000004</ele>
   </trkpt>
   <trkpt lat="49.49692" lon="8.919970000000001">
    <ele>405.58000000000004</ele>
   </trkpt>
   <trkpt lat="49.49676" lon="8.91993">
    <ele>405.91</ele>
   </trkpt>
   <trkpt lat="49.49663" lon="8.91986">
    <ele>405.91</ele>
   </trkpt>
   <trkpt lat="49.496170000000006" lon="8.91951">
    <ele>406.44</ele>
   </trkpt>
   <trkpt lat="49.496" lon="8.91934">
    <ele>406.48</ele>
   </trkpt>
   <trkpt lat="49.49593" lon="8.919260000000001">
    <ele>406.48</ele>
   </trkpt>
   <trkpt lat="49.495760000000004" lon="8.91899">
    <ele>406.57000000000005</ele>
   </trkpt>
   <trkpt lat="49.4956" lon="8.918610000000001">
    <ele>406.55</ele>
   </trkpt>
   <trkpt lat="49.495330002384286" lon="8.917854995632643">
    <ele>405.41</ele>
   </trkpt>
   <trkpt lat="49.49506" lon="8.917100000000001">
    <ele>403.57000000000005</ele>
   </trkpt>
   <trkpt lat="49.49474000000001" lon="8.916350000000001">
    <ele>400.8</ele>
   </trkpt>
   <trkpt lat="49.49441500165971" lon="8.915699995361601">
    <ele>399.68</ele>
   </trkpt>
   <trkpt lat="49.49409000000001" lon="8.91505">
    <ele>399.39</ele>
   </trkpt>
   <trkpt lat="49.49387" lon="8.91421">
    <ele>399.3</ele>
   </trkpt>
   <trkpt lat="49.493700000000004" lon="8.91388">
    <ele>399.31000000000006</ele>
   </trkpt>
   <trkpt lat="49.49356" lon="8.913670000000002">
    <ele>399.31000000000006</ele>
   </trkpt>
   <trkpt lat="49.493430000000004" lon="8.913540000000001">
    <ele>399.24</ele>
   </trkpt>
   <trkpt lat="49.49311" lon="8.91332">
    <ele>399.16</ele>
   </trkpt>
   <trkpt lat="49.492850000000004" lon="8.91327">
    <ele>398.84000000000003</ele>
   </trkpt>
   <trkpt lat="49.492315000086855" lon="8.91325499983846">
    <ele>397.53000000000003</ele>
   </trkpt>
   <trkpt lat="49.491780000000006" lon="8.91324">
    <ele>395.5</ele>
   </trkpt>
   <trkpt lat="49.4915" lon="8.91329">
    <ele>395.5</ele>
   </trkpt>
   <trkpt lat="49.491220000000006" lon="8.91341">
    <ele>393.74</ele>
   </trkpt>
   <trkpt lat="49.49091000000001" lon="8.913680000000001">
    <ele>393.74</ele>
   </trkpt>
   <trkpt lat="49.490660000000005" lon="8.91399">
    <ele>391.29</ele>
   </trkpt>
   <trkpt lat="49.490460000000006" lon="8.91437">
    <ele>391.29</ele>
   </trkpt>
   <trkpt lat="49.490140000000004" lon="8.91505">
    <ele>390.22</ele>
   </trkpt>
   <trkpt lat="49.489990000000006" lon="8.915560000000001">
    <ele>389.25000000000006</ele>
   </trkpt>
   <trkpt lat="49.48996" lon="8.915740000000001">
    <ele>389.25000000000006</ele>
   </trkpt>
   <trkpt lat="49.48993" lon="8.91623">
    <ele>387.42</ele>
   </trkpt>
   <trkpt lat="49.48997000000001" lon="8.91665">
    <ele>386.95</ele>
   </trkpt>
   <trkpt lat="49.490230000000004" lon="8.917660000000001">
    <ele>385.03000000000003</ele>
   </trkpt>
   <trkpt lat="49.49048500291653" lon="8.918479995788234">
    <ele>383.16</ele>
   </trkpt>
   <trkpt lat="49.49074" lon="8.919300000000002">
    <ele>381.94000000000005</ele>
   </trkpt>
   <trkpt lat="49.490930000000006" lon="8.920350000000001">
    <ele>380.53000000000003</ele>
   </trkpt>
   <trkpt lat="49.490990000000004" lon="8.921380000000001">
    <ele>378.88000000000005</ele>
   </trkpt>
   <trkpt lat="49.49098000000001" lon="8.921700000000001">
    <ele>378.54</ele>
   </trkpt>
   <trkpt lat="49.49096" lon="8.921840000000001">
    <ele>378.54</ele>
   </trkpt>
   <trkpt lat="49.490880000000004" lon="8.92209">
    <ele>377.64000000000004</ele>
   </trkpt>
   <trkpt lat="49.490750000000006" lon="8.922260000000001">
    <ele>377.07</ele>
   </trkpt>
   <trkpt lat="49.49067" lon="8.92233">
    <ele>375.42</ele>
   </trkpt>
   <trkpt lat="49.49058" lon="8.92238">
    <ele>375.42</ele>
   </trkpt>
   <trkpt lat="49.490480000000005" lon="8.92239">
    <ele>375.42</ele>
   </trkpt>
   <trkpt lat="49.49031" lon="8.922360000000001">
    <ele>373.86</ele>
   </trkpt>
   <trkpt lat="49.490120000000005" lon="8.92223">
    <ele>373.22</ele>
   </trkpt>
   <trkpt lat="49.48944" lon="8.921570000000001">
    <ele>369.98</ele>
   </trkpt>
   <trkpt lat="49.48898500096166" lon="8.921099995641573">
    <ele>368.4</ele>
   </trkpt>
   <trkpt lat="49.488530000000004" lon="8.920630000000001">
    <ele>366.52</ele>
   </trkpt>
   <trkpt lat="49.48841" lon="8.920530000000001">
    <ele>366.52</ele>
   </trkpt>
   <trkpt lat="49.48819" lon="8.92046">
    <ele>365.9</ele>
   </trkpt>
   <trkpt lat="49.48803" lon="8.92046">
    <ele>365.36</ele>
   </trkpt>
   <trkpt lat="49.487790000000004" lon="8.92059">
    <ele>365.13</ele>
   </trkpt>
   <trkpt lat="49.48767" lon="8.92075">
    <ele>364.05</ele>
   </trkpt>
   <trkpt lat="49.48756" lon="8.921000000000001">
    <ele>363.49</ele>
   </trkpt>
   <trkpt lat="49.48741500249968" lon="8.921755002012699">
    <ele>362.7900000000001</ele>
   </trkpt>
   <trkpt lat="49.48727" lon="8.92251">
    <ele>361.61</ele>
   </trkpt>
   <trkpt lat="49.487170000000006" lon="8.9228">
    <ele>360.52</ele>
   </trkpt>
   <trkpt lat="49.48709" lon="8.9229">
    <ele>360.13</ele>
   </trkpt>
   <trkpt lat="49.48697000000001" lon="8.92298">
    <ele>359.94000000000005</ele>
   </trkpt>
   <trkpt lat="49.48682" lon="8.92295">
    <ele>359.61</ele>
   </trkpt>
   <trkpt lat="49.48662" lon="8.922730000000001">
    <ele>359.14</ele>
   </trkpt>
   <trkpt lat="49.48646" lon="8.92248">
    <ele>358.16</ele>
   </trkpt>
   <trkpt lat="49.486320000000006" lon="8.922210000000002">
    <ele>357.79</ele>
   </trkpt>
   <trkpt lat="49.48604" lon="8.92159">
    <ele>356.31</ele>
   </trkpt>
   <trkpt lat="49.48565000393339" lon="8.920639992538934">
    <ele>354.27000000000004</ele>
   </trkpt>
   <trkpt lat="49.485260000000004" lon="8.919690000000001">
    <ele>352.96000000000004</ele>
   </trkpt>
   <trkpt lat="49.48508" lon="8.91919">
    <ele>351.36</ele>
   </trkpt>
   <trkpt lat="49.48487500406836" lon="8.918219996000648">
    <ele>350.21000000000004</ele>
   </trkpt>
   <trkpt lat="49.48467" lon="8.917250000000001">
    <ele>347.58000000000004</ele>
   </trkpt>
   <trkpt lat="49.48452" lon="8.916830000000001">
    <ele>347.21000000000004</ele>
   </trkpt>
   <trkpt lat="49.48445" lon="8.916680000000001">
    <ele>347.21000000000004</ele>
   </trkpt>
   <trkpt lat="49.484320000000004" lon="8.91648">
    <ele>346.43</ele>
   </trkpt>
   <trkpt lat="49.484030000000004" lon="8.916210000000001">
    <ele>345.13000000000005</ele>
   </trkpt>
   <trkpt lat="49.483250000000005" lon="8.915750000000001">
    <ele>342.95000000000005</ele>
   </trkpt>
   <trkpt lat="49.48310000000001" lon="8.91568">
    <ele>342.69000000000005</ele>
   </trkpt>
   <trkpt lat="49.48299" lon="8.91568">
    <ele>342.69000000000005</ele>
   </trkpt>
   <trkpt lat="49.482870000000005" lon="8.91572">
    <ele>341.58000000000004</ele>
   </trkpt>
   <trkpt lat="49.4827" lon="8.9159">
    <ele>341.23</ele>
   </trkpt>
   <trkpt lat="49.48263000000001" lon="8.91606">
    <ele>340.84000000000003</ele>
   </trkpt>
   <trkpt lat="49.48222000543202" lon="8.917180009308238">
    <ele>336.13000000000005</ele>
   </trkpt>
   <trkpt lat="49.48181" lon="8.9183">
    <ele>333.03000000000003</ele>
   </trkpt>
   <trkpt lat="49.48142000000001" lon="8.91906">
    <ele>330.20000000000005</ele>
   </trkpt>
   <trkpt lat="49.48113500176281" lon="8.919695003640356">
    <ele>328.11</ele>
   </trkpt>
   <trkpt lat="49.480850000000004" lon="8.92033">
    <ele>326.94</ele>
   </trkpt>
   <trkpt lat="49.48067" lon="8.92065">
    <ele>325.86</ele>
   </trkpt>
   <trkpt lat="49.48001000000001" lon="8.92139">
    <ele>324.27</ele>
   </trkpt>
   <trkpt lat="49.47992000000001" lon="8.921470000000001">
    <ele>323.65000000000003</ele>
   </trkpt>
   <trkpt lat="49.479820000000004" lon="8.92149">
    <ele>323.65000000000003</ele>
   </trkpt>
   <trkpt lat="49.47975" lon="8.921470000000001">
    <ele>323.65000000000003</ele>
   </trkpt>
   <trkpt lat="49.479710000000004" lon="8.92144">
    <ele>323.65000000000003</ele>
   </trkpt>
   <trkpt lat="49.479690000000005" lon="8.921410000000002">
    <ele>323.59999999999997</ele>
   </trkpt>
   <trkpt lat="49.47963000000001" lon="8.921280000000001">
    <ele>322.85</ele>
   </trkpt>
   <trkpt lat="49.479620000000004" lon="8.92092">
    <ele>321.49000000000007</ele>
   </trkpt>
   <trkpt lat="49.47971500336562" lon="8.920040001448704">
    <ele>317.79</ele>
   </trkpt>
   <trkpt lat="49.47981" lon="8.919160000000002">
    <ele>313.37</ele>
   </trkpt>
   <trkpt lat="49.480000000000004" lon="8.91829">
    <ele>310.11000000000007</ele>
   </trkpt>
   <trkpt lat="49.48019000394505" lon="8.91733500363425">
    <ele>304.92</ele>
   </trkpt>
   <trkpt lat="49.480380000000004" lon="8.91638">
    <ele>300.78000000000003</ele>
   </trkpt>
   <trkpt lat="49.48037" lon="8.916080000000001">
    <ele>299.2</ele>
   </trkpt>
   <trkpt lat="49.48030000000001" lon="8.915780000000002">
    <ele>298.27000000000004</ele>
   </trkpt>
   <trkpt lat="49.48012000000001" lon="8.91544">
    <ele>294.67</ele>
   </trkpt>
   <trkpt lat="49.479655001806094" lon="8.914789993807048">
    <ele>291.83000000000004</ele>
   </trkpt>
   <trkpt lat="49.47919" lon="8.914140000000002">
    <ele>289.22</ele>
   </trkpt>
   <trkpt lat="49.478730000000006" lon="8.913440000000001">
    <ele>281.69</ele>
   </trkpt>
   <trkpt lat="49.47834" lon="8.91276">
    <ele>278.77000000000004</ele>
   </trkpt>
   <trkpt lat="49.47807" lon="8.91196">
    <ele>275.35</ele>
   </trkpt>
   <trkpt lat="49.47775000000001" lon="8.91089">
    <ele>268.66</ele>
   </trkpt>
   <trkpt lat="49.47761500218843" lon="8.910184998297789">
    <ele>265.81000000000006</ele>
   </trkpt>
   <trkpt lat="49.47748000000001" lon="8.90948">
    <ele>262.76000000000005</ele>
   </trkpt>
   <trkpt lat="49.477230000000006" lon="8.90845">
    <ele>258.02000000000004</ele>
   </trkpt>
   <trkpt lat="49.477120000000006" lon="8.90813">
    <ele>255.35000000000002</ele>
   </trkpt>
   <trkpt lat="49.476820000000004" lon="8.90752">
    <ele>252.5</ele>
   </trkpt>
   <trkpt lat="49.476530000000004" lon="8.906870000000001">
    <ele>250.60999999999999</ele>
   </trkpt>
   <trkpt lat="49.476380000000006" lon="8.90639">
    <ele>246.63000000000002</ele>
   </trkpt>
   <trkpt lat="49.476110000000006" lon="8.905610000000001">
    <ele>243.23000000000002</ele>
   </trkpt>
   <trkpt lat="49.47598000000001" lon="8.90536">
    <ele>240.56000000000003</ele>
   </trkpt>
   <trkpt lat="49.475820000000006" lon="8.90517">
    <ele>240.56000000000003</ele>
   </trkpt>
   <trkpt lat="49.47560000000001" lon="8.90498">
    <ele>237.81</ele>
   </trkpt>
   <trkpt lat="49.47507" lon="8.90475">
    <ele>235.33</ele>
   </trkpt>
   <trkpt lat="49.47484000000001" lon="8.904710000000001">
    <ele>233.52</ele>
   </trkpt>
   <trkpt lat="49.47464" lon="8.904720000000001">
    <ele>231.25</ele>
   </trkpt>
   <trkpt lat="49.474450000000004" lon="8.90479">
    <ele>230.57000000000002</ele>
   </trkpt>
   <trkpt lat="49.474140000000006" lon="8.905050000000001">
    <ele>227.78</ele>
   </trkpt>
   <trkpt lat="49.47363000000001" lon="8.905850000000001">
    <ele>222.23000000000002</ele>
   </trkpt>
   <trkpt lat="49.473510000000005" lon="8.905990000000001">
    <ele>220.98000000000002</ele>
   </trkpt>
   <trkpt lat="49.473380000000006" lon="8.90605">
    <ele>220.07000000000002</ele>
   </trkpt>
   <trkpt lat="49.473240000000004" lon="8.90604">
    <ele>218.17000000000002</ele>
   </trkpt>
   <trkpt lat="49.473110000000005" lon="8.905990000000001">
    <ele>216.47000000000003</ele>
   </trkpt>
   <trkpt lat="49.47305" lon="8.905940000000001">
    <ele>216.47000000000003</ele>
   </trkpt>
   <trkpt lat="49.47298000000001" lon="8.90586">
    <ele>215.69000000000003</ele>
   </trkpt>
   <trkpt lat="49.47294" lon="8.90577">
    <ele>214.93</ele>
   </trkpt>
   <trkpt lat="49.47288" lon="8.905420000000001">
    <ele>212.74</ele>
   </trkpt>
   <trkpt lat="49.47298000215124" lon="8.904710001602576">
    <ele>210.51000000000002</ele>
   </trkpt>
   <trkpt lat="49.47308" lon="8.904">
    <ele>205.54000000000002</ele>
   </trkpt>
   <trkpt lat="49.473180000000006" lon="8.90315">
    <ele>200.63</ele>
   </trkpt>
   <trkpt lat="49.47319" lon="8.90286">
    <ele>199.62</ele>
   </trkpt>
   <trkpt lat="49.473150000000004" lon="8.90262">
    <ele>198.18</ele>
   </trkpt>
   <trkpt lat="49.47303" lon="8.902330000000001">
    <ele>196.24</ele>
   </trkpt>
   <trkpt lat="49.472950000000004" lon="8.90221">
    <ele>195.52</ele>
   </trkpt>
   <trkpt lat="49.472820000000006" lon="8.90207">
    <ele>194.5</ele>
   </trkpt>
   <trkpt lat="49.472710000000006" lon="8.90202">
    <ele>193.86</ele>
   </trkpt>
   <trkpt lat="49.47258" lon="8.901990000000001">
    <ele>193.27</ele>
   </trkpt>
   <trkpt lat="49.47205" lon="8.90197">
    <ele>189.51000000000002</ele>
   </trkpt>
   <trkpt lat="49.47164" lon="8.90189">
    <ele>187.25000000000003</ele>
   </trkpt>
   <trkpt lat="49.471210000000006" lon="8.901720000000001">
    <ele>182.8</ele>
   </trkpt>
   <trkpt lat="49.47081000000001" lon="8.90149">
    <ele>180.68</ele>
   </trkpt>
   <trkpt lat="49.470150000000004" lon="8.90102">
    <ele>175.27</ele>
   </trkpt>
   <trkpt lat="49.46997" lon="8.900870000000001">
    <ele>173.43</ele>
   </trkpt>
   <trkpt lat="49.469750000000005" lon="8.90061">
    <ele>173.43</ele>
   </trkpt>
   <trkpt lat="49.469460000000005" lon="8.90013">
    <ele>168.81</ele>
   </trkpt>
   <trkpt lat="49.46914" lon="8.899270000000001">
    <ele>164.70000000000002</ele>
   </trkpt>
   <trkpt lat="49.46891" lon="8.89886">
    <ele>161.18</ele>
   </trkpt>
   <trkpt lat="49.468610000000005" lon="8.898570000000001">
    <ele>158.16000000000003</ele>
   </trkpt>
   <trkpt lat="49.468500000000006" lon="8.89851">
    <ele>158.16000000000003</ele>
   </trkpt>
   <trkpt lat="49.468050000037515" lon="8.898329998305758">
    <ele>155.36</ele>
   </trkpt>
   <trkpt lat="49.467600000000004" lon="8.898150000000001">
    <ele>154.94000000000003</ele>
   </trkpt>
   <trkpt lat="49.46681" lon="8.897810000000002">
    <ele>155.85000000000002</ele>
   </trkpt>
   <trkpt lat="49.46667" lon="8.89766">
    <ele>156.8</ele>
   </trkpt>
   <trkpt lat="49.46651000000001" lon="8.89741">
    <ele>156.8</ele>
   </trkpt>
   <trkpt lat="49.46632" lon="8.89705">
    <ele>158.97</ele>
   </trkpt>
   <trkpt lat="49.46627" lon="8.89675">
    <ele>159.66000000000003</ele>
   </trkpt>
   <trkpt lat="49.466100000000004" lon="8.896740000000001">
    <ele>160.07000000000002</ele>
   </trkpt>
   <trkpt lat="49.466135002553266" lon="8.89597000060238">
    <ele>162.58</ele>
   </trkpt>
   <trkpt lat="49.466170000000005" lon="8.8952">
    <ele>165.66</ele>
   </trkpt>
   <trkpt lat="49.46625" lon="8.89431">
    <ele>170.05</ele>
   </trkpt>
   <trkpt lat="49.466370000000005" lon="8.89353">
    <ele>174.59000000000003</ele>
   </trkpt>
   <trkpt lat="49.46647" lon="8.893040000000001">
    <ele>177.35</ele>
   </trkpt>
   <trkpt lat="49.466660000000005" lon="8.89239">
    <ele>180.29</ele>
   </trkpt>
   <trkpt lat="49.46700500283121" lon="8.891585005580154">
    <ele>186.42</ele>
   </trkpt>
   <trkpt lat="49.46735" lon="8.890780000000001">
    <ele>188.49</ele>
   </trkpt>
   <trkpt lat="49.467620000000004" lon="8.890220000000001">
    <ele>191.54000000000002</ele>
   </trkpt>
   <trkpt lat="49.467870000000005" lon="8.889940000000001">
    <ele>194.63000000000002</ele>
   </trkpt>
   <trkpt lat="49.468180000000004" lon="8.889700000000001">
    <ele>196.8</ele>
   </trkpt>
   <trkpt lat="49.46898500022405" lon="8.889415004727839">
    <ele>202.47</ele>
   </trkpt>
   <trkpt lat="49.46979" lon="8.889130000000002">
    <ele>206.73000000000002</ele>
   </trkpt>
   <trkpt lat="49.470020000000005" lon="8.88902">
    <ele>207.42000000000002</ele>
   </trkpt>
   <trkpt lat="49.47017" lon="8.88892">
    <ele>208.07</ele>
   </trkpt>
   <trkpt lat="49.47035" lon="8.888710000000001">
    <ele>208.66</ele>
   </trkpt>
   <trkpt lat="49.470560000000006" lon="8.888200000000001">
    <ele>209.98000000000002</ele>
   </trkpt>
   <trkpt lat="49.47075" lon="8.887820000000001">
    <ele>211.06000000000003</ele>
   </trkpt>
   <trkpt lat="49.47095" lon="8.887580000000002">
    <ele>212.58</ele>
   </trkpt>
   <trkpt lat="49.47124" lon="8.88743">
    <ele>214.65</ele>
   </trkpt>
   <trkpt lat="49.471610000000005" lon="8.8872">
    <ele>217.85000000000002</ele>
   </trkpt>
   <trkpt lat="49.47195000000001" lon="8.88687">
    <ele>220.72000000000003</ele>
   </trkpt>
   <trkpt lat="49.47233000000001" lon="8.88635">
    <ele>223.13000000000002</ele>
   </trkpt>
   <trkpt lat="49.47252" lon="8.886140000000001">
    <ele>225.29000000000002</ele>
   </trkpt>
   <trkpt lat="49.47265" lon="8.88589">
    <ele>225.29000000000002</ele>
   </trkpt>
   <trkpt lat="49.472750000000005" lon="8.88556">
    <ele>226.82000000000002</ele>
   </trkpt>
   <trkpt lat="49.472820000000006" lon="8.88527">
    <ele>228.76000000000002</ele>
   </trkpt>
   <trkpt lat="49.47288" lon="8.885110000000001">
    <ele>229.48000000000002</ele>
   </trkpt>
   <trkpt lat="49.47303" lon="8.88489">
    <ele>231.39000000000001</ele>
   </trkpt>
   <trkpt lat="49.473130000000005" lon="8.88481">
    <ele>232.10000000000002</ele>
   </trkpt>
   <trkpt lat="49.473420000000004" lon="8.88469">
    <ele>232.78</ele>
   </trkpt>
   <trkpt lat="49.473690000000005" lon="8.88447">
    <ele>236.10000000000002</ele>
   </trkpt>
   <trkpt lat="49.473850000000006" lon="8.88424">
    <ele>238.05</ele>
   </trkpt>
   <trkpt lat="49.47410000000001" lon="8.88382">
    <ele>240.15000000000003</ele>
   </trkpt>
   <trkpt lat="49.47444" lon="8.883410000000001">
    <ele>243.70000000000002</ele>
   </trkpt>
   <trkpt lat="49.474630000000005" lon="8.8831">
    <ele>244.58</ele>
   </trkpt>
   <trkpt lat="49.47500500295232" lon="8.882270006392364">
    <ele>247.53000000000003</ele>
   </trkpt>
   <trkpt lat="49.47538" lon="8.881440000000001">
    <ele>251.44</ele>
   </trkpt>
   <trkpt lat="49.47558" lon="8.88109">
    <ele>252.99000000000004</ele>
   </trkpt>
   <trkpt lat="49.475860000000004" lon="8.88054">
    <ele>254.95000000000002</ele>
   </trkpt>
   <trkpt lat="49.47616000000001" lon="8.87983">
    <ele>259.36</ele>
   </trkpt>
   <trkpt lat="49.47641000226686" lon="8.879095003932939">
    <ele>260.85</ele>
   </trkpt>
   <trkpt lat="49.47666" lon="8.87836">
    <ele>264.18</ele>
   </trkpt>
   <trkpt lat="49.47674000000001" lon="8.87805">
    <ele>265.44</ele>
   </trkpt>
   <trkpt lat="49.47684000585957" lon="8.876885002265501">
    <ele>268.97</ele>
   </trkpt>
   <trkpt lat="49.476940000000006" lon="8.875720000000001">
    <ele>273.5</ele>
   </trkpt>
   <trkpt lat="49.47701000000001" lon="8.875110000000001">
    <ele>275.02000000000004</ele>
   </trkpt>
   <trkpt lat="49.47708" lon="8.87476">
    <ele>275.52000000000004</ele>
   </trkpt>
   <trkpt lat="49.4772" lon="8.87438">
    <ele>277.69000000000005</ele>
   </trkpt>
   <trkpt lat="49.477500000000006" lon="8.87362">
    <ele>279.58</ele>
   </trkpt>
   <trkpt lat="49.478045004854074" lon="8.872565011630668">
    <ele>283.04</ele>
   </trkpt>
   <trkpt lat="49.478590000000004" lon="8.87151">
    <ele>286.17</ele>
   </trkpt>
   <trkpt lat="49.47896" lon="8.87092">
    <ele>287.22</ele>
   </trkpt>
   <trkpt lat="49.47948" lon="8.870370000000001">
    <ele>288.7</ele>
   </trkpt>
   <trkpt lat="49.47964" lon="8.870230000000001">
    <ele>289.37</ele>
   </trkpt>
   <trkpt lat="49.480290000000004" lon="8.86984">
    <ele>290.34999999999997</ele>
   </trkpt>
   <trkpt lat="49.480880000000006" lon="8.86941">
    <ele>291.89000000000004</ele>
   </trkpt>
   <trkpt lat="49.481470000514626" lon="8.869075004018809">
    <ele>293.12000000000006</ele>
   </trkpt>
   <trkpt lat="49.482060000000004" lon="8.86874">
    <ele>294.40000000000003</ele>
   </trkpt>
   <trkpt lat="49.482440000000004" lon="8.868640000000001">
    <ele>295.59000000000003</ele>
   </trkpt>
   <trkpt lat="49.48266" lon="8.86865">
    <ele>296.01000000000005</ele>
   </trkpt>
   <trkpt lat="49.483050000000006" lon="8.868630000000001">
    <ele>298.17</ele>
   </trkpt>
   <trkpt lat="49.483754999950115" lon="8.868634999927654">
    <ele>301.02</ele>
   </trkpt>
   <trkpt lat="49.484460000000006" lon="8.868640000000001">
    <ele>303.84</ele>
   </trkpt>
   <trkpt lat="49.48503" lon="8.86869">
    <ele>306.51</ele>
   </trkpt>
   <trkpt lat="49.485800000000005" lon="8.86871">
    <ele>310.3</ele>
   </trkpt>
   <trkpt lat="49.48595" lon="8.86869">
    <ele>311.01</ele>
   </trkpt>
   <trkpt lat="49.486810000000006" lon="8.868490000000001">
    <ele>317.31</ele>
   </trkpt>
   <trkpt lat="49.487210000000005" lon="8.868500000000001">
    <ele>317.31</ele>
   </trkpt>
   <trkpt lat="49.487640000000006" lon="8.868400000000001">
    <ele>320.55</ele>
   </trkpt>
   <trkpt lat="49.48783" lon="8.86829">
    <ele>323.21000000000004</ele>
   </trkpt>
   <trkpt lat="49.488150000000005" lon="8.867930000000001">
    <ele>326.32</ele>
   </trkpt>
   <trkpt lat="49.488350000000004" lon="8.86771">
    <ele>328.38</ele>
   </trkpt>
   <trkpt lat="49.488820000000004" lon="8.86735">
    <ele>334.52000000000004</ele>
   </trkpt>
   <trkpt lat="49.48906" lon="8.867090000000001">
    <ele>336.78000000000003</ele>
   </trkpt>
   <trkpt lat="49.489360000000005" lon="8.866850000000001">
    <ele>340.77000000000004</ele>
   </trkpt>
   <trkpt lat="49.489790000000006" lon="8.86654">
    <ele>344.48</ele>
   </trkpt>
   <trkpt lat="49.49006000000001" lon="8.866380000000001">
    <ele>345.41</ele>
   </trkpt>
   <trkpt lat="49.490320000000004" lon="8.866340000000001">
    <ele>347.54</ele>
   </trkpt>
   <trkpt lat="49.490320000000004" lon="8.866190000000001">
    <ele>348.56</ele>
   </trkpt>
   <trkpt lat="49.490260000000006" lon="8.86613">
    <ele>349.48</ele>
   </trkpt>
   <trkpt lat="49.490120000000005" lon="8.866090000000002">
    <ele>350.13000000000005</ele>
   </trkpt>
   <trkpt lat="49.49" lon="8.866100000000001">
    <ele>351.25</ele>
   </trkpt>
   <trkpt lat="49.489720000000005" lon="8.86618">
    <ele>354.57000000000005</ele>
   </trkpt>
   <trkpt lat="49.489450000000005" lon="8.866230000000002">
    <ele>356.65000000000003</ele>
   </trkpt>
   <trkpt lat="49.48895" lon="8.86626">
    <ele>364.12000000000006</ele>
   </trkpt>
   <trkpt lat="49.48868" lon="8.86625">
    <ele>364.12000000000006</ele>
   </trkpt>
   <trkpt lat="49.488200000000006" lon="8.866190000000001">
    <ele>372.3</ele>
   </trkpt>
   <trkpt lat="49.488130000000005" lon="8.866150000000001">
    <ele>372.3</ele>
   </trkpt>
   <trkpt lat="49.488060000000004" lon="8.866060000000001">
    <ele>374.15000000000003</ele>
   </trkpt>
   <trkpt lat="49.48799" lon="8.865920000000001">
    <ele>375.25</ele>
   </trkpt>
   <trkpt lat="49.4879" lon="8.86556">
    <ele>377.85</ele>
   </trkpt>
   <trkpt lat="49.487860000000005" lon="8.865120000000001">
    <ele>378.47</ele>
   </trkpt>
   <trkpt lat="49.487860000000005" lon="8.86392">
    <ele>386.77000000000004</ele>
   </trkpt>
   <trkpt lat="49.487840000000006" lon="8.86381">
    <ele>386.77000000000004</ele>
   </trkpt>
   <trkpt lat="49.487790000000004" lon="8.863790000000002">
    <ele>386.77000000000004</ele>
   </trkpt>
   <trkpt lat="49.48745" lon="8.86381">
    <ele>390.08000000000004</ele>
   </trkpt>
   <trkpt lat="49.487210000000005" lon="8.86374">
    <ele>393.82000000000005</ele>
   </trkpt>
   <trkpt lat="49.487080000000006" lon="8.86369">
    <ele>395.74</ele>
   </trkpt>
   <trkpt lat="49.487030000000004" lon="8.86358">
    <ele>395.86</ele>
   </trkpt>
   <trkpt lat="49.48704000000001" lon="8.86349">
    <ele>395.75000000000006</ele>
   </trkpt>
   <trkpt lat="49.48745" lon="8.86283">
    <ele>401.58000000000004</ele>
   </trkpt>
   <trkpt lat="49.48747" lon="8.86274">
    <ele>401.58000000000004</ele>
   </trkpt>
   <trkpt lat="49.48745" lon="8.862260000000001">
    <ele>406.17</ele>
   </trkpt>
   <trkpt lat="49.48742000000001" lon="8.862200000000001">
    <ele>406.11</ele>
   </trkpt>
   <trkpt lat="49.4874" lon="8.86219">
    <ele>406.11</ele>
   </trkpt>
   <trkpt lat="49.48691" lon="8.86228">
    <ele>413.87</ele>
   </trkpt>
   <trkpt lat="49.486760000000004" lon="8.86227">
    <ele>414.95000000000005</ele>
   </trkpt>
   <trkpt lat="49.486320000000006" lon="8.862160000000001">
    <ele>420.47</ele>
   </trkpt>
   <trkpt lat="49.48615" lon="8.862160000000001">
    <ele>422.53000000000003</ele>
   </trkpt>
   <trkpt lat="49.48597" lon="8.862250000000001">
    <ele>423.53000000000003</ele>
   </trkpt>
   <trkpt lat="49.48579" lon="8.862440000000001">
    <ele>426.22</ele>
   </trkpt>
   <trkpt lat="49.48572" lon="8.862440000000001">
    <ele>426.3</ele>
   </trkpt>
   <trkpt lat="49.485690000000005" lon="8.862390000000001">
    <ele>426.3</ele>
   </trkpt>
   <trkpt lat="49.4857" lon="8.86222">
    <ele>426.78000000000003</ele>
   </trkpt>
   <trkpt lat="49.48572" lon="8.86217">
    <ele>426.78000000000003</ele>
   </trkpt>
   <trkpt lat="49.48583000000001" lon="8.86204">
    <ele>427.36</ele>
   </trkpt>
   <trkpt lat="49.48594000000001" lon="8.86184">
    <ele>428.01000000000005</ele>
   </trkpt>
   <trkpt lat="49.48615" lon="8.86134">
    <ele>429.68000000000006</ele>
   </trkpt>
   <trkpt lat="49.48639000000001" lon="8.86064">
    <ele>432.88000000000005</ele>
   </trkpt>
   <trkpt lat="49.48697000000001" lon="8.859770000000001">
    <ele>436.33000000000004</ele>
   </trkpt>
   <trkpt lat="49.48711" lon="8.859530000000001">
    <ele>436.33000000000004</ele>
   </trkpt>
   <trkpt lat="49.48736" lon="8.858960000000002">
    <ele>438.88000000000005</ele>
   </trkpt>
   <trkpt lat="49.48745" lon="8.85884">
    <ele>439.1700000000001</ele>
   </trkpt>
   <trkpt lat="49.487880000000004" lon="8.85844">
    <ele>441.15000000000003</ele>
   </trkpt>
   <trkpt lat="49.488130000000005" lon="8.858130000000001">
    <ele>443.66</ele>
   </trkpt>
   <trkpt lat="49.488420000000005" lon="8.857560000000001">
    <ele>444.38000000000005</ele>
   </trkpt>
   <trkpt lat="49.48846" lon="8.8574">
    <ele>444.04</ele>
   </trkpt>
   <trkpt lat="49.48846" lon="8.85712">
    <ele>444.04</ele>
   </trkpt>
   <trkpt lat="49.48843" lon="8.856620000000001">
    <ele>442.6700000000001</ele>
   </trkpt>
   <trkpt lat="49.488240000000005" lon="8.85551">
    <ele>441.37</ele>
   </trkpt>
   <trkpt lat="49.488130000000005" lon="8.855070000000001">
    <ele>441.37</ele>
   </trkpt>
   <trkpt lat="49.48800000000001" lon="8.854700000000001">
    <ele>439.27000000000004</ele>
   </trkpt>
   <trkpt lat="49.48783" lon="8.854360000000002">
    <ele>438.36</ele>
   </trkpt>
   <trkpt lat="49.48728500240651" lon="8.853624991923306">
    <ele>436.57</ele>
   </trkpt>
   <trkpt lat="49.486740000000005" lon="8.85289">
    <ele>435.76000000000005</ele>
   </trkpt>
   <trkpt lat="49.486470000000004" lon="8.85242">
    <ele>435.14000000000004</ele>
   </trkpt>
   <trkpt lat="49.48633" lon="8.85213">
    <ele>433.58</ele>
   </trkpt>
   <trkpt lat="49.486270000000005" lon="8.851930000000001">
    <ele>432.24</ele>
   </trkpt>
   <trkpt lat="49.486230000000006" lon="8.851700000000001">
    <ele>432.24</ele>
   </trkpt>
   <trkpt lat="49.48617" lon="8.850420000000002">
    <ele>422.68000000000006</ele>
   </trkpt>
   <trkpt lat="49.48621000000001" lon="8.84988">
    <ele>417.27000000000004</ele>
   </trkpt>
   <trkpt lat="49.486270000000005" lon="8.849630000000001">
    <ele>417.27000000000004</ele>
   </trkpt>
   <trkpt lat="49.48633" lon="8.849480000000002">
    <ele>415.37</ele>
   </trkpt>
   <trkpt lat="49.48644" lon="8.84936">
    <ele>415.37</ele>
   </trkpt>
   <trkpt lat="49.486720000000005" lon="8.84915">
    <ele>409.02000000000004</ele>
   </trkpt>
   <trkpt lat="49.487080000000006" lon="8.84899">
    <ele>407.55</ele>
   </trkpt>
   <trkpt lat="49.487645000649955" lon="8.84860500443565">
    <ele>400.51000000000005</ele>
   </trkpt>
   <trkpt lat="49.48821" lon="8.848220000000001">
    <ele>392.66</ele>
   </trkpt>
   <trkpt lat="49.489050000000006" lon="8.847850000000001">
    <ele>382.52000000000004</ele>
   </trkpt>
   <trkpt lat="49.489645000251826" lon="8.847655002341307">
    <ele>376.72</ele>
   </trkpt>
   <trkpt lat="49.49024000000001" lon="8.84746">
    <ele>369.11</ele>
   </trkpt>
   <trkpt lat="49.49042000000001" lon="8.84735">
    <ele>369.11</ele>
   </trkpt>
   <trkpt lat="49.490590000000005" lon="8.84721">
    <ele>366.24</ele>
   </trkpt>
   <trkpt lat="49.490770000000005" lon="8.84693">
    <ele>363.42</ele>
   </trkpt>
   <trkpt lat="49.490880000000004" lon="8.8466">
    <ele>361.95000000000005</ele>
   </trkpt>
   <trkpt lat="49.490930000000006" lon="8.846250000000001">
    <ele>359.43</ele>
   </trkpt>
   <trkpt lat="49.490930000000006" lon="8.845740000000001">
    <ele>354.69</ele>
   </trkpt>
   <trkpt lat="49.490880000000004" lon="8.845040000000001">
    <ele>349.79</ele>
   </trkpt>
   <trkpt lat="49.49078" lon="8.84435">
    <ele>346.14</ele>
   </trkpt>
   <trkpt lat="49.490625001871585" lon="8.843679997605808">
    <ele>338.68</ele>
   </trkpt>
   <trkpt lat="49.49047" lon="8.843010000000001">
    <ele>334.84000000000003</ele>
   </trkpt>
   <trkpt lat="49.49030500195934" lon="8.842349998103337">
    <ele>331.59000000000003</ele>
   </trkpt>
   <trkpt lat="49.490140000000004" lon="8.841690000000002">
    <ele>323.06</ele>
   </trkpt>
   <trkpt lat="49.489940000000004" lon="8.84107">
    <ele>320.76000000000005</ele>
   </trkpt>
   <trkpt lat="49.48975" lon="8.840570000000001">
    <ele>317.90000000000003</ele>
   </trkpt>
   <trkpt lat="49.489450000000005" lon="8.8399">
    <ele>311.48</ele>
   </trkpt>
   <trkpt lat="49.489250000000006" lon="8.8396">
    <ele>309.61000000000007</ele>
   </trkpt>
   <trkpt lat="49.489180000000005" lon="8.83952">
    <ele>307.71000000000004</ele>
   </trkpt>
   <trkpt lat="49.48908" lon="8.839490000000001">
    <ele>306.23</ele>
   </trkpt>
   <trkpt lat="49.48872" lon="8.839490000000001">
    <ele>302.56000000000006</ele>
   </trkpt>
   <trkpt lat="49.48816" lon="8.839540000000001">
    <ele>295.53000000000003</ele>
   </trkpt>
   <trkpt lat="49.48799" lon="8.83961">
    <ele>294.57</ele>
   </trkpt>
   <trkpt lat="49.487500000000004" lon="8.839870000000001">
    <ele>290.57000000000005</ele>
   </trkpt>
   <trkpt lat="49.48742000000001" lon="8.839870000000001">
    <ele>289.97</ele>
   </trkpt>
   <trkpt lat="49.48736" lon="8.83979">
    <ele>288.90999999999997</ele>
   </trkpt>
   <trkpt lat="49.48736" lon="8.839720000000002">
    <ele>288.90999999999997</ele>
   </trkpt>
   <trkpt lat="49.4874" lon="8.839590000000001">
    <ele>288.90999999999997</ele>
   </trkpt>
   <trkpt lat="49.487730000000006" lon="8.83938">
    <ele>285.5</ele>
   </trkpt>
   <trkpt lat="49.487860000000005" lon="8.8392">
    <ele>283.8</ele>
   </trkpt>
   <trkpt lat="49.48807000000001" lon="8.838790000000001">
    <ele>279.88</ele>
   </trkpt>
   <trkpt lat="49.488200000000006" lon="8.83862">
    <ele>279.88</ele>
   </trkpt>
   <trkpt lat="49.48861" lon="8.83816">
    <ele>272.33</ele>
   </trkpt>
   <trkpt lat="49.48895" lon="8.837570000000001">
    <ele>268.24</ele>
   </trkpt>
   <trkpt lat="49.489140000000006" lon="8.83699">
    <ele>261.67</ele>
   </trkpt>
   <trkpt lat="49.48922" lon="8.83688">
    <ele>260.01</ele>
   </trkpt>
   <trkpt lat="49.48928" lon="8.83683">
    <ele>258.79</ele>
   </trkpt>
   <trkpt lat="49.48935" lon="8.836810000000002">
    <ele>258.79</ele>
   </trkpt>
   <trkpt lat="49.48944" lon="8.836820000000001">
    <ele>255.57000000000002</ele>
   </trkpt>
   <trkpt lat="49.48984000035011" lon="8.83713999731225">
    <ele>250.66</ele>
   </trkpt>
   <trkpt lat="49.49024000000001" lon="8.83746">
    <ele>245.77</ele>
   </trkpt>
   <trkpt lat="49.49078" lon="8.83802">
    <ele>235.13</ele>
   </trkpt>
   <trkpt lat="49.491110000000006" lon="8.83845">
    <ele>231.37</ele>
   </trkpt>
   <trkpt lat="49.491575000998374" lon="8.83893999530684">
    <ele>225.65</ele>
   </trkpt>
   <trkpt lat="49.49204" lon="8.83943">
    <ele>219.14000000000001</ele>
   </trkpt>
   <trkpt lat="49.49244500125373" lon="8.83999499515487">
    <ele>213.21</ele>
   </trkpt>
   <trkpt lat="49.492850000000004" lon="8.84056">
    <ele>208.37000000000003</ele>
   </trkpt>
   <trkpt lat="49.493030000000005" lon="8.8407">
    <ele>207.11</ele>
   </trkpt>
   <trkpt lat="49.49309" lon="8.840710000000001">
    <ele>206.79000000000002</ele>
   </trkpt>
   <trkpt lat="49.49298" lon="8.840380000000001">
    <ele>206.5</ele>
   </trkpt>
   <trkpt lat="49.492780002214715" lon="8.839664997119428">
    <ele>204.22</ele>
   </trkpt>
   <trkpt lat="49.492580000000004" lon="8.83895">
    <ele>203.6</ele>
   </trkpt>
   <trkpt lat="49.49217" lon="8.83774">
    <ele>201.22</ele>
   </trkpt>
   <trkpt lat="49.49208" lon="8.83732">
    <ele>200.52</ele>
   </trkpt>
   <trkpt lat="49.492000000000004" lon="8.836920000000001">
    <ele>200.06</ele>
   </trkpt>
   <trkpt lat="49.49193" lon="8.835980000000001">
    <ele>198.95000000000002</ele>
   </trkpt>
   <trkpt lat="49.49186500236598" lon="8.835239999084852">
    <ele>197.9</ele>
   </trkpt>
   <trkpt lat="49.491800000000005" lon="8.8345">
    <ele>198.84</ele>
   </trkpt>
   <trkpt lat="49.49192000000001" lon="8.8345">
    <ele>199.5</ele>
   </trkpt>
   <trkpt lat="49.49201" lon="8.83472">
    <ele>200.73000000000002</ele>
   </trkpt>
   <trkpt lat="49.49215" lon="8.83497">
    <ele>203.49</ele>
   </trkpt>
   <trkpt lat="49.492490000000004" lon="8.835360000000001">
    <ele>209.11</ele>
   </trkpt>
   <trkpt lat="49.49306000100452" lon="8.835824994644245">
    <ele>217.8</ele>
   </trkpt>
   <trkpt lat="49.49363" lon="8.83629">
    <ele>225.92000000000002</ele>
   </trkpt>
   <trkpt lat="49.494330000000005" lon="8.83675">
    <ele>235.33</ele>
   </trkpt>
   <trkpt lat="49.49497" lon="8.83713">
    <ele>242.07</ele>
   </trkpt>
   <trkpt lat="49.49519" lon="8.837290000000001">
    <ele>243.82</ele>
   </trkpt>
   <trkpt lat="49.49575" lon="8.837800000000001">
    <ele>249.68</ele>
   </trkpt>
   <trkpt lat="49.49611" lon="8.837940000000001">
    <ele>252.02</ele>
   </trkpt>
   <trkpt lat="49.49673000000001" lon="8.838040000000001">
    <ele>257.09999999999997</ele>
   </trkpt>
   <trkpt lat="49.49705" lon="8.83819">
    <ele>258.70000000000005</ele>
   </trkpt>
   <trkpt lat="49.49741" lon="8.83826">
    <ele>259.93</ele>
   </trkpt>
   <trkpt lat="49.497550000000004" lon="8.83824">
    <ele>260.45</ele>
   </trkpt>
   <trkpt lat="49.497800000000005" lon="8.83807">
    <ele>261.59000000000003</ele>
   </trkpt>
   <trkpt lat="49.497840000000004" lon="8.838000000000001">
    <ele>261.59000000000003</ele>
   </trkpt>
   <trkpt lat="49.49783000000001" lon="8.837890000000002">
    <ele>262.16</ele>
   </trkpt>
   <trkpt lat="49.497780000000006" lon="8.837860000000001">
    <ele>262.16</ele>
   </trkpt>
   <trkpt lat="49.497640000000004" lon="8.837900000000001">
    <ele>263.35</ele>
   </trkpt>
   <trkpt lat="49.497440000000005" lon="8.83792">
    <ele>264.06</ele>
   </trkpt>
   <trkpt lat="49.497330000000005" lon="8.837850000000001">
    <ele>266.78000000000003</ele>
   </trkpt>
   <trkpt lat="49.496660000000006" lon="8.837140000000002">
    <ele>273.25000000000006</ele>
   </trkpt>
   <trkpt lat="49.496410000000004" lon="8.83675">
    <ele>275.57000000000005</ele>
   </trkpt>
   <trkpt lat="49.49618" lon="8.836110000000001">
    <ele>279.67</ele>
   </trkpt>
   <trkpt lat="49.49597000000001" lon="8.83543">
    <ele>285.29</ele>
   </trkpt>
   <trkpt lat="49.49587500249598" lon="8.834669998578297">
    <ele>294.92</ele>
   </trkpt>
   <trkpt lat="49.49578" lon="8.833910000000001">
    <ele>296.27000000000004</ele>
   </trkpt>
   <trkpt lat="49.495755004480515" lon="8.832889999344195">
    <ele>303.00000000000006</ele>
   </trkpt>
   <trkpt lat="49.49573" lon="8.83187">
    <ele>308.20000000000005</ele>
   </trkpt>
   <trkpt lat="49.49565500761665" lon="8.83053999784133">
    <ele>314.26000000000005</ele>
   </trkpt>
   <trkpt lat="49.495580000000004" lon="8.829210000000002">
    <ele>318.35</ele>
   </trkpt>
   <trkpt lat="49.4956" lon="8.828330000000001">
    <ele>322.46000000000004</ele>
   </trkpt>
   <trkpt lat="49.49557" lon="8.828140000000001">
    <ele>322.99</ele>
   </trkpt>
   <trkpt lat="49.495470000000005" lon="8.82797">
    <ele>323.92</ele>
   </trkpt>
   <trkpt lat="49.49533" lon="8.82784">
    <ele>324.3</ele>
   </trkpt>
   <trkpt lat="49.495160000000006" lon="8.82774">
    <ele>325.36</ele>
   </trkpt>
   <trkpt lat="49.494960000000006" lon="8.8277">
    <ele>326.17</ele>
   </trkpt>
   <trkpt lat="49.494640000000004" lon="8.82773">
    <ele>328.46000000000004</ele>
   </trkpt>
   <trkpt lat="49.49439" lon="8.82773">
    <ele>329.54</ele>
   </trkpt>
   <trkpt lat="49.494220000000006" lon="8.82766">
    <ele>329.99</ele>
   </trkpt>
   <trkpt lat="49.494080000000004" lon="8.82755">
    <ele>329.99</ele>
   </trkpt>
   <trkpt lat="49.49376" lon="8.82717">
    <ele>331.70000000000005</ele>
   </trkpt>
   <trkpt lat="49.49362000000001" lon="8.82694">
    <ele>334.78000000000003</ele>
   </trkpt>
   <trkpt lat="49.49349" lon="8.826630000000002">
    <ele>336.38</ele>
   </trkpt>
   <trkpt lat="49.49333000000001" lon="8.826160000000002">
    <ele>337.37</ele>
   </trkpt>
   <trkpt lat="49.49288000000001" lon="8.82525">
    <ele>341.22</ele>
   </trkpt>
   <trkpt lat="49.492610000000006" lon="8.82431">
    <ele>346.14</ele>
   </trkpt>
   <trkpt lat="49.49239000000001" lon="8.82339">
    <ele>349.52000000000004</ele>
   </trkpt>
   <trkpt lat="49.492290000000004" lon="8.8229">
    <ele>351.29</ele>
   </trkpt>
   <trkpt lat="49.49228" lon="8.82267">
    <ele>352.46000000000004</ele>
   </trkpt>
   <trkpt lat="49.49230000000001" lon="8.82257">
    <ele>353.3</ele>
   </trkpt>
   <trkpt lat="49.49239000000001" lon="8.82243">
    <ele>353.79</ele>
   </trkpt>
   <trkpt lat="49.49255" lon="8.822320000000001">
    <ele>354.93</ele>
   </trkpt>
   <trkpt lat="49.492940000000004" lon="8.82211">
    <ele>356.02</ele>
   </trkpt>
   <trkpt lat="49.49338" lon="8.82191">
    <ele>359.21000000000004</ele>
   </trkpt>
   <trkpt lat="49.493700000000004" lon="8.82182">
    <ele>360.96</ele>
   </trkpt>
   <trkpt lat="49.49419" lon="8.82182">
    <ele>362.88000000000005</ele>
   </trkpt>
   <trkpt lat="49.49479" lon="8.821950000000001">
    <ele>367.4</ele>
   </trkpt>
   <trkpt lat="49.495110000000004" lon="8.82197">
    <ele>369.43</ele>
   </trkpt>
   <trkpt lat="49.49528" lon="8.821950000000001">
    <ele>370.66</ele>
   </trkpt>
   <trkpt lat="49.49551" lon="8.82188">
    <ele>371.88000000000005</ele>
   </trkpt>
   <trkpt lat="49.49557" lon="8.82184">
    <ele>372.86</ele>
   </trkpt>
   <trkpt lat="49.49562" lon="8.821760000000001">
    <ele>372.86</ele>
   </trkpt>
   <trkpt lat="49.495630000000006" lon="8.82173">
    <ele>372.86</ele>
   </trkpt>
   <trkpt lat="49.495610000000006" lon="8.82164">
    <ele>373.19</ele>
   </trkpt>
   <trkpt lat="49.49557" lon="8.82154">
    <ele>373.29</ele>
   </trkpt>
   <trkpt lat="49.49519" lon="8.821140000000002">
    <ele>374.44000000000005</ele>
   </trkpt>
   <trkpt lat="49.49508" lon="8.82099">
    <ele>375.56</ele>
   </trkpt>
   <trkpt lat="49.494580000000006" lon="8.8199">
    <ele>379.67</ele>
   </trkpt>
   <trkpt lat="49.494460000000004" lon="8.81975">
    <ele>380.45</ele>
   </trkpt>
   <trkpt lat="49.49380000000001" lon="8.81912">
    <ele>384.77000000000004</ele>
   </trkpt>
   <trkpt lat="49.49315000000001" lon="8.818750000000001">
    <ele>388.87000000000006</ele>
   </trkpt>
   <trkpt lat="49.492360000000005" lon="8.818230000000002">
    <ele>393.01</ele>
   </trkpt>
   <trkpt lat="49.49199" lon="8.81792">
    <ele>395.70000000000005</ele>
   </trkpt>
   <trkpt lat="49.491890000000005" lon="8.8178">
    <ele>395.70000000000005</ele>
   </trkpt>
   <trkpt lat="49.491710000000005" lon="8.81752">
    <ele>398.28000000000003</ele>
   </trkpt>
   <trkpt lat="49.49118000000001" lon="8.81661">
    <ele>403.91</ele>
   </trkpt>
   <trkpt lat="49.49091000000001" lon="8.81611">
    <ele>405.83000000000004</ele>
   </trkpt>
   <trkpt lat="49.490750000000006" lon="8.81578">
    <ele>406.62</ele>
   </trkpt>
   <trkpt lat="49.49065" lon="8.815610000000001">
    <ele>408.03000000000003</ele>
   </trkpt>
   <trkpt lat="49.490170000000006" lon="8.81525">
    <ele>410.86000000000007</ele>
   </trkpt>
   <trkpt lat="49.490080000000006" lon="8.815150000000001">
    <ele>411.35</ele>
   </trkpt>
   <trkpt lat="49.49002" lon="8.81499">
    <ele>411.76</ele>
   </trkpt>
   <trkpt lat="49.49" lon="8.81465">
    <ele>412.18000000000006</ele>
   </trkpt>
   <trkpt lat="49.48977000000001" lon="8.81361">
    <ele>404.58000000000004</ele>
   </trkpt>
   <trkpt lat="49.48957" lon="8.812940000000001">
    <ele>400.84000000000003</ele>
   </trkpt>
   <trkpt lat="49.48922000226435" lon="8.812209994713273">
    <ele>396.34000000000003</ele>
   </trkpt>
   <trkpt lat="49.488870000000006" lon="8.811480000000001">
    <ele>388.98</ele>
   </trkpt>
   <trkpt lat="49.48843" lon="8.81076">
    <ele>382.92</ele>
   </trkpt>
   <trkpt lat="49.488290000000006" lon="8.81057">
    <ele>381.47</ele>
   </trkpt>
   <trkpt lat="49.48771000000001" lon="8.809890000000001">
    <ele>375.13</ele>
   </trkpt>
   <trkpt lat="49.487640000000006" lon="8.80977">
    <ele>375.13</ele>
   </trkpt>
   <trkpt lat="49.48738" lon="8.809190000000001">
    <ele>369.47</ele>
   </trkpt>
   <trkpt lat="49.4872" lon="8.808860000000001">
    <ele>369.47</ele>
   </trkpt>
   <trkpt lat="49.48707" lon="8.80865">
    <ele>367.09000000000003</ele>
   </trkpt>
   <trkpt lat="49.48695000000001" lon="8.80851">
    <ele>366.39000000000004</ele>
   </trkpt>
   <trkpt lat="49.48686000000001" lon="8.80845">
    <ele>365.67</ele>
   </trkpt>
   <trkpt lat="49.486700000000006" lon="8.8084">
    <ele>364.91</ele>
   </trkpt>
   <trkpt lat="49.486180000000004" lon="8.80832">
    <ele>360.7</ele>
   </trkpt>
   <trkpt lat="49.48594000000001" lon="8.80823">
    <ele>357.90000000000003</ele>
   </trkpt>
   <trkpt lat="49.48583000000001" lon="8.80813">
    <ele>356.87</ele>
   </trkpt>
   <trkpt lat="49.48563000000001" lon="8.80784">
    <ele>354.53000000000003</ele>
   </trkpt>
   <trkpt lat="49.485580000000006" lon="8.80761">
    <ele>354.53000000000003</ele>
   </trkpt>
   <trkpt lat="49.48559" lon="8.807300000000001">
    <ele>350.94</ele>
   </trkpt>
   <trkpt lat="49.48572500240489" lon="8.806555001983805">
    <ele>346.91</ele>
   </trkpt>
   <trkpt lat="49.48586" lon="8.805810000000001">
    <ele>340.47</ele>
   </trkpt>
   <trkpt lat="49.48593" lon="8.805000000000001">
    <ele>335.31000000000006</ele>
   </trkpt>
   <trkpt lat="49.48583000000001" lon="8.804300000000001">
    <ele>331.57000000000005</ele>
   </trkpt>
   <trkpt lat="49.48586" lon="8.80366">
    <ele>327.51</ele>
   </trkpt>
   <trkpt lat="49.48583000000001" lon="8.80326">
    <ele>323.55</ele>
   </trkpt>
   <trkpt lat="49.485670000000006" lon="8.802330000000001">
    <ele>318.79</ele>
   </trkpt>
   <trkpt lat="49.485580000000006" lon="8.802010000000001">
    <ele>314.21999999999997</ele>
   </trkpt>
   <trkpt lat="49.48547000000001" lon="8.801770000000001">
    <ele>314.21999999999997</ele>
   </trkpt>
   <trkpt lat="49.485350000000004" lon="8.801590000000001">
    <ele>314.91</ele>
   </trkpt>
   <trkpt lat="49.48521" lon="8.80147">
    <ele>311.07</ele>
   </trkpt>
   <trkpt lat="49.4851" lon="8.80141">
    <ele>310.07</ele>
   </trkpt>
   <trkpt lat="49.48496" lon="8.80137">
    <ele>307.96</ele>
   </trkpt>
   <trkpt lat="49.48458" lon="8.80145">
    <ele>303.08</ele>
   </trkpt>
   <trkpt lat="49.48442000000001" lon="8.80145">
    <ele>302.1</ele>
   </trkpt>
   <trkpt lat="49.48416" lon="8.80136">
    <ele>299.49</ele>
   </trkpt>
   <trkpt lat="49.48404000000001" lon="8.80127">
    <ele>296.68</ele>
   </trkpt>
   <trkpt lat="49.483920000000005" lon="8.80108">
    <ele>295.51000000000005</ele>
   </trkpt>
   <trkpt lat="49.483560003286385" lon="8.800204993533981">
    <ele>286.96999999999997</ele>
   </trkpt>
   <trkpt lat="49.483200000000004" lon="8.799330000000001">
    <ele>280.16</ele>
   </trkpt>
   <trkpt lat="49.482820000000004" lon="8.79865">
    <ele>271.38</ele>
   </trkpt>
   <trkpt lat="49.48256000000001" lon="8.79808">
    <ele>266.26</ele>
   </trkpt>
   <trkpt lat="49.48233500292946" lon="8.797254996194228">
    <ele>258.62</ele>
   </trkpt>
   <trkpt lat="49.482110000000006" lon="8.79643">
    <ele>252.39</ele>
   </trkpt>
   <trkpt lat="49.482020000000006" lon="8.79621">
    <ele>251.69000000000003</ele>
   </trkpt>
   <trkpt lat="49.481820000000006" lon="8.79584">
    <ele>247.4</ele>
   </trkpt>
   <trkpt lat="49.481790000000004" lon="8.795720000000001">
    <ele>246.29</ele>
   </trkpt>
   <trkpt lat="49.482000000000006" lon="8.795660000000002">
    <ele>245.94000000000003</ele>
   </trkpt>
   <trkpt lat="49.48161" lon="8.79521">
    <ele>243.26000000000002</ele>
   </trkpt>
   <trkpt lat="49.48118" lon="8.79481">
    <ele>242.08</ele>
   </trkpt>
   <trkpt lat="49.48058" lon="8.794310000000001">
    <ele>241.21</ele>
   </trkpt>
   <trkpt lat="49.48033" lon="8.79414">
    <ele>240.92000000000002</ele>
   </trkpt>
   <trkpt lat="49.48001000000001" lon="8.794030000000001">
    <ele>240.53000000000003</ele>
   </trkpt>
   <trkpt lat="49.47916000000001" lon="8.793660000000001">
    <ele>239.08</ele>
   </trkpt>
   <trkpt lat="49.478660000000005" lon="8.793470000000001">
    <ele>239.98000000000002</ele>
   </trkpt>
   <trkpt lat="49.47852" lon="8.79344">
    <ele>239.8</ele>
   </trkpt>
   <trkpt lat="49.47825" lon="8.793420000000001">
    <ele>238.47</ele>
   </trkpt>
   <trkpt lat="49.47816" lon="8.79343">
    <ele>238.47</ele>
   </trkpt>
   <trkpt lat="49.478080000000006" lon="8.793460000000001">
    <ele>238.47</ele>
   </trkpt>
   <trkpt lat="49.4778" lon="8.79368">
    <ele>237.0</ele>
   </trkpt>
   <trkpt lat="49.47713" lon="8.794020000000002">
    <ele>235.42000000000002</ele>
   </trkpt>
   <trkpt lat="49.47686" lon="8.794130000000001">
    <ele>234.67000000000002</ele>
   </trkpt>
   <trkpt lat="49.476470000000006" lon="8.794210000000001">
    <ele>234.04000000000002</ele>
   </trkpt>
   <trkpt lat="49.475915000705626" lon="8.794590004249123">
    <ele>233.31</ele>
   </trkpt>
   <trkpt lat="49.47536" lon="8.794970000000001">
    <ele>233.07000000000002</ele>
   </trkpt>
   <trkpt lat="49.475190000000005" lon="8.795100000000001">
    <ele>232.82000000000002</ele>
   </trkpt>
   <trkpt lat="49.47470500016943" lon="8.795365002696903">
    <ele>232.33</ele>
   </trkpt>
   <trkpt lat="49.47422" lon="8.795630000000001">
    <ele>231.53</ele>
   </trkpt>
   <trkpt lat="49.47334000000001" lon="8.79579">
    <ele>230.63000000000002</ele>
   </trkpt>
   <trkpt lat="49.47328" lon="8.79584">
    <ele>230.63000000000002</ele>
   </trkpt>
   <trkpt lat="49.47301" lon="8.796270000000002">
    <ele>229.69</ele>
   </trkpt>
   <trkpt lat="49.472840000000005" lon="8.7965">
    <ele>229.37</ele>
   </trkpt>
   <trkpt lat="49.472730000000006" lon="8.79662">
    <ele>229.0</ele>
   </trkpt>
   <trkpt lat="49.47267" lon="8.796660000000001">
    <ele>229.0</ele>
   </trkpt>
   <trkpt lat="49.47222000000001" lon="8.796840000000001">
    <ele>227.73000000000002</ele>
   </trkpt>
   <trkpt lat="49.472" lon="8.796980000000001">
    <ele>227.73000000000002</ele>
   </trkpt>
   <trkpt lat="49.471590000000006" lon="8.797320000000001">
    <ele>227.01000000000002</ele>
   </trkpt>
   <trkpt lat="49.47142" lon="8.79751">
    <ele>226.72</ele>
   </trkpt>
   <trkpt lat="49.47119000000001" lon="8.79781">
    <ele>225.86</ele>
   </trkpt>
   <trkpt lat="49.47099000000001" lon="8.79812">
    <ele>225.24</ele>
   </trkpt>
   <trkpt lat="49.47082" lon="8.79847">
    <ele>224.83</ele>
   </trkpt>
   <trkpt lat="49.47068" lon="8.79885">
    <ele>224.58</ele>
   </trkpt>
   <trkpt lat="49.47039" lon="8.800030000000001">
    <ele>224.69000000000003</ele>
   </trkpt>
   <trkpt lat="49.470330000000004" lon="8.8">
    <ele>224.69000000000003</ele>
   </trkpt>
   <trkpt lat="49.4701" lon="8.799800000000001">
    <ele>224.39000000000001</ele>
   </trkpt>
   <trkpt lat="49.470060000000004" lon="8.799800000000001">
    <ele>224.23000000000002</ele>
   </trkpt>
   <trkpt lat="49.46965" lon="8.800130000000001">
    <ele>224.53</ele>
   </trkpt>
   <trkpt lat="49.469550000000005" lon="8.800170000000001">
    <ele>225.43</ele>
   </trkpt>
   <trkpt lat="49.46905000010724" lon="8.80031000142253">
    <ele>226.27</ele>
   </trkpt>
   <trkpt lat="49.46855000000001" lon="8.800450000000001">
    <ele>226.19000000000003</ele>
   </trkpt>
   <trkpt lat="49.46847" lon="8.800460000000001">
    <ele>226.18</ele>
   </trkpt>
   <trkpt lat="49.468410000000006" lon="8.80044">
    <ele>226.18</ele>
   </trkpt>
   <trkpt lat="49.468340000000005" lon="8.80028">
    <ele>226.08</ele>
   </trkpt>
   <trkpt lat="49.468650000000004" lon="8.79934">
    <ele>228.26000000000002</ele>
   </trkpt>
   <trkpt lat="49.468990005248436" lon="8.79824000752786">
    <ele>231.77000000000004</ele>
   </trkpt>
   <trkpt lat="49.46933000000001" lon="8.79714">
    <ele>234.48000000000002</ele>
   </trkpt>
   <trkpt lat="49.469370000000005" lon="8.79695">
    <ele>234.8</ele>
   </trkpt>
   <trkpt lat="49.469390000000004" lon="8.796660000000001">
    <ele>235.44</ele>
   </trkpt>
   <trkpt lat="49.46936" lon="8.796240000000001">
    <ele>236.34</ele>
   </trkpt>
   <trkpt lat="49.469190000000005" lon="8.7954">
    <ele>239.18000000000004</ele>
   </trkpt>
   <trkpt lat="49.469020002288524" lon="8.794679997730354">
    <ele>241.11</ele>
   </trkpt>
   <trkpt lat="49.46885" lon="8.79396">
    <ele>243.92000000000002</ele>
   </trkpt>
   <trkpt lat="49.46876" lon="8.793410000000002">
    <ele>247.12000000000003</ele>
   </trkpt>
   <trkpt lat="49.46871000231155" lon="8.792679999467532">
    <ele>248.24</ele>
   </trkpt>
   <trkpt lat="49.46866000000001" lon="8.79195">
    <ele>252.08</ele>
   </trkpt>
   <trkpt lat="49.468650000000004" lon="8.79141">
    <ele>253.01000000000002</ele>
   </trkpt>
   <trkpt lat="49.468700000000005" lon="8.790410000000001">
    <ele>253.12</ele>
   </trkpt>
   <trkpt lat="49.46881000386436" lon="8.789465001992019">
    <ele>254.8</ele>
   </trkpt>
   <trkpt lat="49.468920000000004" lon="8.78852">
    <ele>256.98</ele>
   </trkpt>
   <trkpt lat="49.46895000000001" lon="8.78786">
    <ele>259.15000000000003</ele>
   </trkpt>
   <trkpt lat="49.46893000000001" lon="8.787030000000001">
    <ele>262.32</ele>
   </trkpt>
   <trkpt lat="49.46894" lon="8.786570000000001">
    <ele>264.35</ele>
   </trkpt>
   <trkpt lat="49.46896" lon="8.786380000000001">
    <ele>265.65</ele>
   </trkpt>
   <trkpt lat="49.46915000514358" lon="8.785285004388848">
    <ele>270.40000000000003</ele>
   </trkpt>
   <trkpt lat="49.46934" lon="8.78419">
    <ele>273.15</ele>
   </trkpt>
   <trkpt lat="49.46943" lon="8.78367">
    <ele>273.69000000000005</ele>
   </trkpt>
   <trkpt lat="49.46945" lon="8.7833">
    <ele>273.65</ele>
   </trkpt>
   <trkpt lat="49.469400002392824" lon="8.782554999246761">
    <ele>273.21</ele>
   </trkpt>
   <trkpt lat="49.469350000000006" lon="8.78181">
    <ele>275.18</ele>
   </trkpt>
   <trkpt lat="49.46929" lon="8.781210000000002">
    <ele>279.04</ele>
   </trkpt>
   <trkpt lat="49.469240000000006" lon="8.7809">
    <ele>280.0</ele>
   </trkpt>
   <trkpt lat="49.46916" lon="8.78058">
    <ele>281.13000000000005</ele>
   </trkpt>
   <trkpt lat="49.46881751300822" lon="8.779577479009866">
    <ele>284.40999999999997</ele>
   </trkpt>
   <trkpt lat="49.46847501735236" lon="8.77857497203721">
    <ele>288.13</ele>
   </trkpt>
   <trkpt lat="49.46813251303264" lon="8.77757247908202">
    <ele>291.8</ele>
   </trkpt>
   <trkpt lat="49.46779" lon="8.776570000000001">
    <ele>295.00000000000006</ele>
   </trkpt>
   <trkpt lat="49.467550002722724" lon="8.775789996504855">
    <ele>299.15000000000003</ele>
   </trkpt>
   <trkpt lat="49.467310000000005" lon="8.77501">
    <ele>303.03000000000003</ele>
   </trkpt>
   <trkpt lat="49.46705000000001" lon="8.77424">
    <ele>305.37</ele>
   </trkpt>
   <trkpt lat="49.46681" lon="8.773390000000001">
    <ele>310.71000000000004</ele>
   </trkpt>
   <trkpt lat="49.46665" lon="8.772680000000001">
    <ele>312.13</ele>
   </trkpt>
   <trkpt lat="49.466460000000005" lon="8.77201">
    <ele>312.53000000000003</ele>
   </trkpt>
   <trkpt lat="49.46640000000001" lon="8.77134">
    <ele>312.76000000000005</ele>
   </trkpt>
   <trkpt lat="49.466350000000006" lon="8.77102">
    <ele>313.23</ele>
   </trkpt>
   <trkpt lat="49.46616" lon="8.770380000000001">
    <ele>315.13</ele>
   </trkpt>
   <trkpt lat="49.466120000000004" lon="8.770100000000001">
    <ele>317.45</ele>
   </trkpt>
   <trkpt lat="49.46611000000001" lon="8.76975">
    <ele>318.71999999999997</ele>
   </trkpt>
   <trkpt lat="49.46613000000001" lon="8.769440000000001">
    <ele>320.13</ele>
   </trkpt>
   <trkpt lat="49.46625" lon="8.76889">
    <ele>322.87000000000006</ele>
   </trkpt>
   <trkpt lat="49.46625" lon="8.768550000000001">
    <ele>324.19000000000005</ele>
   </trkpt>
   <trkpt lat="49.46622000000001" lon="8.76782">
    <ele>326.48</ele>
   </trkpt>
   <trkpt lat="49.46641" lon="8.76664">
    <ele>330.73</ele>
   </trkpt>
   <trkpt lat="49.46645" lon="8.766300000000001">
    <ele>330.73</ele>
   </trkpt>
   <trkpt lat="49.466460000000005" lon="8.76604">
    <ele>337.08000000000004</ele>
   </trkpt>
   <trkpt lat="49.466440000000006" lon="8.76565">
    <ele>337.08000000000004</ele>
   </trkpt>
   <trkpt lat="49.46640000000001" lon="8.76542">
    <ele>338.31000000000006</ele>
   </trkpt>
   <trkpt lat="49.46632" lon="8.76515">
    <ele>341.05</ele>
   </trkpt>
   <trkpt lat="49.46607" lon="8.76478">
    <ele>342.91</ele>
   </trkpt>
   <trkpt lat="49.46576" lon="8.76455">
    <ele>347.18000000000006</ele>
   </trkpt>
   <trkpt lat="49.46562" lon="8.764410000000002">
    <ele>347.18000000000006</ele>
   </trkpt>
   <trkpt lat="49.46535" lon="8.76408">
    <ele>350.77000000000004</ele>
   </trkpt>
   <trkpt lat="49.465230000000005" lon="8.76398">
    <ele>350.77000000000004</ele>
   </trkpt>
   <trkpt lat="49.46508000000001" lon="8.763900000000001">
    <ele>352.46999999999997</ele>
   </trkpt>
   <trkpt lat="49.464740000000006" lon="8.763760000000001">
    <ele>355.09000000000003</ele>
   </trkpt>
   <trkpt lat="49.46428" lon="8.76347">
    <ele>358.99</ele>
   </trkpt>
   <trkpt lat="49.46407000000001" lon="8.763380000000002">
    <ele>361.47</ele>
   </trkpt>
   <trkpt lat="49.463370000000005" lon="8.763250000000001">
    <ele>367.75</ele>
   </trkpt>
   <trkpt lat="49.46271" lon="8.763160000000001">
    <ele>371.91</ele>
   </trkpt>
   <trkpt lat="49.462610000000005" lon="8.76313">
    <ele>372.46</ele>
   </trkpt>
   <trkpt lat="49.462500000000006" lon="8.76304">
    <ele>374.21000000000004</ele>
   </trkpt>
   <trkpt lat="49.462450000000004" lon="8.76295">
    <ele>374.21000000000004</ele>
   </trkpt>
   <trkpt lat="49.462430000000005" lon="8.762830000000001">
    <ele>374.21000000000004</ele>
   </trkpt>
   <trkpt lat="49.46247" lon="8.76266">
    <ele>375.31</ele>
   </trkpt>
   <trkpt lat="49.4626" lon="8.76253">
    <ele>376.03000000000003</ele>
   </trkpt>
   <trkpt lat="49.46278" lon="8.762490000000001">
    <ele>376.87</ele>
   </trkpt>
   <trkpt lat="49.462990000000005" lon="8.76242">
    <ele>377.85</ele>
   </trkpt>
   <trkpt lat="49.46349000000001" lon="8.76219">
    <ele>383.83</ele>
   </trkpt>
   <trkpt lat="49.46379" lon="8.762">
    <ele>385.98</ele>
   </trkpt>
   <trkpt lat="49.464360000000006" lon="8.76148">
    <ele>391.04</ele>
   </trkpt>
   <trkpt lat="49.46455" lon="8.76135">
    <ele>392.96000000000004</ele>
   </trkpt>
   <trkpt lat="49.464740000000006" lon="8.76125">
    <ele>394.55</ele>
   </trkpt>
   <trkpt lat="49.46495" lon="8.76117">
    <ele>396.01000000000005</ele>
   </trkpt>
   <trkpt lat="49.465300000000006" lon="8.76101">
    <ele>399.3</ele>
   </trkpt>
   <trkpt lat="49.46551" lon="8.760860000000001">
    <ele>400.38</ele>
   </trkpt>
   <trkpt lat="49.4659500006844" lon="8.760480003359138">
    <ele>401.9200000000001</ele>
   </trkpt>
   <trkpt lat="49.466390000000004" lon="8.760100000000001">
    <ele>403.81000000000006</ele>
   </trkpt>
   <trkpt lat="49.466950000000004" lon="8.75942">
    <ele>409.40000000000003</ele>
   </trkpt>
   <trkpt lat="49.46723" lon="8.75924">
    <ele>411.46000000000004</ele>
   </trkpt>
   <trkpt lat="49.46748" lon="8.75905">
    <ele>411.88</ele>
   </trkpt>
   <trkpt lat="49.46791" lon="8.75863">
    <ele>414.65000000000003</ele>
   </trkpt>
   <trkpt lat="49.46801000000001" lon="8.758510000000001">
    <ele>415.68000000000006</ele>
   </trkpt>
   <trkpt lat="49.468590000000006" lon="8.757470000000001">
    <ele>419.69</ele>
   </trkpt>
   <trkpt lat="49.46873" lon="8.75712">
    <ele>420.93</ele>
   </trkpt>
   <trkpt lat="49.46889" lon="8.75665">
    <ele>423.7</ele>
   </trkpt>
   <trkpt lat="49.469240000000006" lon="8.75576">
    <ele>426.96000000000004</ele>
   </trkpt>
   <trkpt lat="49.469370000000005" lon="8.75549">
    <ele>428.74</ele>
   </trkpt>
   <trkpt lat="49.46954" lon="8.75524">
    <ele>429.48</ele>
   </trkpt>
   <trkpt lat="49.47017" lon="8.75446">
    <ele>435.66</ele>
   </trkpt>
   <trkpt lat="49.47026" lon="8.754290000000001">
    <ele>436.86</ele>
   </trkpt>
   <trkpt lat="49.47034000000001" lon="8.754040000000002">
    <ele>437.68</ele>
   </trkpt>
   <trkpt lat="49.47034000000001" lon="8.75388">
    <ele>440.16</ele>
   </trkpt>
   <trkpt lat="49.47028" lon="8.753630000000001">
    <ele>440.24</ele>
   </trkpt>
   <trkpt lat="49.469840000000005" lon="8.752550000000001">
    <ele>439.00000000000006</ele>
   </trkpt>
   <trkpt lat="49.469860000000004" lon="8.752590000000001">
    <ele>439.19</ele>
   </trkpt>
   <trkpt lat="49.46945" lon="8.75299">
    <ele>442.09000000000003</ele>
   </trkpt>
   <trkpt lat="49.46932" lon="8.753070000000001">
    <ele>443.34</ele>
   </trkpt>
   <trkpt lat="49.46923" lon="8.75308">
    <ele>445.26000000000005</ele>
   </trkpt>
   <trkpt lat="49.46914" lon="8.75305">
    <ele>445.26000000000005</ele>
   </trkpt>
   <trkpt lat="49.46902000000001" lon="8.75295">
    <ele>446.63</ele>
   </trkpt>
   <trkpt lat="49.46891" lon="8.752730000000001">
    <ele>447.48</ele>
   </trkpt>
   <trkpt lat="49.46873" lon="8.7521">
    <ele>451.75000000000006</ele>
   </trkpt>
   <trkpt lat="49.468650000000004" lon="8.751850000000001">
    <ele>453.43000000000006</ele>
   </trkpt>
   <trkpt lat="49.4684" lon="8.75141">
    <ele>455.89</ele>
   </trkpt>
   <trkpt lat="49.468300000000006" lon="8.751190000000001">
    <ele>456.8</ele>
   </trkpt>
   <trkpt lat="49.468140000000005" lon="8.75033">
    <ele>459.91</ele>
   </trkpt>
   <trkpt lat="49.46806" lon="8.75005">
    <ele>460.28000000000003</ele>
   </trkpt>
   <trkpt lat="49.46790000000001" lon="8.74975">
    <ele>461.55</ele>
   </trkpt>
   <trkpt lat="49.46779" lon="8.749600000000001">
    <ele>462.34000000000003</ele>
   </trkpt>
   <trkpt lat="49.467690000000005" lon="8.749500000000001">
    <ele>462.86</ele>
   </trkpt>
   <trkpt lat="49.46755" lon="8.749410000000001">
    <ele>462.86</ele>
   </trkpt>
   <trkpt lat="49.467420000000004" lon="8.749350000000002">
    <ele>463.63000000000005</ele>
   </trkpt>
   <trkpt lat="49.4673" lon="8.74934">
    <ele>463.63000000000005</ele>
   </trkpt>
   <trkpt lat="49.467060000000004" lon="8.74937">
    <ele>464.64000000000004</ele>
   </trkpt>
   <trkpt lat="49.46694" lon="8.749410000000001">
    <ele>465.86000000000007</ele>
   </trkpt>
   <trkpt lat="49.46665" lon="8.74957">
    <ele>466.27</ele>
   </trkpt>
   <trkpt lat="49.465920000000004" lon="8.74995">
    <ele>468.44</ele>
   </trkpt>
   <trkpt lat="49.4652900003458" lon="8.750295004527734">
    <ele>471.34000000000003</ele>
   </trkpt>
   <trkpt lat="49.46466" lon="8.75064">
    <ele>474.06</ele>
   </trkpt>
   <trkpt lat="49.463840000000005" lon="8.751190000000001">
    <ele>477.73</ele>
   </trkpt>
   <trkpt lat="49.46363" lon="8.75131">
    <ele>478.23</ele>
   </trkpt>
   <trkpt lat="49.46285" lon="8.75169">
    <ele>483.01000000000005</ele>
   </trkpt>
   <trkpt lat="49.46244" lon="8.75192">
    <ele>484.52000000000004</ele>
   </trkpt>
   <trkpt lat="49.462320000000005" lon="8.75196">
    <ele>484.52000000000004</ele>
   </trkpt>
   <trkpt lat="49.461560000000006" lon="8.752080000000001">
    <ele>488.26</ele>
   </trkpt>
   <trkpt lat="49.46106" lon="8.75219">
    <ele>491.09000000000003</ele>
   </trkpt>
   <trkpt lat="49.460570000000004" lon="8.75233">
    <ele>493.84000000000003</ele>
   </trkpt>
   <trkpt lat="49.46036" lon="8.752320000000001">
    <ele>494.55</ele>
   </trkpt>
   <trkpt lat="49.460190000000004" lon="8.752270000000001">
    <ele>495.81</ele>
   </trkpt>
   <trkpt lat="49.45998" lon="8.752170000000001">
    <ele>496.55</ele>
   </trkpt>
   <trkpt lat="49.45971" lon="8.752">
    <ele>499.04</ele>
   </trkpt>
   <trkpt lat="49.45958" lon="8.75187">
    <ele>499.49</ele>
   </trkpt>
   <trkpt lat="49.45924" lon="8.751420000000001">
    <ele>501.9100000000001</ele>
   </trkpt>
   <trkpt lat="49.459140000000005" lon="8.751320000000002">
    <ele>502.32</ele>
   </trkpt>
   <trkpt lat="49.45904" lon="8.75127">
    <ele>502.68</ele>
   </trkpt>
   <trkpt lat="49.458960000000005" lon="8.75127">
    <ele>501.49</ele>
   </trkpt>
   <trkpt lat="49.458830000000006" lon="8.751330000000001">
    <ele>501.0</ele>
   </trkpt>
   <trkpt lat="49.458740000000006" lon="8.75145">
    <ele>500.11000000000007</ele>
   </trkpt>
   <trkpt lat="49.4583" lon="8.75256">
    <ele>494.56000000000006</ele>
   </trkpt>
   <trkpt lat="49.45819" lon="8.752780000000001">
    <ele>494.56000000000006</ele>
   </trkpt>
   <trkpt lat="49.45803" lon="8.75303">
    <ele>491.77000000000004</ele>
   </trkpt>
   <trkpt lat="49.457640000000005" lon="8.753540000000001">
    <ele>489.76</ele>
   </trkpt>
   <trkpt lat="49.457390000000004" lon="8.75378">
    <ele>483.17</ele>
   </trkpt>
   <trkpt lat="49.45714" lon="8.75398">
    <ele>483.17</ele>
   </trkpt>
   <trkpt lat="49.456950000000006" lon="8.754100000000001">
    <ele>483.17</ele>
   </trkpt>
   <trkpt lat="49.45669" lon="8.75418">
    <ele>481.24000000000007</ele>
   </trkpt>
   <trkpt lat="49.45613000004738" lon="8.754215000397277">
    <ele>476.2</ele>
   </trkpt>
   <trkpt lat="49.45557" lon="8.75425">
    <ele>474.0</ele>
   </trkpt>
   <trkpt lat="49.45505500000867" lon="8.754315000684187">
    <ele>470.38</ele>
   </trkpt>
   <trkpt lat="49.45454" lon="8.754380000000001">
    <ele>467.47</ele>
   </trkpt>
   <trkpt lat="49.454370000000004" lon="8.754430000000001">
    <ele>464.58000000000004</ele>
   </trkpt>
   <trkpt lat="49.453970000000005" lon="8.754620000000001">
    <ele>464.58000000000004</ele>
   </trkpt>
   <trkpt lat="49.453790000000005" lon="8.75474">
    <ele>464.58000000000004</ele>
   </trkpt>
   <trkpt lat="49.45365" lon="8.75488">
    <ele>464.58000000000004</ele>
   </trkpt>
   <trkpt lat="49.453590000000005" lon="8.75497">
    <ele>457.12</ele>
   </trkpt>
   <trkpt lat="49.453450000000004" lon="8.75534">
    <ele>457.12</ele>
   </trkpt>
   <trkpt lat="49.45346000000001" lon="8.75563">
    <ele>457.12</ele>
   </trkpt>
   <trkpt lat="49.45351" lon="8.75595">
    <ele>457.12</ele>
   </trkpt>
   <trkpt lat="49.45378" lon="8.757200000000001">
    <ele>450.73</ele>
   </trkpt>
   <trkpt lat="49.45383" lon="8.757560000000002">
    <ele>448.31000000000006</ele>
   </trkpt>
   <trkpt lat="49.453900003330446" lon="8.758439998645631">
    <ele>444.92</ele>
   </trkpt>
   <trkpt lat="49.453970000000005" lon="8.75932">
    <ele>441.24</ele>
   </trkpt>
   <trkpt lat="49.45409" lon="8.76008">
    <ele>439.36</ele>
   </trkpt>
   <trkpt lat="49.454080000000005" lon="8.760390000000001">
    <ele>437.68</ele>
   </trkpt>
   <trkpt lat="49.45394" lon="8.76083">
    <ele>436.36</ele>
   </trkpt>
   <trkpt lat="49.45375000000001" lon="8.761370000000001">
    <ele>434.91</ele>
   </trkpt>
   <trkpt lat="49.453660000000006" lon="8.761560000000001">
    <ele>433.51000000000005</ele>
   </trkpt>
   <trkpt lat="49.453540000000004" lon="8.761700000000001">
    <ele>433.51000000000005</ele>
   </trkpt>
   <trkpt lat="49.453480000000006" lon="8.76176">
    <ele>434.15000000000003</ele>
   </trkpt>
   <trkpt lat="49.45327" lon="8.761880000000001">
    <ele>432.74</ele>
   </trkpt>
   <trkpt lat="49.45313" lon="8.76192">
    <ele>429.85</ele>
   </trkpt>
   <trkpt lat="49.45284" lon="8.76192">
    <ele>429.45000000000005</ele>
   </trkpt>
   <trkpt lat="49.452760000000005" lon="8.761880000000001">
    <ele>429.27000000000004</ele>
   </trkpt>
   <trkpt lat="49.45268" lon="8.761750000000001">
    <ele>428.87</ele>
   </trkpt>
   <trkpt lat="49.45268" lon="8.76167">
    <ele>428.59000000000003</ele>
   </trkpt>
   <trkpt lat="49.45270000000001" lon="8.761610000000001">
    <ele>428.28000000000003</ele>
   </trkpt>
   <trkpt lat="49.45279000000001" lon="8.761550000000002">
    <ele>425.91</ele>
   </trkpt>
   <trkpt lat="49.45306" lon="8.761510000000001">
    <ele>423.83000000000004</ele>
   </trkpt>
   <trkpt lat="49.453140000000005" lon="8.761470000000001">
    <ele>422.92</ele>
   </trkpt>
   <trkpt lat="49.45329" lon="8.761280000000001">
    <ele>419.03000000000003</ele>
   </trkpt>
   <trkpt lat="49.45335000000001" lon="8.761140000000001">
    <ele>419.03000000000003</ele>
   </trkpt>
   <trkpt lat="49.453390000000006" lon="8.760940000000002">
    <ele>419.03000000000003</ele>
   </trkpt>
   <trkpt lat="49.45347" lon="8.76045">
    <ele>414.54</ele>
   </trkpt>
   <trkpt lat="49.453500000000005" lon="8.760060000000001">
    <ele>414.54</ele>
   </trkpt>
   <trkpt lat="49.453305003119326" lon="8.759214996817535">
    <ele>408.7</ele>
   </trkpt>
   <trkpt lat="49.45311" lon="8.758370000000001">
    <ele>402.52000000000004</ele>
   </trkpt>
   <trkpt lat="49.452890000000004" lon="8.757660000000001">
    <ele>397.19000000000005</ele>
   </trkpt>
   <trkpt lat="49.45249000406841" lon="8.756684991971786">
    <ele>390.20000000000005</ele>
   </trkpt>
   <trkpt lat="49.452090000000005" lon="8.75571">
    <ele>385.19</ele>
   </trkpt>
   <trkpt lat="49.451930000000004" lon="8.755270000000001">
    <ele>383.21000000000004</ele>
   </trkpt>
   <trkpt lat="49.451840000000004" lon="8.75473">
    <ele>380.99000000000007</ele>
   </trkpt>
   <trkpt lat="49.451840000000004" lon="8.75418">
    <ele>377.97</ele>
   </trkpt>
   <trkpt lat="49.45187000000001" lon="8.753870000000001">
    <ele>377.34</ele>
   </trkpt>
   <trkpt lat="49.45194000000001" lon="8.75364">
    <ele>376.42</ele>
   </trkpt>
   <trkpt lat="49.45236000458298" lon="8.752913345733303">
    <ele>371.58000000000004</ele>
   </trkpt>
   <trkpt lat="49.45278000461349" lon="8.75218667901399">
    <ele>365.43</ele>
   </trkpt>
   <trkpt lat="49.4532" lon="8.751460000000002">
    <ele>360.43</ele>
   </trkpt>
   <trkpt lat="49.45327" lon="8.75126">
    <ele>359.78000000000003</ele>
   </trkpt>
   <trkpt lat="49.45328000000001" lon="8.75116">
    <ele>357.74</ele>
   </trkpt>
   <trkpt lat="49.45324" lon="8.750960000000001">
    <ele>357.74</ele>
   </trkpt>
   <trkpt lat="49.453160000000004" lon="8.750860000000001">
    <ele>356.64</ele>
   </trkpt>
   <trkpt lat="49.453050000000005" lon="8.750820000000001">
    <ele>356.64</ele>
   </trkpt>
   <trkpt lat="49.452940000000005" lon="8.75087">
    <ele>355.81</ele>
   </trkpt>
   <trkpt lat="49.452890000000004" lon="8.75093">
    <ele>355.81</ele>
   </trkpt>
   <trkpt lat="49.452740000000006" lon="8.7513">
    <ele>353.64</ele>
   </trkpt>
   <trkpt lat="49.45257" lon="8.75162">
    <ele>350.08</ele>
   </trkpt>
   <trkpt lat="49.452420000000004" lon="8.751790000000002">
    <ele>350.08</ele>
   </trkpt>
   <trkpt lat="49.451875000984714" lon="8.752270005344238">
    <ele>344.2</ele>
   </trkpt>
   <trkpt lat="49.451330000000006" lon="8.75275">
    <ele>336.61</ele>
   </trkpt>
   <trkpt lat="49.451170000000005" lon="8.75294">
    <ele>335.82</ele>
   </trkpt>
   <trkpt lat="49.45096" lon="8.75333">
    <ele>333.26</ele>
   </trkpt>
   <trkpt lat="49.45076" lon="8.75416">
    <ele>328.98</ele>
   </trkpt>
   <trkpt lat="49.450700000000005" lon="8.7543">
    <ele>328.25000000000006</ele>
   </trkpt>
   <trkpt lat="49.45062" lon="8.75439">
    <ele>327.1</ele>
   </trkpt>
   <trkpt lat="49.450540000000004" lon="8.754430000000001">
    <ele>326.39</ele>
   </trkpt>
   <trkpt lat="49.450450000000004" lon="8.754430000000001">
    <ele>326.39</ele>
   </trkpt>
   <trkpt lat="49.450300000000006" lon="8.754370000000002">
    <ele>325.18</ele>
   </trkpt>
   <trkpt lat="49.450100000000006" lon="8.75426">
    <ele>322.54</ele>
   </trkpt>
   <trkpt lat="49.44975" lon="8.75411">
    <ele>320.24</ele>
   </trkpt>
   <trkpt lat="49.44948" lon="8.75389">
    <ele>315.83</ele>
   </trkpt>
   <trkpt lat="49.44873500062504" lon="8.753539994726726">
    <ele>309.3</ele>
   </trkpt>
   <trkpt lat="49.447990000000004" lon="8.75319">
    <ele>302.9</ele>
   </trkpt>
   <trkpt lat="49.44782000000001" lon="8.753160000000001">
    <ele>300.68</ele>
   </trkpt>
   <trkpt lat="49.447610000000005" lon="8.75319">
    <ele>299.00000000000006</ele>
   </trkpt>
   <trkpt lat="49.44678000078454" lon="8.753496677059667">
    <ele>291.05</ele>
   </trkpt>
   <trkpt lat="49.4459500007582" lon="8.753803343735841">
    <ele>283.89000000000004</ele>
   </trkpt>
   <trkpt lat="49.44512" lon="8.75411">
    <ele>275.21</ele>
   </trkpt>
   <trkpt lat="49.44500000000001" lon="8.754140000000001">
    <ele>275.21</ele>
   </trkpt>
   <trkpt lat="49.44485" lon="8.754150000000001">
    <ele>274.13000000000005</ele>
   </trkpt>
   <trkpt lat="49.444700000000005" lon="8.75413">
    <ele>272.74</ele>
   </trkpt>
   <trkpt lat="49.44455000000001" lon="8.754050000000001">
    <ele>271.54</ele>
   </trkpt>
   <trkpt lat="49.444030000000005" lon="8.753670000000001">
    <ele>270.66</ele>
   </trkpt>
   <trkpt lat="49.44346" lon="8.753150000000002">
    <ele>264.75000000000006</ele>
   </trkpt>
   <trkpt lat="49.44305000000001" lon="8.75284">
    <ele>261.97</ele>
   </trkpt>
   <trkpt lat="49.44279" lon="8.752680000000002">
    <ele>258.8</ele>
   </trkpt>
   <trkpt lat="49.44201000057279" lon="8.752299993931194">
    <ele>251.66</ele>
   </trkpt>
   <trkpt lat="49.441230000000004" lon="8.75192">
    <ele>245.08</ele>
   </trkpt>
   <trkpt lat="49.44097000000001" lon="8.751840000000001">
    <ele>243.68</ele>
   </trkpt>
   <trkpt lat="49.44068000000001" lon="8.75183">
    <ele>240.68000000000004</ele>
   </trkpt>
   <trkpt lat="49.44037" lon="8.751890000000001">
    <ele>237.90000000000003</ele>
   </trkpt>
   <trkpt lat="49.44017" lon="8.751980000000001">
    <ele>236.99</ele>
   </trkpt>
   <trkpt lat="49.43967000000001" lon="8.752270000000001">
    <ele>233.67000000000002</ele>
   </trkpt>
   <trkpt lat="49.439460000000004" lon="8.752320000000001">
    <ele>231.94</ele>
   </trkpt>
   <trkpt lat="49.439220000000006" lon="8.75233">
    <ele>230.36</ele>
   </trkpt>
   <trkpt lat="49.438750000000006" lon="8.75223">
    <ele>227.98000000000002</ele>
   </trkpt>
   <trkpt lat="49.43822" lon="8.75209">
    <ele>224.73000000000002</ele>
   </trkpt>
   <trkpt lat="49.437850000000005" lon="8.75202">
    <ele>223.84</ele>
   </trkpt>
   <trkpt lat="49.437360000000005" lon="8.751980000000001">
    <ele>222.48000000000002</ele>
   </trkpt>
   <trkpt lat="49.437110000000004" lon="8.75188">
    <ele>220.15</ele>
   </trkpt>
   <trkpt lat="49.4369" lon="8.751710000000001">
    <ele>217.61</ele>
   </trkpt>
   <trkpt lat="49.43675" lon="8.75155">
    <ele>216.21</ele>
   </trkpt>
   <trkpt lat="49.43618500245541" lon="8.750804991500276">
    <ele>208.55</ele>
   </trkpt>
   <trkpt lat="49.43562000000001" lon="8.750060000000001">
    <ele>202.78</ele>
   </trkpt>
   <trkpt lat="49.43518" lon="8.74957">
    <ele>199.93</ele>
   </trkpt>
   <trkpt lat="49.43462" lon="8.74915">
    <ele>197.0</ele>
   </trkpt>
   <trkpt lat="49.43444" lon="8.74897">
    <ele>194.64000000000001</ele>
   </trkpt>
   <trkpt lat="49.43408" lon="8.74844">
    <ele>193.43</ele>
   </trkpt>
   <trkpt lat="49.43374000000001" lon="8.74788">
    <ele>189.89</ele>
   </trkpt>
   <trkpt lat="49.43343" lon="8.747480000000001">
    <ele>189.34</ele>
   </trkpt>
   <trkpt lat="49.433220000000006" lon="8.747340000000001">
    <ele>186.97000000000003</ele>
   </trkpt>
   <trkpt lat="49.43298" lon="8.747250000000001">
    <ele>185.72000000000003</ele>
   </trkpt>
   <trkpt lat="49.432790000000004" lon="8.74721">
    <ele>184.83</ele>
   </trkpt>
   <trkpt lat="49.43253000000001" lon="8.747190000000002">
    <ele>183.91000000000003</ele>
   </trkpt>
   <trkpt lat="49.432300000000005" lon="8.747200000000001">
    <ele>182.63000000000002</ele>
   </trkpt>
   <trkpt lat="49.432120000000005" lon="8.74726">
    <ele>181.61</ele>
   </trkpt>
   <trkpt lat="49.43186000000001" lon="8.747440000000001">
    <ele>180.65</ele>
   </trkpt>
   <trkpt lat="49.431260001457176" lon="8.748005006834527">
    <ele>179.00000000000003</ele>
   </trkpt>
   <trkpt lat="49.43066" lon="8.74857">
    <ele>176.13</ele>
   </trkpt>
   <trkpt lat="49.43043" lon="8.74873">
    <ele>175.55</ele>
   </trkpt>
   <trkpt lat="49.430260000000004" lon="8.74882">
    <ele>175.33</ele>
   </trkpt>
   <trkpt lat="49.429590000000005" lon="8.749080000000001">
    <ele>175.6</ele>
   </trkpt>
   <trkpt lat="49.429010000000005" lon="8.749350000000002">
    <ele>176.11</ele>
   </trkpt>
   <trkpt lat="49.42821000000001" lon="8.749550000000001">
    <ele>172.57</ele>
   </trkpt>
   <trkpt lat="49.42792000000001" lon="8.74965">
    <ele>172.23000000000002</ele>
   </trkpt>
   <trkpt lat="49.42738000000001" lon="8.74991">
    <ele>169.16</ele>
   </trkpt>
   <trkpt lat="49.426860000000005" lon="8.75026">
    <ele>166.79000000000002</ele>
   </trkpt>
   <trkpt lat="49.426410000000004" lon="8.750630000000001">
    <ele>165.13000000000002</ele>
   </trkpt>
   <trkpt lat="49.42566" lon="8.751290000000001">
    <ele>161.19</ele>
   </trkpt>
   <trkpt lat="49.425070001679934" lon="8.751910007431617">
    <ele>157.39</ele>
   </trkpt>
   <trkpt lat="49.42448" lon="8.75253">
    <ele>151.2</ele>
   </trkpt>
   <trkpt lat="49.42405" lon="8.753010000000002">
    <ele>145.52</ele>
   </trkpt>
   <trkpt lat="49.42363" lon="8.753530000000001">
    <ele>139.70000000000002</ele>
   </trkpt>
   <trkpt lat="49.423500000000004" lon="8.753620000000002">
    <ele>139.70000000000002</ele>
   </trkpt>
   <trkpt lat="49.423410000000004" lon="8.75365">
    <ele>138.70000000000002</ele>
   </trkpt>
   <trkpt lat="49.42284" lon="8.7537">
    <ele>135.39000000000001</ele>
   </trkpt>
   <trkpt lat="49.42271" lon="8.75375">
    <ele>135.39000000000001</ele>
   </trkpt>
   <trkpt lat="49.42250000000001" lon="8.753910000000001">
    <ele>133.4</ele>
   </trkpt>
   <trkpt lat="49.42235" lon="8.75408">
    <ele>132.91</ele>
   </trkpt>
   <trkpt lat="49.42224" lon="8.754240000000001">
    <ele>132.09</ele>
   </trkpt>
   <trkpt lat="49.42175" lon="8.755310000000001">
    <ele>129.79000000000002</ele>
   </trkpt>
   <trkpt lat="49.42157" lon="8.75558">
    <ele>129.43</ele>
   </trkpt>
   <trkpt lat="49.42107000000001" lon="8.756160000000001">
    <ele>127.78</ele>
   </trkpt>
   <trkpt lat="49.42098000000001" lon="8.756250000000001">
    <ele>127.12</ele>
   </trkpt>
   <trkpt lat="49.42053000022909" lon="8.756495002262836">
    <ele>126.16000000000003</ele>
   </trkpt>
   <trkpt lat="49.420080000000006" lon="8.75674">
    <ele>124.66000000000001</ele>
   </trkpt>
   <trkpt lat="49.419970000000006" lon="8.75679">
    <ele>124.66000000000001</ele>
   </trkpt>
   <trkpt lat="49.41977000000001" lon="8.75684">
    <ele>123.78000000000002</ele>
   </trkpt>
   <trkpt lat="49.41957000000001" lon="8.756860000000001">
    <ele>121.78000000000002</ele>
   </trkpt>
   <trkpt lat="49.41888" lon="8.75689">
    <ele>119.62</ele>
   </trkpt>
   <trkpt lat="49.41883000000001" lon="8.75689">
    <ele>119.49000000000001</ele>
   </trkpt>
   <trkpt lat="49.41841" lon="8.75689">
    <ele>118.19</ele>
   </trkpt>
   <trkpt lat="49.41836000000001" lon="8.756860000000001">
    <ele>118.19</ele>
   </trkpt>
   <trkpt lat="49.4183" lon="8.756770000000001">
    <ele>118.09000000000002</ele>
   </trkpt>
   <trkpt lat="49.41823" lon="8.756530000000001">
    <ele>118.06000000000002</ele>
   </trkpt>
   <trkpt lat="49.41816000000001" lon="8.75641">
    <ele>118.18</ele>
   </trkpt>
   <trkpt lat="49.41812" lon="8.75637">
    <ele>118.18</ele>
   </trkpt>
   <trkpt lat="49.418040000000005" lon="8.75636">
    <ele>118.97</ele>
   </trkpt>
   <trkpt lat="49.417770000000004" lon="8.756390000000001">
    <ele>118.48000000000002</ele>
   </trkpt>
   <trkpt lat="49.41754" lon="8.75637">
    <ele>117.87000000000002</ele>
   </trkpt>
   <trkpt lat="49.41743" lon="8.75638">
    <ele>115.60000000000001</ele>
   </trkpt>
   <trkpt lat="49.417410000000004" lon="8.75575">
    <ele>115.43</ele>
   </trkpt>
   <trkpt lat="49.41736" lon="8.75479">
    <ele>115.23</ele>
   </trkpt>
   <trkpt lat="49.41725500315995" lon="8.753934998236657">
    <ele>115.18</ele>
   </trkpt>
   <trkpt lat="49.41715000000001" lon="8.75308">
    <ele>115.24000000000001</ele>
   </trkpt>
   <trkpt lat="49.41699667467763" lon="8.752116660701322">
    <ele>115.31</ele>
   </trkpt>
   <trkpt lat="49.416843341352845" lon="8.751153327421829">
    <ele>115.13000000000001</ele>
   </trkpt>
   <trkpt lat="49.41669" lon="8.75019">
    <ele>115.26000000000002</ele>
   </trkpt>
   <trkpt lat="49.41658" lon="8.748930000000001">
    <ele>115.06</ele>
   </trkpt>
   <trkpt lat="49.416560000000004" lon="8.747630000000001">
    <ele>115.15000000000002</ele>
   </trkpt>
   <trkpt lat="49.41661500263278" lon="8.746850000737595">
    <ele>114.98</ele>
   </trkpt>
   <trkpt lat="49.41667" lon="8.746070000000001">
    <ele>114.99000000000001</ele>
   </trkpt>
   <trkpt lat="49.416790000000006" lon="8.7452">
    <ele>114.95</ele>
   </trkpt>
   <trkpt lat="49.417020014279615" lon="8.743913345370649">
    <ele>114.97</ele>
   </trkpt>
   <trkpt lat="49.417250014283695" lon="8.74262667868149">
    <ele>114.92</ele>
   </trkpt>
   <trkpt lat="49.417480000000005" lon="8.741340000000001">
    <ele>114.91000000000001</ele>
   </trkpt>
   <trkpt lat="49.4176450023123" lon="8.74061500223515">
    <ele>114.98</ele>
   </trkpt>
   <trkpt lat="49.41781" lon="8.73989">
    <ele>115.04</ele>
   </trkpt>
   <trkpt lat="49.41792" lon="8.73975">
    <ele>115.18</ele>
   </trkpt>
   <trkpt lat="49.41808" lon="8.73915">
    <ele>114.95</ele>
   </trkpt>
   <trkpt lat="49.418220000000005" lon="8.73863">
    <ele>114.96000000000001</ele>
   </trkpt>
   <trkpt lat="49.41841500190026" lon="8.737975002432927">
    <ele>115.05000000000001</ele>
   </trkpt>
   <trkpt lat="49.41861" lon="8.73732">
    <ele>115.03</ele>
   </trkpt>
   <trkpt lat="49.41889000322808" lon="8.736450005073426">
    <ele>115.13000000000001</ele>
   </trkpt>
   <trkpt lat="49.41917" lon="8.73558">
    <ele>115.48</ele>
   </trkpt>
   <trkpt lat="49.419140000000006" lon="8.73555">
    <ele>115.36</ele>
   </trkpt>
   <trkpt lat="49.41931" lon="8.735000000000001">
    <ele>115.48</ele>
   </trkpt>
   <trkpt lat="49.419470000000004" lon="8.73445">
    <ele>115.14</ele>
   </trkpt>
   <trkpt lat="49.41963000189883" lon="8.733800001805527">
    <ele>115.08000000000001</ele>
   </trkpt>
   <trkpt lat="49.419790000000006" lon="8.73315">
    <ele>114.82000000000001</ele>
   </trkpt>
   <trkpt lat="49.41993" lon="8.7325">
    <ele>114.64</ele>
   </trkpt>
   <trkpt lat="49.420030000000004" lon="8.731900000000001">
    <ele>114.7</ele>
   </trkpt>
   <trkpt lat="49.42015000000001" lon="8.731">
    <ele>114.93</ele>
   </trkpt>
   <trkpt lat="49.420170000000006" lon="8.730170000000001">
    <ele>114.99000000000001</ele>
   </trkpt>
   <trkpt lat="49.420120000000004" lon="8.729190000000001">
    <ele>115.13000000000001</ele>
   </trkpt>
   <trkpt lat="49.42005" lon="8.72837">
    <ele>115.02000000000001</ele>
   </trkpt>
   <trkpt lat="49.41996" lon="8.72757">
    <ele>114.60000000000001</ele>
   </trkpt>
   <trkpt lat="49.4198" lon="8.72666">
    <ele>114.56</ele>
   </trkpt>
   <trkpt lat="49.41962" lon="8.725950000000001">
    <ele>115.01000000000002</ele>
   </trkpt>
   <trkpt lat="49.419410000000006" lon="8.725290000000001">
    <ele>115.07000000000001</ele>
   </trkpt>
   <trkpt lat="49.419230000000006" lon="8.72494">
    <ele>115.12</ele>
   </trkpt>
   <trkpt lat="49.41906" lon="8.72465">
    <ele>115.18</ele>
   </trkpt>
   <trkpt lat="49.41841" lon="8.72375">
    <ele>115.38000000000001</ele>
   </trkpt>
   <trkpt lat="49.41816000000001" lon="8.723360000000001">
    <ele>114.77000000000001</ele>
   </trkpt>
   <trkpt lat="49.41783500155623" lon="8.722749995870169">
    <ele>114.13000000000001</ele>
   </trkpt>
   <trkpt lat="49.41751000000001" lon="8.722140000000001">
    <ele>114.04</ele>
   </trkpt>
   <trkpt lat="49.417440000000006" lon="8.72193">
    <ele>114.19000000000001</ele>
   </trkpt>
   <trkpt lat="49.41727" lon="8.72122">
    <ele>114.2</ele>
   </trkpt>
   <trkpt lat="49.417120002783456" lon="8.720419997683182">
    <ele>114.41000000000001</ele>
   </trkpt>
   <trkpt lat="49.416970000000006" lon="8.71962">
    <ele>114.61</ele>
   </trkpt>
   <trkpt lat="49.41677000000001" lon="8.71869">
    <ele>114.72</ele>
   </trkpt>
   <trkpt lat="49.416485004306374" lon="8.717689994174853">
    <ele>115.08000000000001</ele>
   </trkpt>
   <trkpt lat="49.4162" lon="8.71669">
    <ele>115.94000000000001</ele>
   </trkpt>
   <trkpt lat="49.41613" lon="8.716740000000001">
    <ele>115.94000000000001</ele>
   </trkpt>
   <trkpt lat="49.41617" lon="8.716880000000002">
    <ele>116.14</ele>
   </trkpt>
   <trkpt lat="49.41615" lon="8.7169">
    <ele>116.14</ele>
   </trkpt>
   <trkpt lat="49.41565500051379" lon="8.717230003298662">
    <ele>116.16000000000001</ele>
   </trkpt>
   <trkpt lat="49.41516000000001" lon="8.71756">
    <ele>116.06</ele>
   </trkpt>
   <trkpt lat="49.41469000000001" lon="8.717880000000001">
    <ele>115.98000000000002</ele>
   </trkpt>
   <trkpt lat="49.414570000000005" lon="8.7179">
    <ele>115.81</ele>
   </trkpt>
   <trkpt lat="49.41452" lon="8.71794">
    <ele>116.03</ele>
   </trkpt>
   <trkpt lat="49.41447" lon="8.71776">
    <ele>115.78</ele>
   </trkpt>
   <trkpt lat="49.41442000000001" lon="8.71771">
    <ele>116.25</ele>
   </trkpt>
   <trkpt lat="49.41431000000001" lon="8.71761">
    <ele>116.35000000000001</ele>
   </trkpt>
   <trkpt lat="49.41423" lon="8.71757">
    <ele>116.76</ele>
   </trkpt>
   <trkpt lat="49.414100000000005" lon="8.71753">
    <ele>117.43</ele>
   </trkpt>
   <trkpt lat="49.41405" lon="8.71747">
    <ele>117.43</ele>
   </trkpt>
   <trkpt lat="49.413940000000004" lon="8.717400000000001">
    <ele>118.05000000000001</ele>
   </trkpt>
   <trkpt lat="49.413810000000005" lon="8.71714">
    <ele>118.36</ele>
   </trkpt>
   <trkpt lat="49.41360000175188" lon="8.716499997218682">
    <ele>118.20000000000002</ele>
   </trkpt>
   <trkpt lat="49.41339000000001" lon="8.715860000000001">
    <ele>118.17</ele>
   </trkpt>
   <trkpt lat="49.4132" lon="8.715380000000001">
    <ele>119.13000000000001</ele>
   </trkpt>
   <trkpt lat="49.41315" lon="8.715190000000002">
    <ele>119.27000000000001</ele>
   </trkpt>
   <trkpt lat="49.41302" lon="8.714490000000001">
    <ele>119.01</ele>
   </trkpt>
   <trkpt lat="49.412940000000006" lon="8.71413">
    <ele>118.41000000000001</ele>
   </trkpt>
   <trkpt lat="49.412600000000005" lon="8.713140000000001">
    <ele>118.94</ele>
   </trkpt>
   <trkpt lat="49.41219" lon="8.713420000000001">
    <ele>119.57000000000001</ele>
   </trkpt>
   <trkpt lat="49.41194000254985" lon="8.712644995929402">
    <ele>119.47</ele>
   </trkpt>
   <trkpt lat="49.41169000000001" lon="8.711870000000001">
    <ele>121.15</ele>
   </trkpt>
   <trkpt lat="49.411500000000004" lon="8.71195">
    <ele>122.33000000000001</ele>
   </trkpt>
   <trkpt lat="49.41147" lon="8.71193">
    <ele>122.33000000000001</ele>
   </trkpt>
   <trkpt lat="49.411410000000004" lon="8.71188">
    <ele>122.06000000000002</ele>
   </trkpt>
   <trkpt lat="49.411170000000006" lon="8.71146">
    <ele>121.70000000000002</ele>
   </trkpt>
   <trkpt lat="49.411060000000006" lon="8.71138">
    <ele>122.8</ele>
   </trkpt>
   <trkpt lat="49.4108" lon="8.71127">
    <ele>125.01</ele>
   </trkpt>
   <trkpt lat="49.41067" lon="8.711250000000001">
    <ele>126.24000000000002</ele>
   </trkpt>
   <trkpt lat="49.410630000000005" lon="8.71138">
    <ele>126.7</ele>
   </trkpt>
   <trkpt lat="49.41062" lon="8.71148">
    <ele>126.7</ele>
   </trkpt>
   <trkpt lat="49.410650000000004" lon="8.7116">
    <ele>127.39</ele>
   </trkpt>
   <trkpt lat="49.410920000000004" lon="8.712200000000001">
    <ele>132.48000000000002</ele>
   </trkpt>
   <trkpt lat="49.41095000000001" lon="8.71231">
    <ele>132.71</ele>
   </trkpt>
   <trkpt lat="49.410940000000004" lon="8.71246">
    <ele>133.22</ele>
   </trkpt>
   <trkpt lat="49.41089" lon="8.712530000000001">
    <ele>133.22</ele>
   </trkpt>
   <trkpt lat="49.410810000000005" lon="8.71255">
    <ele>134.23000000000002</ele>
   </trkpt>
   <trkpt lat="49.41077000000001" lon="8.712530000000001">
    <ele>134.23000000000002</ele>
   </trkpt>
   <trkpt lat="49.410250000000005" lon="8.71148">
    <ele>140.14000000000001</ele>
   </trkpt>
   <trkpt lat="49.40995" lon="8.711070000000001">
    <ele>143.16</ele>
   </trkpt>
   <trkpt lat="49.409670000000006" lon="8.71058">
    <ele>147.79</ele>
   </trkpt>
   <trkpt lat="49.409560000000006" lon="8.710320000000001">
    <ele>150.01</ele>
   </trkpt>
   <trkpt lat="49.40946" lon="8.709990000000001">
    <ele>152.19000000000003</ele>
   </trkpt>
   <trkpt lat="49.409420000000004" lon="8.70993">
    <ele>152.19000000000003</ele>
   </trkpt>
   <trkpt lat="49.40937" lon="8.70992">
    <ele>152.19000000000003</ele>
   </trkpt>
   <trkpt lat="49.409420000000004" lon="8.71038">
    <ele>153.53</ele>
   </trkpt>
   <trkpt lat="49.40946" lon="8.71057">
    <ele>155.09</ele>
   </trkpt>
   <trkpt lat="49.409800000000004" lon="8.71155">
    <ele>160.98000000000002</ele>
   </trkpt>
   <trkpt lat="49.40993" lon="8.71217">
    <ele>162.84</ele>
   </trkpt>
   <trkpt lat="49.410030000000006" lon="8.71298">
    <ele>170.85</ele>
   </trkpt>
   <trkpt lat="49.41001000000001" lon="8.71306">
    <ele>170.92000000000002</ele>
   </trkpt>
   <trkpt lat="49.40999" lon="8.713090000000001">
    <ele>171.40000000000003</ele>
   </trkpt>
   <trkpt lat="49.409940000000006" lon="8.7131">
    <ele>171.40000000000003</ele>
   </trkpt>
   <trkpt lat="49.40988" lon="8.71305">
    <ele>171.97</ele>
   </trkpt>
   <trkpt lat="49.40986" lon="8.71298">
    <ele>171.97</ele>
   </trkpt>
   <trkpt lat="49.40986" lon="8.71269">
    <ele>172.69</ele>
   </trkpt>
   <trkpt lat="49.40977" lon="8.71231">
    <ele>174.02</ele>
   </trkpt>
   <trkpt lat="49.40963000000001" lon="8.71199">
    <ele>176.06000000000003</ele>
   </trkpt>
   <trkpt lat="49.40955" lon="8.7119">
    <ele>176.85</ele>
   </trkpt>
   <trkpt lat="49.409400000000005" lon="8.711770000000001">
    <ele>178.56000000000003</ele>
   </trkpt>
   <trkpt lat="49.40937" lon="8.71194">
    <ele>179.85</ele>
   </trkpt>
   <trkpt lat="49.40932" lon="8.71264">
    <ele>186.93</ele>
   </trkpt>
   <trkpt lat="49.40923" lon="8.71311">
    <ele>192.8</ele>
   </trkpt>
   <trkpt lat="49.409240000000004" lon="8.71326">
    <ele>194.10000000000002</ele>
   </trkpt>
   <trkpt lat="49.409330000000004" lon="8.71376">
    <ele>198.27000000000004</ele>
   </trkpt>
   <trkpt lat="49.409290000000006" lon="8.71378">
    <ele>198.25</ele>
   </trkpt>
   <trkpt lat="49.40927000000001" lon="8.71376">
    <ele>198.25</ele>
   </trkpt>
   <trkpt lat="49.409090000000006" lon="8.712950000000001">
    <ele>198.98000000000002</ele>
   </trkpt>
   <trkpt lat="49.40898000000001" lon="8.7125">
    <ele>198.12</ele>
   </trkpt>
   <trkpt lat="49.408930000000005" lon="8.71199">
    <ele>197.61</ele>
   </trkpt>
   <trkpt lat="49.40888" lon="8.712330000000001">
    <ele>199.39000000000001</ele>
   </trkpt>
   <trkpt lat="49.408910000000006" lon="8.71264">
    <ele>201.3</ele>
   </trkpt>
   <trkpt lat="49.40898000000001" lon="8.71298">
    <ele>202.70000000000002</ele>
   </trkpt>
   <trkpt lat="49.40899" lon="8.71364">
    <ele>205.97</ele>
   </trkpt>
   <trkpt lat="49.40918500552777" lon="8.714769995639612">
    <ele>212.28000000000003</ele>
   </trkpt>
   <trkpt lat="49.409380000000006" lon="8.715900000000001">
    <ele>220.60000000000002</ele>
   </trkpt>
   <trkpt lat="49.40941" lon="8.71658">
    <ele>223.4</ele>
   </trkpt>
   <trkpt lat="49.40941" lon="8.71657">
    <ele>223.36</ele>
   </trkpt>
   <trkpt lat="49.40941" lon="8.71662">
    <ele>223.57000000000002</ele>
   </trkpt>
   <trkpt lat="49.409380000000006" lon="8.71664">
    <ele>223.57000000000002</ele>
   </trkpt>
   <trkpt lat="49.40937" lon="8.71671">
    <ele>224.72000000000003</ele>
   </trkpt>
   <trkpt lat="49.40936000000001" lon="8.717590000000001">
    <ele>230.96</ele>
   </trkpt>
   <trkpt lat="49.40932" lon="8.71776">
    <ele>230.96</ele>
   </trkpt>
   <trkpt lat="49.409020000000005" lon="8.718620000000001">
    <ele>241.90000000000003</ele>
   </trkpt>
   <trkpt lat="49.40872" lon="8.71991">
    <ele>256.02000000000004</ele>
   </trkpt>
   <trkpt lat="49.408680000000004" lon="8.720130000000001">
    <ele>256.02000000000004</ele>
   </trkpt>
   <trkpt lat="49.408710000000006" lon="8.720730000000001">
    <ele>263.42</ele>
   </trkpt>
   <trkpt lat="49.40867" lon="8.72086">
    <ele>265.81000000000006</ele>
   </trkpt>
   <trkpt lat="49.40861" lon="8.72089">
    <ele>266.45</ele>
   </trkpt>
   <trkpt lat="49.40856" lon="8.720880000000001">
    <ele>266.74</ele>
   </trkpt>
   <trkpt lat="49.40852" lon="8.72085">
    <ele>267.0</ele>
   </trkpt>
   <trkpt lat="49.408480000000004" lon="8.72071">
    <ele>267.23</ele>
   </trkpt>
   <trkpt lat="49.40845" lon="8.720450000000001">
    <ele>268.25000000000006</ele>
   </trkpt>
   <trkpt lat="49.40843" lon="8.72006">
    <ele>269.2</ele>
   </trkpt>
   <trkpt lat="49.40845" lon="8.719180000000001">
    <ele>271.81</ele>
   </trkpt>
   <trkpt lat="49.40842000000001" lon="8.7179">
    <ele>279.11</ele>
   </trkpt>
   <trkpt lat="49.408390000000004" lon="8.71743">
    <ele>281.46000000000004</ele>
   </trkpt>
   <trkpt lat="49.408350000000006" lon="8.71725">
    <ele>281.46000000000004</ele>
   </trkpt>
   <trkpt lat="49.40816" lon="8.716790000000001">
    <ele>285.73</ele>
   </trkpt>
   <trkpt lat="49.408" lon="8.71648">
    <ele>287.58</ele>
   </trkpt>
   <trkpt lat="49.407670001072006" lon="8.715979996630178">
    <ele>291.66</ele>
   </trkpt>
   <trkpt lat="49.407340000000005" lon="8.715480000000001">
    <ele>294.29</ele>
   </trkpt>
   <trkpt lat="49.40710000000001" lon="8.715050000000002">
    <ele>298.06000000000006</ele>
   </trkpt>
   <trkpt lat="49.40692000000001" lon="8.71495">
    <ele>298.86</ele>
   </trkpt>
   <trkpt lat="49.40637" lon="8.71471">
    <ele>302.54</ele>
   </trkpt>
   <trkpt lat="49.4063" lon="8.71471">
    <ele>302.54</ele>
   </trkpt>
   <trkpt lat="49.40626" lon="8.71475">
    <ele>303.20000000000005</ele>
   </trkpt>
   <trkpt lat="49.406130000000005" lon="8.715300000000001">
    <ele>304.82000000000005</ele>
   </trkpt>
   <trkpt lat="49.40597" lon="8.71582">
    <ele>308.25</ele>
   </trkpt>
   <trkpt lat="49.40581" lon="8.71621">
    <ele>311.64000000000004</ele>
   </trkpt>
   <trkpt lat="49.4055" lon="8.716740000000001">
    <ele>315.51</ele>
   </trkpt>
   <trkpt lat="49.40522000000001" lon="8.717130000000001">
    <ele>318.52000000000004</ele>
   </trkpt>
   <trkpt lat="49.40491" lon="8.71739">
    <ele>321.71000000000004</ele>
   </trkpt>
   <trkpt lat="49.404630000000004" lon="8.7177">
    <ele>328.34000000000003</ele>
   </trkpt>
   <trkpt lat="49.40431" lon="8.71817">
    <ele>330.26000000000005</ele>
   </trkpt>
   <trkpt lat="49.40411" lon="8.7185">
    <ele>331.89</ele>
   </trkpt>
   <trkpt lat="49.40388" lon="8.718820000000001">
    <ele>335.0</ele>
   </trkpt>
   <trkpt lat="49.403400000000005" lon="8.719320000000002">
    <ele>340.54</ele>
   </trkpt>
   <trkpt lat="49.40326" lon="8.71953">
    <ele>343.41</ele>
   </trkpt>
   <trkpt lat="49.40317" lon="8.71964">
    <ele>345.05</ele>
   </trkpt>
   <trkpt lat="49.403110000000005" lon="8.719660000000001">
    <ele>346.09</ele>
   </trkpt>
   <trkpt lat="49.40306" lon="8.719650000000001">
    <ele>346.09</ele>
   </trkpt>
   <trkpt lat="49.40296000000001" lon="8.71959">
    <ele>347.33000000000004</ele>
   </trkpt>
   <trkpt lat="49.40278000000001" lon="8.71912">
    <ele>348.57000000000005</ele>
   </trkpt>
   <trkpt lat="49.40256" lon="8.718210000000001">
    <ele>352.38</ele>
   </trkpt>
   <trkpt lat="49.40234" lon="8.71715">
    <ele>357.86</ele>
   </trkpt>
   <trkpt lat="49.40225" lon="8.71653">
    <ele>361.29</ele>
   </trkpt>
   <trkpt lat="49.402170000000005" lon="8.71575">
    <ele>368.51</ele>
   </trkpt>
   <trkpt lat="49.40213000000001" lon="8.71551">
    <ele>368.51</ele>
   </trkpt>
   <trkpt lat="49.40188500448176" lon="8.714484994683291">
    <ele>376.98</ele>
   </trkpt>
   <trkpt lat="49.40164000000001" lon="8.713460000000001">
    <ele>384.25</ele>
   </trkpt>
   <trkpt lat="49.40158" lon="8.71331">
    <ele>384.25</ele>
   </trkpt>
   <trkpt lat="49.401500000000006" lon="8.713220000000002">
    <ele>386.64000000000004</ele>
   </trkpt>
   <trkpt lat="49.4014" lon="8.71319">
    <ele>386.64000000000004</ele>
   </trkpt>
   <trkpt lat="49.40135" lon="8.7132">
    <ele>388.35</ele>
   </trkpt>
   <trkpt lat="49.40119000000001" lon="8.71335">
    <ele>388.3</ele>
   </trkpt>
   <trkpt lat="49.401140000000005" lon="8.71348">
    <ele>388.68</ele>
   </trkpt>
   <trkpt lat="49.40090000000001" lon="8.71392">
    <ele>390.85</ele>
   </trkpt>
   <trkpt lat="49.40066" lon="8.714300000000001">
    <ele>393.66</ele>
   </trkpt>
   <trkpt lat="49.40044" lon="8.71456">
    <ele>395.8</ele>
   </trkpt>
   <trkpt lat="49.400130000000004" lon="8.71485">
    <ele>399.14000000000004</ele>
   </trkpt>
   <trkpt lat="49.399910000000006" lon="8.715010000000001">
    <ele>402.62</ele>
   </trkpt>
   <trkpt lat="49.39967000000001" lon="8.71512">
    <ele>405.90000000000003</ele>
   </trkpt>
   <trkpt lat="49.39887500031188" lon="8.715380004202224">
    <ele>412.40000000000003</ele>
   </trkpt>
   <trkpt lat="49.39808000000001" lon="8.71564">
    <ele>422.64</ele>
   </trkpt>
   <trkpt lat="49.397370000364845" lon="8.715860006377111">
    <ele>435.84000000000003</ele>
   </trkpt>
   <trkpt lat="49.39666000031226" lon="8.716080006393288">
    <ele>442.84</ele>
   </trkpt>
   <trkpt lat="49.395950000000006" lon="8.7163">
    <ele>454.58000000000004</ele>
   </trkpt>
   <trkpt lat="49.39555000000001" lon="8.716410000000002">
    <ele>464.68</ele>
   </trkpt>
   <trkpt lat="49.395360000000004" lon="8.71644">
    <ele>464.68</ele>
   </trkpt>
   <trkpt lat="49.395270000000004" lon="8.71649">
    <ele>464.68</ele>
   </trkpt>
   <trkpt lat="49.39522" lon="8.716550000000002">
    <ele>466.8</ele>
   </trkpt>
   <trkpt lat="49.3952" lon="8.71663">
    <ele>466.68</ele>
   </trkpt>
   <trkpt lat="49.39522" lon="8.716750000000001">
    <ele>467.31000000000006</ele>
   </trkpt>
   <trkpt lat="49.39529" lon="8.71683">
    <ele>467.82</ele>
   </trkpt>
   <trkpt lat="49.395700000000005" lon="8.7169">
    <ele>469.47</ele>
   </trkpt>
   <trkpt lat="49.395880000000005" lon="8.71695">
    <ele>470.51000000000005</ele>
   </trkpt>
   <trkpt lat="49.39644000052423" lon="8.717279996269568">
    <ele>473.86000000000007</ele>
   </trkpt>
   <trkpt lat="49.397000000000006" lon="8.71761">
    <ele>478.45000000000005</ele>
   </trkpt>
   <trkpt lat="49.39761000000001" lon="8.71813">
    <ele>486.44000000000005</ele>
   </trkpt>
   <trkpt lat="49.397920000000006" lon="8.71846">
    <ele>489.03000000000003</ele>
   </trkpt>
   <trkpt lat="49.39815" lon="8.71874">
    <ele>492.98</ele>
   </trkpt>
   <trkpt lat="49.398720000000004" lon="8.719520000000001">
    <ele>498.93</ele>
   </trkpt>
   <trkpt lat="49.399" lon="8.719990000000001">
    <ele>502.6</ele>
   </trkpt>
   <trkpt lat="49.39913000000001" lon="8.7203">
    <ele>505.27</ele>
   </trkpt>
   <trkpt lat="49.399330000000006" lon="8.720920000000001">
    <ele>508.53999999999996</ele>
   </trkpt>
   <trkpt lat="49.39941" lon="8.721290000000002">
    <ele>511.65999999999997</ele>
   </trkpt>
   <trkpt lat="49.39953500504707" lon="8.72236999740307">
    <ele>516.38</ele>
   </trkpt>
   <trkpt lat="49.399660000000004" lon="8.723450000000001">
    <ele>524.83</ele>
   </trkpt>
   <trkpt lat="49.39976" lon="8.72408">
    <ele>527.05</ele>
   </trkpt>
   <trkpt lat="49.39996000000001" lon="8.725050000000001">
    <ele>533.15</ele>
   </trkpt>
   <trkpt lat="49.400040000000004" lon="8.7253">
    <ele>537.5500000000001</ele>
   </trkpt>
   <trkpt lat="49.4003" lon="8.725900000000001">
    <ele>540.74</ele>
   </trkpt>
   <trkpt lat="49.400360000000006" lon="8.726080000000001">
    <ele>540.74</ele>
   </trkpt>
   <trkpt lat="49.4005" lon="8.72673">
    <ele>545.3100000000001</ele>
   </trkpt>
   <trkpt lat="49.40055" lon="8.726920000000002">
    <ele>547.5000000000001</ele>
   </trkpt>
   <trkpt lat="49.400690000000004" lon="8.727250000000002">
    <ele>551.24</ele>
   </trkpt>
   <trkpt lat="49.400690000000004" lon="8.727310000000001">
    <ele>551.24</ele>
   </trkpt>
   <trkpt lat="49.400870000000005" lon="8.72738">
    <ele>551.35</ele>
   </trkpt>
   <trkpt lat="49.40167" lon="8.72784">
    <ele>558.03</ele>
   </trkpt>
   <trkpt lat="49.40213000026991" lon="8.728089997658293">
    <ele>562.15</ele>
   </trkpt>
   <trkpt lat="49.402590000000004" lon="8.728340000000001">
    <ele>567.73</ele>
   </trkpt>
   <trkpt lat="49.402640000000005" lon="8.72836">
    <ele>568.13</ele>
   </trkpt>
   <trkpt lat="49.40319" lon="8.72868">
    <ele>571.7800000000001</ele>
   </trkpt>
   <trkpt lat="49.40326" lon="8.72868">
    <ele>572.01</ele>
   </trkpt>
   <trkpt lat="49.4037" lon="8.72793">
    <ele>566.4</ele>
   </trkpt>
   <trkpt lat="49.403960000000005" lon="8.72761">
    <ele>562.1</ele>
   </trkpt>
   <trkpt lat="49.40397" lon="8.72747">
    <ele>561.4</ele>
   </trkpt>
   <trkpt lat="49.40393" lon="8.72737">
    <ele>559.7700000000001</ele>
   </trkpt>
   <trkpt lat="49.40384" lon="8.727260000000001">
    <ele>559.7700000000001</ele>
   </trkpt>
   <trkpt lat="49.40377" lon="8.72722">
    <ele>559.7700000000001</ele>
   </trkpt>
   <trkpt lat="49.403490000000005" lon="8.727120000000001">
    <ele>554.3100000000001</ele>
   </trkpt>
   <trkpt lat="49.40348" lon="8.727120000000001">
    <ele>554.2600000000001</ele>
   </trkpt>
   <trkpt lat="49.40343000000001" lon="8.727110000000001">
    <ele>554.15</ele>
   </trkpt>
   <trkpt lat="49.40288" lon="8.72715">
    <ele>552.7800000000001</ele>
   </trkpt>
   <trkpt lat="49.402170000000005" lon="8.727170000000001">
    <ele>552.1</ele>
   </trkpt>
   <trkpt lat="49.401770000000006" lon="8.72728">
    <ele>551.84</ele>
   </trkpt>
   <trkpt lat="49.40144" lon="8.72733">
    <ele>551.4300000000001</ele>
   </trkpt>
   <trkpt lat="49.400830000000006" lon="8.727350000000001">
    <ele>551.25</ele>
   </trkpt>
   <trkpt lat="49.400690000000004" lon="8.727310000000001">
    <ele>551.24</ele>
   </trkpt>
   <trkpt lat="49.400650000000006" lon="8.727390000000002">
    <ele>551.36</ele>
   </trkpt>
   <trkpt lat="49.40044" lon="8.727540000000001">
    <ele>551.98</ele>
   </trkpt>
   <trkpt lat="49.400000000000006" lon="8.72798">
    <ele>552.88</ele>
   </trkpt>
   <trkpt lat="49.39949000000001" lon="8.72865">
    <ele>550.8000000000001</ele>
   </trkpt>
   <trkpt lat="49.399370000000005" lon="8.72878">
    <ele>549.1700000000001</ele>
   </trkpt>
   <trkpt lat="49.39912" lon="8.72898">
    <ele>547.59</ele>
   </trkpt>
   <trkpt lat="49.39887" lon="8.72912">
    <ele>545.5300000000001</ele>
   </trkpt>
   <trkpt lat="49.39851" lon="8.729280000000001">
    <ele>543.6700000000001</ele>
   </trkpt>
   <trkpt lat="49.39824" lon="8.729360000000002">
    <ele>543.13</ele>
   </trkpt>
   <trkpt lat="49.398010000000006" lon="8.729360000000002">
    <ele>540.79</ele>
   </trkpt>
   <trkpt lat="49.397800000000004" lon="8.7293">
    <ele>540.27</ele>
   </trkpt>
   <trkpt lat="49.397540000000006" lon="8.729190000000001">
    <ele>537.82</ele>
   </trkpt>
   <trkpt lat="49.397380000000005" lon="8.72916">
    <ele>537.82</ele>
   </trkpt>
   <trkpt lat="49.397130000000004" lon="8.72916">
    <ele>536.37</ele>
   </trkpt>
   <trkpt lat="49.39694" lon="8.7292">
    <ele>534.99</ele>
   </trkpt>
   <trkpt lat="49.396660000000004" lon="8.729320000000001">
    <ele>532.33</ele>
   </trkpt>
   <trkpt lat="49.396140000296874" lon="8.729600002986647">
    <ele>529.57</ele>
   </trkpt>
   <trkpt lat="49.39562" lon="8.729880000000001">
    <ele>526.34</ele>
   </trkpt>
   <trkpt lat="49.39491" lon="8.73018">
    <ele>522.6899999999999</ele>
   </trkpt>
   <trkpt lat="49.3942650006196" lon="8.730550004841879">
    <ele>517.6800000000001</ele>
   </trkpt>
   <trkpt lat="49.393620000000006" lon="8.730920000000001">
    <ele>513.3199999999999</ele>
   </trkpt>
   <trkpt lat="49.39340000000001" lon="8.731060000000001">
    <ele>510.99000000000007</ele>
   </trkpt>
   <trkpt lat="49.39327" lon="8.73122">
    <ele>510.99000000000007</ele>
   </trkpt>
   <trkpt lat="49.392970000000005" lon="8.731760000000001">
    <ele>507.82000000000005</ele>
   </trkpt>
   <trkpt lat="49.39242" lon="8.73253">
    <ele>503.04</ele>
   </trkpt>
   <trkpt lat="49.392070000000004" lon="8.7332">
    <ele>499.2300000000001</ele>
   </trkpt>
   <trkpt lat="49.39168" lon="8.73381">
    <ele>495.61</ele>
   </trkpt>
   <trkpt lat="49.391290000000005" lon="8.73455">
    <ele>491.64</ele>
   </trkpt>
   <trkpt lat="49.39083" lon="8.73522">
    <ele>489.37</ele>
   </trkpt>
   <trkpt lat="49.39078000000001" lon="8.73527">
    <ele>488.92</ele>
   </trkpt>
   <trkpt lat="49.39054" lon="8.73567">
    <ele>487.94000000000005</ele>
   </trkpt>
   <trkpt lat="49.39036" lon="8.73586">
    <ele>487.68000000000006</ele>
   </trkpt>
   <trkpt lat="49.390280000000004" lon="8.73592">
    <ele>487.68000000000006</ele>
   </trkpt>
   <trkpt lat="49.39005" lon="8.736">
    <ele>487.18000000000006</ele>
   </trkpt>
   <trkpt lat="49.38942" lon="8.735090000000001">
    <ele>483.26</ele>
   </trkpt>
   <trkpt lat="49.38928000000001" lon="8.73478">
    <ele>482.25</ele>
   </trkpt>
   <trkpt lat="49.389030000000005" lon="8.734">
    <ele>479.42</ele>
   </trkpt>
   <trkpt lat="49.38890000000001" lon="8.73304">
    <ele>477.06</ele>
   </trkpt>
   <trkpt lat="49.388850000000005" lon="8.73216">
    <ele>474.39000000000004</ele>
   </trkpt>
   <trkpt lat="49.38888000000001" lon="8.73154">
    <ele>473.26</ele>
   </trkpt>
   <trkpt lat="49.38884" lon="8.731380000000001">
    <ele>473.12</ele>
   </trkpt>
   <trkpt lat="49.388740000000006" lon="8.73127">
    <ele>473.03000000000003</ele>
   </trkpt>
   <trkpt lat="49.3883" lon="8.731100000000001">
    <ele>473.19000000000005</ele>
   </trkpt>
   <trkpt lat="49.38801" lon="8.731010000000001">
    <ele>473.51000000000005</ele>
   </trkpt>
   <trkpt lat="49.38756" lon="8.731020000000001">
    <ele>474.65000000000003</ele>
   </trkpt>
   <trkpt lat="49.38720000000001" lon="8.731100000000001">
    <ele>476.1</ele>
   </trkpt>
   <trkpt lat="49.386970000000005" lon="8.73118">
    <ele>476.1</ele>
   </trkpt>
   <trkpt lat="49.38676" lon="8.73131">
    <ele>476.65000000000003</ele>
   </trkpt>
   <trkpt lat="49.38636" lon="8.731720000000001">
    <ele>478.02000000000004</ele>
   </trkpt>
   <trkpt lat="49.38613" lon="8.732040000000001">
    <ele>478.48</ele>
   </trkpt>
   <trkpt lat="49.38559" lon="8.73291">
    <ele>479.24000000000007</ele>
   </trkpt>
   <trkpt lat="49.38528" lon="8.733310000000001">
    <ele>479.49</ele>
   </trkpt>
   <trkpt lat="49.38515" lon="8.73343">
    <ele>479.49</ele>
   </trkpt>
   <trkpt lat="49.38497" lon="8.73353">
    <ele>479.62000000000006</ele>
   </trkpt>
   <trkpt lat="49.38486" lon="8.73357">
    <ele>479.62000000000006</ele>
   </trkpt>
   <trkpt lat="49.384710000000005" lon="8.73357">
    <ele>479.69000000000005</ele>
   </trkpt>
   <trkpt lat="49.384620000000005" lon="8.73351">
    <ele>479.76</ele>
   </trkpt>
   <trkpt lat="49.384510000000006" lon="8.73332">
    <ele>479.52000000000004</ele>
   </trkpt>
   <trkpt lat="49.384370000000004" lon="8.732850000000001">
    <ele>479.32</ele>
   </trkpt>
   <trkpt lat="49.384310000000006" lon="8.73249">
    <ele>479.23</ele>
   </trkpt>
   <trkpt lat="49.384260000000005" lon="8.73203">
    <ele>478.79</ele>
   </trkpt>
   <trkpt lat="49.38420000000001" lon="8.730830000000001">
    <ele>477.97</ele>
   </trkpt>
   <trkpt lat="49.38410000223199" lon="8.730114998740856">
    <ele>477.13000000000005</ele>
   </trkpt>
   <trkpt lat="49.38400000000001" lon="8.7294">
    <ele>476.83000000000004</ele>
   </trkpt>
   <trkpt lat="49.3838" lon="8.72851">
    <ele>476.1</ele>
   </trkpt>
   <trkpt lat="49.383700000000005" lon="8.72788">
    <ele>475.66</ele>
   </trkpt>
   <trkpt lat="49.38367" lon="8.727770000000001">
    <ele>475.31000000000006</ele>
   </trkpt>
   <trkpt lat="49.383590000000005" lon="8.72761">
    <ele>475.31000000000006</ele>
   </trkpt>
   <trkpt lat="49.38351" lon="8.72752">
    <ele>475.1</ele>
   </trkpt>
   <trkpt lat="49.383370000000006" lon="8.72741">
    <ele>474.97</ele>
   </trkpt>
   <trkpt lat="49.383160000000004" lon="8.72732">
    <ele>474.81000000000006</ele>
   </trkpt>
   <trkpt lat="49.38297000000001" lon="8.72728">
    <ele>474.69000000000005</ele>
   </trkpt>
   <trkpt lat="49.382600000000004" lon="8.72727">
    <ele>474.25000000000006</ele>
   </trkpt>
   <trkpt lat="49.38183" lon="8.727310000000001">
    <ele>473.25000000000006</ele>
   </trkpt>
   <trkpt lat="49.381710000000005" lon="8.72728">
    <ele>472.97</ele>
   </trkpt>
   <trkpt lat="49.381600000000006" lon="8.72723">
    <ele>472.97</ele>
   </trkpt>
   <trkpt lat="49.381460000000004" lon="8.727110000000001">
    <ele>472.97</ele>
   </trkpt>
   <trkpt lat="49.381350000000005" lon="8.72699">
    <ele>472.17</ele>
   </trkpt>
   <trkpt lat="49.38121" lon="8.726750000000001">
    <ele>471.96000000000004</ele>
   </trkpt>
   <trkpt lat="49.380665004863495" lon="8.725694988422973">
    <ele>470.9200000000001</ele>
   </trkpt>
   <trkpt lat="49.380120000000005" lon="8.72464">
    <ele>470.28000000000003</ele>
   </trkpt>
   <trkpt lat="49.379960000000004" lon="8.724260000000001">
    <ele>469.90000000000003</ele>
   </trkpt>
   <trkpt lat="49.38002" lon="8.72415">
    <ele>469.81000000000006</ele>
   </trkpt>
   <trkpt lat="49.38040667521264" lon="8.723156682206396">
    <ele>467.24</ele>
   </trkpt>
   <trkpt lat="49.380793341915215" lon="8.722163348781075">
    <ele>463.97</ele>
   </trkpt>
   <trkpt lat="49.38118" lon="8.72117">
    <ele>461.77</ele>
   </trkpt>
   <trkpt lat="49.38132" lon="8.72086">
    <ele>461.28000000000003</ele>
   </trkpt>
   <trkpt lat="49.381640000000004" lon="8.72025">
    <ele>459.05</ele>
   </trkpt>
   <trkpt lat="49.38188" lon="8.71986">
    <ele>458.18</ele>
   </trkpt>
   <trkpt lat="49.38188" lon="8.719850000000001">
    <ele>458.18</ele>
   </trkpt>
   <trkpt lat="49.38188" lon="8.71977">
    <ele>457.63000000000005</ele>
   </trkpt>
   <trkpt lat="49.381910000000005" lon="8.71967">
    <ele>457.32000000000005</ele>
   </trkpt>
   <trkpt lat="49.382130000000004" lon="8.71922">
    <ele>454.04</ele>
   </trkpt>
   <trkpt lat="49.38242500191104" lon="8.71855500398325">
    <ele>443.92</ele>
   </trkpt>
   <trkpt lat="49.382720000000006" lon="8.71789">
    <ele>443.92</ele>
   </trkpt>
   <trkpt lat="49.382920000000006" lon="8.71747">
    <ele>438.07</ele>
   </trkpt>
   <trkpt lat="49.383030000000005" lon="8.71729">
    <ele>436.00000000000006</ele>
   </trkpt>
   <trkpt lat="49.38322" lon="8.71705">
    <ele>434.01000000000005</ele>
   </trkpt>
   <trkpt lat="49.38367" lon="8.71658">
    <ele>427.94000000000005</ele>
   </trkpt>
   <trkpt lat="49.38414" lon="8.716270000000002">
    <ele>421.83000000000004</ele>
   </trkpt>
   <trkpt lat="49.38482333471254" lon="8.715866677899344">
    <ele>413.62000000000006</ele>
   </trkpt>
   <trkpt lat="49.3855066680221" lon="8.71546334458025">
    <ele>403.9200000000001</ele>
   </trkpt>
   <trkpt lat="49.386190000000006" lon="8.715060000000001">
    <ele>397.37000000000006</ele>
   </trkpt>
   <trkpt lat="49.386950000839015" lon="8.714590007340584">
    <ele>388.70000000000005</ele>
   </trkpt>
   <trkpt lat="49.387710000000006" lon="8.714120000000001">
    <ele>381.99000000000007</ele>
   </trkpt>
   <trkpt lat="49.388290000000005" lon="8.71382">
    <ele>372.50000000000006</ele>
   </trkpt>
   <trkpt lat="49.388650000000005" lon="8.713560000000001">
    <ele>372.50000000000006</ele>
   </trkpt>
   <trkpt lat="49.38899000000001" lon="8.713270000000001">
    <ele>365.39000000000004</ele>
   </trkpt>
   <trkpt lat="49.38935000000001" lon="8.71287">
    <ele>363.25</ele>
   </trkpt>
   <trkpt lat="49.38946000000001" lon="8.71277">
    <ele>362.45000000000005</ele>
   </trkpt>
   <trkpt lat="49.38964000000001" lon="8.71269">
    <ele>361.04</ele>
   </trkpt>
   <trkpt lat="49.390150000000006" lon="8.71259">
    <ele>357.94000000000005</ele>
   </trkpt>
   <trkpt lat="49.39058000000001" lon="8.712480000000001">
    <ele>356.15000000000003</ele>
   </trkpt>
   <trkpt lat="49.39067000000001" lon="8.71242">
    <ele>355.75</ele>
   </trkpt>
   <trkpt lat="49.390750000000004" lon="8.712340000000001">
    <ele>355.2</ele>
   </trkpt>
   <trkpt lat="49.39081" lon="8.712250000000001">
    <ele>354.46000000000004</ele>
   </trkpt>
   <trkpt lat="49.390820000000005" lon="8.71218">
    <ele>354.04</ele>
   </trkpt>
   <trkpt lat="49.39081" lon="8.71213">
    <ele>354.04</ele>
   </trkpt>
   <trkpt lat="49.39076000000001" lon="8.71209">
    <ele>352.90999999999997</ele>
   </trkpt>
   <trkpt lat="49.39045" lon="8.712140000000002">
    <ele>349.57000000000005</ele>
   </trkpt>
   <trkpt lat="49.39031000000001" lon="8.71213">
    <ele>348.74000000000007</ele>
   </trkpt>
   <trkpt lat="49.39025" lon="8.712110000000001">
    <ele>347.16</ele>
   </trkpt>
   <trkpt lat="49.38954500048579" lon="8.711764995035571">
    <ele>342.79</ele>
   </trkpt>
   <trkpt lat="49.38884" lon="8.71142">
    <ele>334.79</ele>
   </trkpt>
   <trkpt lat="49.38873" lon="8.71134">
    <ele>333.53000000000003</ele>
   </trkpt>
   <trkpt lat="49.38861000000001" lon="8.71122">
    <ele>331.94</ele>
   </trkpt>
   <trkpt lat="49.388510000000004" lon="8.71105">
    <ele>328.6</ele>
   </trkpt>
   <trkpt lat="49.388450000000006" lon="8.71087">
    <ele>325.52000000000004</ele>
   </trkpt>
   <trkpt lat="49.38842" lon="8.710640000000001">
    <ele>323.49</ele>
   </trkpt>
   <trkpt lat="49.388400000000004" lon="8.71043">
    <ele>323.07</ele>
   </trkpt>
   <trkpt lat="49.38843000000001" lon="8.71019">
    <ele>321.28000000000003</ele>
   </trkpt>
   <trkpt lat="49.388650000000005" lon="8.70968">
    <ele>317.89</ele>
   </trkpt>
   <trkpt lat="49.388690000000004" lon="8.709470000000001">
    <ele>316.98</ele>
   </trkpt>
   <trkpt lat="49.38871" lon="8.708530000000001">
    <ele>312.34</ele>
   </trkpt>
   <trkpt lat="49.38875" lon="8.70804">
    <ele>311.15000000000003</ele>
   </trkpt>
   <trkpt lat="49.388850000000005" lon="8.707650000000001">
    <ele>310.22</ele>
   </trkpt>
   <trkpt lat="49.388960000000004" lon="8.707360000000001">
    <ele>309.17</ele>
   </trkpt>
   <trkpt lat="49.389480000000006" lon="8.70646">
    <ele>303.53000000000003</ele>
   </trkpt>
   <trkpt lat="49.3896" lon="8.706180000000002">
    <ele>303.53000000000003</ele>
   </trkpt>
   <trkpt lat="49.38978" lon="8.705680000000001">
    <ele>299.81</ele>
   </trkpt>
   <trkpt lat="49.389880000000005" lon="8.705300000000001">
    <ele>298.83000000000004</ele>
   </trkpt>
   <trkpt lat="49.39" lon="8.704780000000001">
    <ele>296.31</ele>
   </trkpt>
   <trkpt lat="49.390130000000006" lon="8.70451">
    <ele>294.53000000000003</ele>
   </trkpt>
   <trkpt lat="49.3904450014176" lon="8.703930003779886">
    <ele>292.33000000000004</ele>
   </trkpt>
   <trkpt lat="49.39076000000001" lon="8.70335">
    <ele>289.8</ele>
   </trkpt>
   <trkpt lat="49.39115500049636" lon="8.702990002951683">
    <ele>287.3</ele>
   </trkpt>
   <trkpt lat="49.39155" lon="8.702630000000001">
    <ele>285.26</ele>
   </trkpt>
   <trkpt lat="49.391670000000005" lon="8.702580000000001">
    <ele>284.76</ele>
   </trkpt>
   <trkpt lat="49.391780000000004" lon="8.7026">
    <ele>284.39000000000004</ele>
   </trkpt>
   <trkpt lat="49.39186" lon="8.702670000000001">
    <ele>284.39000000000004</ele>
   </trkpt>
   <trkpt lat="49.392050000000005" lon="8.70287">
    <ele>282.77000000000004</ele>
   </trkpt>
   <trkpt lat="49.39209" lon="8.702900000000001">
    <ele>282.01000000000005</ele>
   </trkpt>
   <trkpt lat="49.39215" lon="8.702900000000001">
    <ele>282.01000000000005</ele>
   </trkpt>
   <trkpt lat="49.39266000000001" lon="8.70273">
    <ele>276.99</ele>
   </trkpt>
   <trkpt lat="49.39302000000001" lon="8.70254">
    <ele>274.66</ele>
   </trkpt>
   <trkpt lat="49.39309" lon="8.70254">
    <ele>273.99</ele>
   </trkpt>
   <trkpt lat="49.393130000000006" lon="8.70259">
    <ele>273.99</ele>
   </trkpt>
   <trkpt lat="49.39314" lon="8.7027">
    <ele>272.88</ele>
   </trkpt>
   <trkpt lat="49.393100000000004" lon="8.70278">
    <ele>271.84000000000003</ele>
   </trkpt>
   <trkpt lat="49.39287" lon="8.70297">
    <ele>269.37</ele>
   </trkpt>
   <trkpt lat="49.39274" lon="8.70317">
    <ele>268.79</ele>
   </trkpt>
   <trkpt lat="49.39267" lon="8.703380000000001">
    <ele>267.47</ele>
   </trkpt>
   <trkpt lat="49.39269" lon="8.70349">
    <ele>266.82</ele>
   </trkpt>
   <trkpt lat="49.39273000000001" lon="8.70354">
    <ele>266.45</ele>
   </trkpt>
   <trkpt lat="49.392830000000004" lon="8.703560000000001">
    <ele>265.66</ele>
   </trkpt>
   <trkpt lat="49.39312" lon="8.7035">
    <ele>264.82</ele>
   </trkpt>
   <trkpt lat="49.393600000000006" lon="8.70354">
    <ele>257.53000000000003</ele>
   </trkpt>
   <trkpt lat="49.393820000000005" lon="8.70353">
    <ele>255.69000000000003</ele>
   </trkpt>
   <trkpt lat="49.3943" lon="8.703420000000001">
    <ele>250.98000000000002</ele>
   </trkpt>
   <trkpt lat="49.39443000000001" lon="8.70341">
    <ele>250.98000000000002</ele>
   </trkpt>
   <trkpt lat="49.39452000000001" lon="8.70343">
    <ele>250.98000000000002</ele>
   </trkpt>
   <trkpt lat="49.394670000000005" lon="8.70355">
    <ele>244.1</ele>
   </trkpt>
   <trkpt lat="49.394920000000006" lon="8.703850000000001">
    <ele>242.54000000000002</ele>
   </trkpt>
   <trkpt lat="49.39499000000001" lon="8.70387">
    <ele>242.54000000000002</ele>
   </trkpt>
   <trkpt lat="49.395050000000005" lon="8.70383">
    <ele>241.44</ele>
   </trkpt>
   <trkpt lat="49.395120000000006" lon="8.703650000000001">
    <ele>238.84000000000003</ele>
   </trkpt>
   <trkpt lat="49.39513" lon="8.703520000000001">
    <ele>238.84000000000003</ele>
   </trkpt>
   <trkpt lat="49.395120000000006" lon="8.703420000000001">
    <ele>236.76000000000002</ele>
   </trkpt>
   <trkpt lat="49.394980000000004" lon="8.702720000000001">
    <ele>229.75</ele>
   </trkpt>
   <trkpt lat="49.394980000000004" lon="8.70251">
    <ele>229.75</ele>
   </trkpt>
   <trkpt lat="49.39502" lon="8.70209">
    <ele>225.25</ele>
   </trkpt>
   <trkpt lat="49.39499000000001" lon="8.701300000000002">
    <ele>221.95000000000002</ele>
   </trkpt>
   <trkpt lat="49.395120000000006" lon="8.70073">
    <ele>219.9</ele>
   </trkpt>
   <trkpt lat="49.395395002587854" lon="8.699965004104245">
    <ele>214.34000000000003</ele>
   </trkpt>
   <trkpt lat="49.39567" lon="8.699200000000001">
    <ele>209.57</ele>
   </trkpt>
   <trkpt lat="49.396010000000004" lon="8.698030000000001">
    <ele>203.40000000000003</ele>
   </trkpt>
   <trkpt lat="49.39611000000001" lon="8.697320000000001">
    <ele>200.08</ele>
   </trkpt>
   <trkpt lat="49.396100000000004" lon="8.6971">
    <ele>199.05</ele>
   </trkpt>
   <trkpt lat="49.39605" lon="8.696670000000001">
    <ele>197.46</ele>
   </trkpt>
   <trkpt lat="49.39607" lon="8.696610000000002">
    <ele>197.46</ele>
   </trkpt>
   <trkpt lat="49.39612" lon="8.696570000000001">
    <ele>197.46</ele>
   </trkpt>
   <trkpt lat="49.396170000000005" lon="8.6966">
    <ele>197.46</ele>
   </trkpt>
   <trkpt lat="49.39621" lon="8.69668">
    <ele>196.15</ele>
   </trkpt>
   <trkpt lat="49.39625" lon="8.69721">
    <ele>193.61</ele>
   </trkpt>
   <trkpt lat="49.396280000000004" lon="8.698080000000001">
    <ele>189.41000000000003</ele>
   </trkpt>
   <trkpt lat="49.396260000000005" lon="8.69839">
    <ele>187.97000000000003</ele>
   </trkpt>
   <trkpt lat="49.39621" lon="8.69876">
    <ele>186.17</ele>
   </trkpt>
   <trkpt lat="49.39622000000001" lon="8.698830000000001">
    <ele>185.72000000000003</ele>
   </trkpt>
   <trkpt lat="49.396300000000004" lon="8.698910000000001">
    <ele>185.25000000000003</ele>
   </trkpt>
   <trkpt lat="49.396350000000005" lon="8.698910000000001">
    <ele>184.23</ele>
   </trkpt>
   <trkpt lat="49.396480000000004" lon="8.6988">
    <ele>181.97000000000003</ele>
   </trkpt>
   <trkpt lat="49.39658000000001" lon="8.69865">
    <ele>181.97000000000003</ele>
   </trkpt>
   <trkpt lat="49.396660000000004" lon="8.69848">
    <ele>176.66</ele>
   </trkpt>
   <trkpt lat="49.3967" lon="8.69828">
    <ele>176.66</ele>
   </trkpt>
   <trkpt lat="49.396730000000005" lon="8.69787">
    <ele>174.16</ele>
   </trkpt>
   <trkpt lat="49.396750000000004" lon="8.69682">
    <ele>165.72</ele>
   </trkpt>
   <trkpt lat="49.396800000000006" lon="8.69608">
    <ele>158.68</ele>
   </trkpt>
   <trkpt lat="49.39678000000001" lon="8.69537">
    <ele>153.82000000000002</ele>
   </trkpt>
   <trkpt lat="49.39683" lon="8.69505">
    <ele>151.3</ele>
   </trkpt>
   <trkpt lat="49.396950000000004" lon="8.69468">
    <ele>148.45</ele>
   </trkpt>
   <trkpt lat="49.397020000000005" lon="8.69454">
    <ele>147.13</ele>
   </trkpt>
   <trkpt lat="49.397220000000004" lon="8.6943">
    <ele>145.16</ele>
   </trkpt>
   <trkpt lat="49.397400000000005" lon="8.694170000000002">
    <ele>141.95000000000002</ele>
   </trkpt>
   <trkpt lat="49.397490000000005" lon="8.69405">
    <ele>141.06</ele>
   </trkpt>
   <trkpt lat="49.397560000000006" lon="8.69392">
    <ele>140.23000000000002</ele>
   </trkpt>
   <trkpt lat="49.397690000000004" lon="8.6935">
    <ele>137.12</ele>
   </trkpt>
   <trkpt lat="49.39781000000001" lon="8.69325">
    <ele>136.36</ele>
   </trkpt>
   <trkpt lat="49.397890000000004" lon="8.693140000000001">
    <ele>133.88</ele>
   </trkpt>
   <trkpt lat="49.39838" lon="8.69283">
    <ele>130.99</ele>
   </trkpt>
   <trkpt lat="49.398810000000005" lon="8.692400000000001">
    <ele>128.78</ele>
   </trkpt>
   <trkpt lat="49.39914" lon="8.69222">
    <ele>125.80000000000003</ele>
   </trkpt>
   <trkpt lat="49.39931000000001" lon="8.6921">
    <ele>125.27000000000002</ele>
   </trkpt>
   <trkpt lat="49.39959" lon="8.6918">
    <ele>123.21000000000001</ele>
   </trkpt>
   <trkpt lat="49.39976" lon="8.691790000000001">
    <ele>122.9</ele>
   </trkpt>
   <trkpt lat="49.40005000000001" lon="8.691840000000001">
    <ele>122.4</ele>
   </trkpt>
   <trkpt lat="49.40073000006892" lon="8.692049997054628">
    <ele>121.16</ele>
   </trkpt>
   <trkpt lat="49.401410000000006" lon="8.692260000000001">
    <ele>120.41</ele>
   </trkpt>
   <trkpt lat="49.40184000015716" lon="8.692469998144974">
    <ele>120.63000000000001</ele>
   </trkpt>
   <trkpt lat="49.40227" lon="8.692680000000001">
    <ele>120.65</ele>
   </trkpt>
   <trkpt lat="49.40299000029707" lon="8.692919996497126">
    <ele>120.92000000000002</ele>
   </trkpt>
   <trkpt lat="49.403710000000004" lon="8.69316">
    <ele>121.06000000000002</ele>
   </trkpt>
   <trkpt lat="49.404255000275604" lon="8.6933499979329">
    <ele>121.41</ele>
   </trkpt>
   <trkpt lat="49.4048" lon="8.69354">
    <ele>121.37</ele>
   </trkpt>
   <trkpt lat="49.40536500031114" lon="8.693804996954468">
    <ele>121.26</ele>
   </trkpt>
   <trkpt lat="49.405930000000005" lon="8.69407">
    <ele>120.06000000000002</ele>
   </trkpt>
   <trkpt lat="49.40654000000001" lon="8.694180000000001">
    <ele>118.02000000000001</ele>
   </trkpt>
   <trkpt lat="49.406800000000004" lon="8.6942">
    <ele>117.29</ele>
   </trkpt>
   <trkpt lat="49.40686" lon="8.69429">
    <ele>117.21000000000001</ele>
   </trkpt>
   <trkpt lat="49.40688" lon="8.6943">
    <ele>117.21000000000001</ele>
   </trkpt>
   <trkpt lat="49.40701000000001" lon="8.69433">
    <ele>117.07000000000001</ele>
   </trkpt>
   <trkpt lat="49.40746000000001" lon="8.694410000000001">
    <ele>116.58</ele>
   </trkpt>
   <trkpt lat="49.40751" lon="8.694450000000002">
    <ele>116.58</ele>
   </trkpt>
   <trkpt lat="49.4076" lon="8.69443">
    <ele>116.63000000000001</ele>
   </trkpt>
   <trkpt lat="49.40815500003722" lon="8.694215002493326">
    <ele>116.28</ele>
   </trkpt>
   <trkpt lat="49.408710000000006" lon="8.694">
    <ele>116.73000000000002</ele>
   </trkpt>
   <trkpt lat="49.40876" lon="8.69386">
    <ele>117.02000000000001</ele>
   </trkpt>
   <trkpt lat="49.409600000000005" lon="8.69355">
    <ele>117.70000000000002</ele>
   </trkpt>
   <trkpt lat="49.41015000037249" lon="8.693335002341103">
    <ele>117.33</ele>
   </trkpt>
   <trkpt lat="49.410700000000006" lon="8.69312">
    <ele>117.29</ele>
   </trkpt>
   <trkpt lat="49.411170000000006" lon="8.69292">
    <ele>117.61</ele>
   </trkpt>
   <trkpt lat="49.41132" lon="8.69302">
    <ele>117.38000000000001</ele>
   </trkpt>
   <trkpt lat="49.411530000000006" lon="8.692950000000002">
    <ele>117.20000000000002</ele>
   </trkpt>
   <trkpt lat="49.41238500015425" lon="8.69272000402602">
    <ele>118.27000000000001</ele>
   </trkpt>
   <trkpt lat="49.41324" lon="8.692490000000001">
    <ele>117.96000000000001</ele>
   </trkpt>
   <trkpt lat="49.41349" lon="8.69243">
    <ele>117.92</ele>
   </trkpt>
   <trkpt lat="49.413630000000005" lon="8.69242">
    <ele>117.77000000000001</ele>
   </trkpt>
   <trkpt lat="49.41376" lon="8.692390000000001">
    <ele>117.43</ele>
   </trkpt>
   <trkpt lat="49.4138" lon="8.692440000000001">
    <ele>117.43</ele>
   </trkpt>
   <trkpt lat="49.413810000000005" lon="8.693050000000001">
    <ele>115.86</ele>
   </trkpt>
   <trkpt lat="49.4138" lon="8.69336">
    <ele>115.38000000000001</ele>
   </trkpt>
   <trkpt lat="49.413790000000006" lon="8.69345">
    <ele>114.80000000000001</ele>
   </trkpt>
   <trkpt lat="49.41369" lon="8.693370000000002">
    <ele>113.85000000000001</ele>
   </trkpt>
   <trkpt lat="49.41364" lon="8.693280000000001">
    <ele>113.85000000000001</ele>
   </trkpt>
   <trkpt lat="49.41357000000001" lon="8.693090000000002">
    <ele>112.74000000000001</ele>
   </trkpt>
   <trkpt lat="49.413500000000006" lon="8.692820000000001">
    <ele>111.89</ele>
   </trkpt>
   <trkpt lat="49.41342" lon="8.692590000000001">
    <ele>111.23</ele>
   </trkpt>
   <trkpt lat="49.413360000000004" lon="8.69255">
    <ele>111.23</ele>
   </trkpt>
   <trkpt lat="49.413340000000005" lon="8.691780000000001">
    <ele>111.19000000000001</ele>
   </trkpt>
  </trkseg>
 </trk>
</gpx>
